movieId,title,rating_count,mean_rating,median_rating,std_rating,bayesian_score
318,"Shawshank Redemption, The (1994)",317,4.429022082018927,4.5,0.7118931016352927,4.35623023255814
858,"Godfather, The (1972)",192,4.2890625,4.5,0.9019857469829646,4.19197808219178
2959,Fight Club (1999),218,4.272935779816514,4.5,0.8594064548229576,4.187931428571429
260,Star Wars: Episode IV - A New Hope (1977),251,4.231075697211155,4.5,0.8702648989071843,4.160227338129497
50,"Usual Suspects, The (1995)",204,4.237745098039215,4.5,0.7989556993568507,4.151702164502164
527,Schindler's List (1993),220,4.225,4.5,0.9737754547962462,4.145923886639675
296,Pulp Fiction (1994),307,4.197068403908795,4.5,0.9504453980131069,4.140847904191617
1196,Star Wars: Episode V - The Empire Strikes Back (1980),211,4.2156398104265405,4.5,0.84016018734861,4.134635294117647
2571,"Matrix, The (1999)",278,4.192446043165468,4.5,0.9734869031917082,4.131289180327869
1221,"Godfather: Part II, The (1974)",129,4.25968992248062,4.5,0.7999534269238935,4.128482051282051
58559,"Dark Knight, The (2008)",149,4.238255033557047,4.5,0.7225604468744571,4.125245454545454
1198,Raiders of the Lost Ark (Indiana Jones and the Raiders of the Lost Ark) (1981),200,4.2075,4.0,0.7925867460410879,4.123538325991189
1213,Goodfellas (1990),126,4.25,4.0,0.6806567789963239,4.117929411764706
1197,"Princess Bride, The (1987)",142,4.232394366197183,4.5,0.8107160194504686,4.1156402366863905
356,Forrest Gump (1994),329,4.164133738601824,4.0,0.8299792690044783,4.113885393258427
593,"Silence of the Lambs, The (1991)",279,4.161290322580645,4.0,0.852451525827036,4.103082352941176
750,Dr. Strangelove or: How I Learned to Stop Worrying and Love the Bomb (1964),97,4.268041237113402,4.5,0.8029002058584501,4.101154838709677
48516,"Departed, The (2006)",107,4.252336448598131,4.5,0.6882655695870428,4.101068656716418
2329,American History X (1998),129,4.217054263565892,4.0,0.6405090067697251,4.093225641025641
1193,One Flew Over the Cuckoo's Nest (1975),133,4.203007518796992,4.0,0.7560224217568596,4.084645
912,Casablanca (1942),100,4.24,4.5,0.8957678270623476,4.083017322834646
1089,Reservoir Dogs (1992),131,4.202290076335878,4.0,0.7857962023202391,4.082551898734177
904,Rear Window (1954),84,4.261904761904762,4.5,0.7810104508027013,4.076965765765766
1208,Apocalypse Now (1979),107,4.219626168224299,4.5,0.8293043196814587,4.074949253731343
2028,Saving Private Ryan (1998),188,4.1462765957446805,4.0,0.8096078431345679,4.065317209302325
1210,Star Wars: Episode VI - Return of the Jedi (1983),196,4.137755102040816,4.0,0.8639037297701081,4.060731838565022
4973,"Amelie (Fabuleux destin d'Amélie Poulain, Le) (2001)",120,4.183333333333334,4.0,0.8825468196582487,4.058117006802721
1136,Monty Python and the Holy Grail (1975),136,4.161764705882353,4.0,0.9031854431049465,4.0524122699386504
7361,Eternal Sunshine of the Spotless Mind (2004),131,4.1603053435114505,4.0,0.7722950222692286,4.047741772151899
7153,"Lord of the Rings: The Return of the King, The (2003)",185,4.118918918918919,4.0,0.8475203379008602,4.040298113207547
608,Fargo (1996),181,4.116022099447513,4.0,0.8262393534109073,4.036265384615384
4993,"Lord of the Rings: The Fellowship of the Ring, The (2001)",198,4.106060606060606,4.5,0.9327723619164475,4.033525333333333
4226,Memento (2000),159,4.122641509433962,4.5,0.901984153056481,4.032490322580645
1276,Cool Hand Luke (1967),57,4.271929824561403,4.0,0.6146613347843808,4.02432380952381
3147,"Green Mile, The (1999)",111,4.148648648648648,4.0,0.7308966312422277,4.0220521739130435
4011,Snatch (2000),93,4.155913978494624,4.5,0.7896456760317057,4.008693333333333
1225,Amadeus (1984),76,4.184210526315789,4.0,0.7471089245567574,4.005273786407767
1204,Lawrence of Arabia (1962),45,4.3,4.5,0.8259674462242578,4.0006
5618,Spirited Away (Sen to Chihiro no kamikakushi) (2001),87,4.155172413793103,4.0,0.7962207602223873,4.000378947368421
2324,Life Is Beautiful (La Vita è bella) (1997),88,4.1477272727272725,4.5,1.0312147815173298,3.9960278260869564
541,Blade Runner (1982),124,4.100806451612903,4.0,0.9503391557365816,3.99366357615894
2858,American Beauty (1999),204,4.056372549019608,4.0,0.9678704025380611,3.991529004329004
1252,Chinatown (1974),59,4.211864406779661,4.5,0.7713261188462884,3.988874418604651
68157,Inglourious Basterds (2009),88,4.136363636363637,4.0,0.8143851303258598,3.987332173913044
1704,Good Will Hunting (1997),141,4.078014184397163,4.0,0.7747882070322507,3.9853761904761904
111,Taxi Driver (1976),104,4.105769230769231,4.0,0.8165154531342933,3.981245801526718
110,Braveheart (1995),237,4.031645569620253,4.0,0.9656825884942102,3.977436363636364
79132,Inception (2010),143,4.066433566433567,4.0,0.9575569187153251,3.9767247058823534
6016,City of God (Cidade de Deus) (2002),75,4.1466666666666665,4.0,0.7649546101276572,3.975913725490196
1222,Full Metal Jacket (1987),102,4.098039215686274,4.0,0.8105892787684071,3.9732031007751933
1201,"Good, the Bad and the Ugly, The (Buono, il brutto, il cattivo, Il) (1966)",72,4.145833333333333,4.0,0.8597379284151394,3.970133333333333
1258,"Shining, The (1980)",109,4.08256880733945,4.0,0.7587827089450513,3.9672294117647064
1199,Brazil (1985),59,4.177966101694915,4.0,0.8324087564616052,3.9656186046511626
1270,Back to the Future (1985),171,4.038011695906433,4.0,0.8719237451790527,3.9648646464646466
908,North by Northwest (1959),57,4.184210526315789,4.0,0.7702333831057963,3.9648000000000003
2502,Office Space (1999),94,4.090425531914893,4.0,0.8054428078981957,3.959034710743801
1291,Indiana Jones and the Last Crusade (1989),140,4.046428571428572,4.0,0.778956326878262,3.9583425149700595
5952,"Lord of the Rings: The Two Towers, The (2002)",188,4.0212765957446805,4.0,0.8900002797543828,3.9560148837209304
3275,"Boondock Saints, The (2000)",43,4.22093023255814,4.5,0.5736695992346051,3.943474285714286
60069,WALL·E (2008),104,4.0576923076923075,4.0,0.8557152100494997,3.9430778625954197
1203,12 Angry Men (1957),57,4.149122807017544,4.0,1.004223153892188,3.9409904761904766
2019,Seven Samurai (Shichinin no samurai) (1954),48,4.1875,4.0,0.7473912964438374,3.940576
1617,L.A. Confidential (1997),97,4.061855670103093,4.0,0.825676017809271,3.939864516129032
293,Léon: The Professional (a.k.a. The Professional) (Léon) (1994),133,4.018796992481203,4.0,0.8592837002905035,3.9315200000000003
457,"Fugitive, The (1993)",190,3.9921052631578946,4.0,0.7838439623679705,3.9310746543778796
778,Trainspotting (1996),102,4.03921568627451,4.0,0.8215428888288875,3.926691472868217
1233,"Boot, Das (Boat, The) (1981)",40,4.2125,4.0,0.6697714162309407,3.9260179104477606
1207,To Kill a Mockingbird (1962),58,4.120689655172414,4.0,0.8575744907204059,3.9240376470588236
589,Terminator 2: Judgment Day (1991),224,3.970982142857143,4.0,0.9247619962353139,3.9204908366533866
898,"Philadelphia Story, The (1940)",29,4.310344827586207,4.5,0.7702864794375405,3.920414285714286
1247,"Graduate, The (1967)",79,4.063291139240507,4.0,0.9048641012993174,3.920218867924528
47,Seven (a.k.a. Se7en) (1995),203,3.9753694581280787,4.0,0.9201543222749019,3.919753043478261
32,Twelve Monkeys (a.k.a. 12 Monkeys) (1995),177,3.983050847457627,4.0,0.7881507804866829,3.919329411764706
922,Sunset Blvd. (a.k.a. Sunset Boulevard) (1950),27,4.333333333333333,4.5,0.6526300069150406,3.9174666666666664
913,"Maltese Falcon, The (1941)",44,4.170454545454546,4.0,0.6210619737245323,3.9161014084507038
1104,"Streetcar Named Desire, A (1951)",20,4.475,4.5,0.6417748826496718,3.9158127659574467
246,Hoop Dreams (1994),29,4.293103448275862,4.5,0.7487603707106366,3.9114857142857145
1228,Raging Bull (1980),40,4.1875,4.0,0.7880950133074056,3.911092537313433
4995,"Beautiful Mind, A (2001)",123,4.0,4.0,0.7677440291587708,3.9102879999999995
78499,Toy Story 3 (2010),55,4.109090909090909,4.0,0.7609259257396936,3.9090634146341463
1206,"Clockwork Orange, A (1971)",120,3.995833333333333,4.0,1.0072566565787602,3.905055782312925
1242,Glory (1989),41,4.170731707317073,4.0,0.6496692976520584,3.9050470588235293
1219,Psycho (1960),83,4.036144578313253,4.0,0.8494616740757746,3.9049381818181814
68954,Up (2009),105,4.004761904761905,4.0,0.8120967514938401,3.901842424242424
57669,In Bruges (2008),41,4.158536585365853,4.0,0.6666170911568997,3.8976941176470583
1214,Alien (1979),146,3.969178082191781,4.0,0.9403850179502876,3.8962034682080926
1267,"Manchurian Candidate, The (1962)",30,4.25,4.0,0.7610300037887248,3.895494736842105
2542,"Lock, Stock & Two Smoking Barrels (1998)",67,4.052238805970149,4.0,0.8730386476469076,3.894076595744681
6711,Lost in Translation (2003),74,4.033783783783784,4.0,0.781245891150627,3.8915168316831688
923,Citizen Kane (1941),69,4.043478260869565,4.0,0.9621049177276956,3.891075
1387,Jaws (1975),91,4.0054945054945055,4.0,0.9153588904475984,3.8901966101694914
1259,Stand by Me (1986),91,4.0054945054945055,4.0,0.7167329168844101,3.8901966101694914
1250,"Bridge on the River Kwai, The (1957)",45,4.122222222222222,4.5,1.1012899282990105,3.8894888888888883
48780,"Prestige, The (2006)",90,4.0055555555555555,4.0,0.7870283223918395,3.8892581196581197
1235,Harold and Maude (1971),26,4.288461538461538,4.5,0.6957712505817517,3.887607547169811
6377,Finding Nemo (2003),141,3.9609929078014185,4.0,0.772007886782684,3.887161904761905
4878,Donnie Darko (2001),109,3.981651376146789,4.0,0.9528484710260274,3.88634705882353
1262,"Great Escape, The (1963)",43,4.127906976744186,4.0,0.8565277609629254,3.886331428571429
475,In the Name of the Father (1993),25,4.3,4.0,0.6164414002968978,3.8854461538461535
5995,"Pianist, The (2002)",46,4.108695652173913,4.5,0.8136942292266478,3.8841534246575335
6874,Kill Bill: Vol. 1 (2003),131,3.9618320610687023,4.0,0.83943438020297,3.883184810126582
1200,Aliens (1986),126,3.9642857142857144,4.0,1.0062869266192458,3.882635294117647
1266,Unforgiven (1992),45,4.111111111111111,4.0,0.714056400580428,3.882544444444444
364,"Lion King, The (1994)",172,3.941860465116279,4.0,0.8349857422928504,3.882126633165829
112852,Guardians of the Galaxy (2014),59,4.0508474576271185,4.0,0.8320635734666832,3.8784093023255815
3578,Gladiator (2000),170,3.9382352941176473,4.0,0.9914382618144307,3.878391878172589
168252,Logan (2017),25,4.28,4.5,0.6337191807101945,3.8758307692307694
8874,Shaun of the Dead (2004),77,4.0064935064935066,4.0,0.9240421734258252,3.875415384615385
1,Toy Story (1995),215,3.9209302325581397,4.0,0.8329153449641142,3.8741454545454546
1265,Groundhog Day (1993),143,3.944055944055944,4.0,0.8468470835305796,3.8737835294117646
74458,Shutter Island (2010),67,4.022388059701493,4.5,0.9321490008885004,3.8728000000000002
81845,"King's Speech, The (2010)",58,4.043103448275862,4.0,0.6583972359700008,3.871096470588235
1172,Cinema Paradiso (Nuovo cinema Paradiso) (1989),34,4.161764705882353,4.0,1.0125723520648238,3.869560655737705
2692,Run Lola Run (Lola rennt) (1998),75,4.0,4.0,0.648074069840786,3.868070588235294
1288,This Is Spinal Tap (1984),66,4.015151515151516,4.0,0.7485829895173106,3.866055913978495
899,Singin' in the Rain (1952),47,4.074468085106383,4.0,0.9729245417169088,3.8654486486486483
953,It's a Wonderful Life (1946),58,4.0344827586206895,4.0,1.0291529366154062,3.8652141176470587
2160,Rosemary's Baby (1968),32,4.171875,4.0,0.7138077362812763,3.865138983050848
91529,"Dark Knight Rises, The (2012)",76,3.9934210526315788,4.0,0.9265577958392399,3.8644970873786404
903,Vertigo (1958),60,4.025,4.0,0.954921462739214,3.8625655172413795
1148,Wallace & Gromit: The Wrong Trousers (1993),56,4.035714285714286,4.0,1.0214535461482206,3.86196626506024
109487,Interstellar (2014),73,3.993150684931507,4.0,0.966894303288838,3.8604320000000003
3681,For a Few Dollars More (Per qualche dollaro in più) (1965),33,4.151515151515151,4.0,0.6213968683154508,3.8590533333333337
2997,Being John Malkovich (1999),99,3.9545454545454546,4.0,0.8935541028961653,3.857485714285714
1278,Young Frankenstein (1974),69,3.9927536231884058,4.0,0.8866675668372425,3.8546166666666664
1215,Army of Darkness (1993),51,4.03921568627451,4.0,0.8565957317177562,3.8531179487179488
6,Heat (1995),102,3.946078431372549,4.0,0.8132085530239246,3.853048062015504
92259,Intouchables (2011),37,4.108108108108108,4.5,1.0209636090553567,3.8522375
1246,Dead Poets Society (1989),86,3.9593023255813953,4.0,0.9376340718986746,3.8499398230088495
27773,Old Boy (2003),39,4.089743589743589,4.0,0.8538885028382929,3.849139393939394
51255,Hot Fuzz (2007),61,4.0,4.0,0.9053574604251852,3.8470818181818185
1653,Gattaca (1997),86,3.953488372093023,4.0,0.8019884697916456,3.8455150442477875
44555,"Lives of Others, The (Das leben der Anderen) (2006)",34,4.117647058823529,4.0,0.6866245605840441,3.844970491803278
1212,"Third Man, The (1949)",24,4.229166666666667,4.5,0.957200417305012,3.84398431372549
926,All About Eve (1950),24,4.229166666666667,4.0,0.8657747814658395,3.84398431372549
31658,Howl's Moving Castle (Hauru no ugoku shiro) (2004),40,4.075,4.0,0.7119515432949073,3.843928358208955
2762,"Sixth Sense, The (1999)",179,3.893854748603352,4.0,0.9527473951755331,3.8424427184466015
1272,Patton (1970),33,4.121212121212121,4.5,1.1808465314181038,3.8423866666666666
5989,Catch Me If You Can (2002),115,3.9217391304347826,4.0,0.7563967912809477,3.8418535211267604
1673,Boogie Nights (1997),39,4.076923076923077,4.0,0.7297563831157798,3.8415636363636363
1090,Platoon (1986),63,3.984126984126984,4.0,0.9299609736147318,3.8393688888888886
1732,"Big Lebowski, The (1998)",106,3.9245283018867925,4.0,1.132271995520737,3.838670676691729
116797,The Imitation Game (2014),50,4.02,4.0,0.7208328516376038,3.838223376623376
1394,Raising Arizona (1987),58,3.9913793103448274,4.0,0.9536290905433614,3.8358023529411764
1234,"Sting, The (1973)",64,3.9765625,4.0,0.9413657278623172,3.8356395604395606
1217,Ran (1985),15,4.433333333333334,4.0,0.5436502143433362,3.834361904761905
3468,"Hustler, The (1961)",18,4.333333333333333,4.5,0.6871842709362768,3.834293333333333
1244,Manhattan (1979),33,4.106060606060606,4.0,0.7462794155166516,3.8340533333333338
49272,Casino Royale (2006),81,3.9444444444444446,4.0,0.8050764858994133,3.8337333333333334
910,Some Like It Hot (1959),50,4.01,4.0,0.8215229759416348,3.83172987012987
933,To Catch a Thief (1955),23,4.217391304347826,4.0,0.818616103641858,3.830864
3949,Requiem for a Dream (2000),96,3.921875,4.0,1.0857220259847054,3.829619512195122
1240,"Terminator, The (1984)",131,3.8969465648854964,4.0,0.846450959094691,3.8293873417721516
56782,There Will Be Blood (2007),28,4.142857142857143,4.5,0.7889543583705185,3.8280581818181814
1080,Monty Python's Life of Brian (1979),89,3.9269662921348316,4.0,1.0640989272401637,3.8279586206896554
2761,"Iron Giant, The (1999)",39,4.051282051282051,4.0,0.7909331700095991,3.8264121212121216
741,Ghost in the Shell (Kôkaku kidôtai) (1995),27,4.148148148148148,4.0,0.6640896695200409,3.824874074074074
1945,On the Waterfront (1954),24,4.1875,4.5,0.9333240326917549,3.824376470588235
6502,28 Days Later (2002),58,3.9741379310344827,4.0,0.7736078363249079,3.8240376470588235
1084,Bonnie and Clyde (1967),35,4.071428571428571,4.0,0.6880911187881312,3.823277419354839
1249,"Femme Nikita, La (Nikita) (1990)",35,4.071428571428571,4.0,0.6670067159959286,3.823277419354839
38061,Kiss Kiss Bang Bang (2005),35,4.071428571428571,4.0,0.6340668863192044,3.823277419354839
1209,Once Upon a Time in the West (C'era una volta il West) (1968),18,4.305555555555555,4.5,0.7098295743989242,3.823182222222222
99114,Django Unchained (2012),71,3.943661971830986,4.0,0.9020684203721643,3.821869387755102
1178,Paths of Glory (1957),12,4.541666666666667,4.5,0.5187458165828638,3.8216205128205125
3703,"Road Warrior, The (Mad Max 2) (1981)",40,4.0375,4.0,0.861593726764535,3.821540298507462
16,Casino (1995),82,3.926829268292683,4.0,0.8804168608673191,3.821497247706422
8368,Harry Potter and the Prisoner of Azkaban (2004),93,3.913978494623656,4.0,0.7281721700360004,3.8211933333333334
134130,The Martian (2015),48,4.0,4.0,0.5682575707077439,3.820576
930,Notorious (1946),20,4.25,4.0,0.51234753829798,3.8200680851063833
3435,Double Indemnity (1944),17,4.323529411764706,4.0,0.6847321604013421,3.819163636363636
2804,"Christmas Story, A (1983)",55,3.9727272727272727,4.0,0.9410737668805478,3.8175999999999997
4306,Shrek (2001),170,3.8676470588235294,4.0,0.9196292693686867,3.8174781725888325
1041,Secrets & Lies (1996),11,4.590909090909091,5.0,0.46798318822668183,3.8169263157894737
924,2001: A Space Odyssey (1968),109,3.8944954128440368,4.0,1.0985256894337656,3.816494117647059
112552,Whiplash (2014),38,4.0394736842105265,4.0,0.8459001663392332,3.816049230769231
48774,Children of Men (2006),64,3.9453125,4.0,0.8483310246264424,3.8136615384615387
69481,"Hurt Locker, The (2008)",34,4.0588235294117645,4.0,0.7930275742772215,3.812183606557377
81834,Harry Potter and the Deathly Hallows: Part 1 (2010),47,3.9893617021276597,4.0,0.8597956319649683,3.8113945945945944
2194,"Untouchables, The (1987)",65,3.9384615384615387,4.0,0.7206177494541764,3.810252173913044
1304,Butch Cassidy and the Sundance Kid (1969),62,3.943548387096774,4.0,0.9206626238821295,3.809474157303371
1245,Miller's Crossing (1990),20,4.225,4.0,0.6796138609534093,3.8094297872340426
4262,Scarface (1983),67,3.9328358208955225,4.0,0.8590845630542185,3.8089702127659577
4886,"Monsters, Inc. (2001)",132,3.871212121212121,4.0,0.7653015154499864,3.8084477987421383
1035,"Sound of Music, The (1965)",64,3.9375,4.0,1.0212584148980122,3.808167032967033
914,My Fair Lady (1964),35,4.042857142857143,4.0,0.9053131153002778,3.807148387096774
1079,"Fish Called Wanda, A (1988)",71,3.9225352112676055,4.0,0.9293640386661194,3.8065632653061225
951,His Girl Friday (1940),14,4.392857142857143,4.0,0.5725435550671927,3.8059317073170735
1036,Die Hard (1988),145,3.8620689655172415,4.0,0.9087368243520302,3.805483720930233
58,"Postman, The (Postino, Il) (1994)",37,4.027027027027027,4.0,0.9075207238043683,3.8053625
1073,Willy Wonka & the Chocolate Factory (1971),119,3.8739495798319328,4.0,0.917199078018677,3.805090410958904
150,Apollo 13 (1995),201,3.845771144278607,4.0,0.8745116774481736,3.8050140350877193
3037,Little Big Man (1970),24,4.145833333333333,4.0,1.015291077584267,3.80476862745098
1261,Evil Dead II (Dead by Dawn) (1987),34,4.044117647058823,4.0,0.7985984695520861,3.803986885245901
3671,Blazing Saddles (1974),62,3.935483870967742,4.0,0.9135356295810513,3.803856179775281
3451,Guess Who's Coming to Dinner (1967),11,4.545454545454546,5.0,0.6199173498629934,3.8037684210526317
44191,V for Vendetta (2006),100,3.885,4.0,0.7837569776403908,3.8034897637795275
44195,Thank You for Smoking (2006),36,4.027777777777778,4.0,0.6340395672507403,3.8022730158730154
3508,"Outlaw Josey Wales, The (1976)",18,4.25,4.0,0.6291528696058959,3.80096
1223,"Grand Day Out with Wallace and Gromit, A (1989)",28,4.089285714285714,4.0,1.0694922980135033,3.800785454545454
29,"City of Lost Children, The (Cité des enfants perdus, La) (1995)",38,4.0131578947368425,4.0,0.8150463508393989,3.800664615384616
60684,Watchmen (2009),43,3.988372093023256,4.0,0.7192403299624238,3.800617142857143
720,Wallace & Gromit: The Best of Aardman Animation (1996),27,4.092592592592593,4.5,1.2098135534119314,3.797096296296296
1248,Touch of Evil (1958),17,4.264705882352941,4.5,0.6885117594540955,3.7964363636363636
111759,Edge of Tomorrow (2014),44,3.977272727272727,4.0,0.7067414457030097,3.7963830985915488
2360,"Celebration, The (Festen) (1998)",12,4.458333333333333,4.5,0.5574620066774856,3.795979487179487
7438,Kill Bill: Vol. 2 (2004),110,3.868181818181818,4.0,0.9236224945272253,3.7959357664233577
1884,Fear and Loathing in Las Vegas (1998),46,3.967391304347826,4.0,0.836674147735905,3.7951123287671233
919,"Wizard of Oz, The (1939)",92,3.880434782608696,4.0,1.0198293900830306,3.7944806722689073
1283,High Noon (1952),19,4.2105263157894735,4.0,0.7311812626026213,3.794417391304348
76093,How to Train Your Dragon (2010),53,3.943396226415094,4.0,0.8504181954518445,3.79429
33794,Batman Begins (2005),116,3.8620689655172415,4.0,0.8241667863942841,3.7940083916083918
3000,Princess Mononoke (Mononoke-hime) (1997),48,3.9583333333333335,4.0,0.9455671431591847,3.7939093333333336
1356,Star Trek: First Contact (1996),91,3.879120879120879,4.0,0.9843295797912275,3.7927389830508473
1237,"Seventh Seal, The (Sjunde inseglet, Det) (1957)",18,4.222222222222222,4.0,0.749485420179558,3.789848888888889
1086,Dial M for Murder (1954),25,4.1,4.0,0.5291502622129182,3.7892923076923077
4034,Traffic (2000),70,3.9,4.0,0.8602325267042626,3.789105154639175
590,Dances with Wolves (1990),164,3.8353658536585367,4.0,0.8573743172090221,3.7881842931937175
177593,"Three Billboards Outside Ebbing, Missouri (2017)",8,4.75,4.5,0.24999999999999992,3.7869485714285718
1610,"Hunt for Red October, The (1990)",90,3.8722222222222222,4.0,0.8773733245416594,3.786694017094017
34405,Serenity (2005),50,3.94,4.0,0.863944442658207,3.7862753246753247
8950,The Machinist (2004),38,3.986842105263158,4.0,0.7208076802527547,3.78528
46578,Little Miss Sunshine (2006),77,3.883116883116883,4.0,0.8370328854193255,3.784069230769231
223,Clerks (1994),104,3.855769230769231,4.0,0.9422586329458315,3.7827725190839696
3114,Toy Story 2 (1999),97,3.8608247422680413,4.0,0.82718709797598,3.782606451612903
2788,Monty Python's And Now for Something Completely Different (1971),28,4.053571428571429,4.0,0.6987141980897805,3.7826036363636364
2067,Doctor Zhivago (1965),21,4.142857142857143,4.0,0.6925256939166184,3.78215
905,It Happened One Night (1934),14,4.321428571428571,4.0,0.6971150462836835,3.781541463414634
2076,Blue Velvet (1986),46,3.9456521739130435,4.0,0.8798978502321168,3.7814136986301365
5902,Adaptation (2002),46,3.9456521739130435,4.0,0.8798978502321165,3.7814136986301365
64614,Gran Torino (2008),46,3.9456521739130435,4.0,0.618801970760447,3.7814136986301365
7143,"Last Samurai, The (2003)",62,3.903225806451613,4.0,0.5877699083318902,3.7813842696629214
4963,Ocean's Eleven (2001),119,3.8445378151260505,4.0,0.7879019559992825,3.7811178082191783
1028,Mary Poppins (1964),71,3.887323943661972,4.0,0.8524908949932658,3.7810530612244895
55820,No Country for Old Men (2007),64,3.8984375,4.0,1.0007016581348058,3.7806945054945054
1719,"Sweet Hereafter, The (1997)",16,4.25,4.0,0.7288689868556625,3.7800744186046513
119145,Kingsman: The Secret Service (2015),36,3.986111111111111,4.0,0.7860423998239456,3.7784634920634916
106782,"Wolf of Wall Street, The (2013)",54,3.9166666666666665,4.0,1.0661022812441936,3.7783111111111105
3897,Almost Famous (2000),83,3.8674698795180724,4.0,0.7608030686936801,3.7776654545454544
8961,"Incredibles, The (2004)",125,3.836,4.0,0.7557142317040219,3.7765999999999993
5060,M*A*S*H (a.k.a. MASH) (1970),46,3.9347826086956523,4.0,0.9184621814903308,3.7745643835616436
916,Roman Holiday (1953),26,4.0576923076923075,4.0,0.7761706181004063,3.7744
3730,"Conversation, The (1974)",17,4.205882352941177,4.0,0.6430356208551602,3.7737090909090907
162,Crumb (1994),17,4.205882352941177,4.0,0.6197443384031023,3.7737090909090907
2580,Go (1999),39,3.9615384615384617,4.0,0.7956984948298922,3.773381818181819
1307,When Harry Met Sally... (1989),85,3.8588235294117648,4.0,0.8102714313040681,3.7727071428571426
3083,All About My Mother (Todo sobre mi madre) (1999),19,4.157894736842105,4.0,0.9604361889944557,3.7726782608695655
142488,Spotlight (2015),19,4.157894736842105,4.5,0.7080854761617742,3.7726782608695655
800,Lone Star (1996),19,4.157894736842105,4.0,0.9466371446634184,3.7726782608695655
2918,Ferris Bueller's Day Off (1986),109,3.8394495412844036,4.0,0.829172058441304,3.7723764705882354
2791,Airplane! (1980),87,3.8563218390804597,4.0,0.9586510097468064,3.7723087719298247
2288,"Thing, The (1982)",45,3.933333333333333,4.0,1.0360180178613367,3.771433333333333
32587,Sin City (2005),84,3.857142857142857,4.0,0.8506700040452307,3.77065945945946
3996,"Crouching Tiger, Hidden Dragon (Wo hu cang long) (2000)",110,3.8363636363636364,4.0,1.0271520443994888,3.770388321167883
54997,3:10 to Yuma (2007),25,4.06,4.0,0.7525955088890712,3.7700615384615386
3424,Do the Right Thing (1989),27,4.037037037037037,4.0,0.7926272058900999,3.7693185185185185
6807,Monty Python's The Meaning of Life (1983),40,3.95,4.0,0.7566372975210778,3.7693014925373127
306,Three Colors: Red (Trois couleurs: Rouge) (1994),16,4.21875,4.5,1.0150238605569821,3.768446511627907
50872,Ratatouille (2007),72,3.8680555555555554,4.0,0.7637310442981162,3.768113131313131
115569,Nightcrawler (2014),18,4.166666666666667,4.0,0.5527707983925667,3.7676266666666667
928,Rebecca (1940),18,4.166666666666667,4.0,0.74535599249993,3.7676266666666667
2700,"South Park: Bigger, Longer and Uncut (1999)",76,3.861842105263158,4.0,1.0019674205838018,3.767409708737864
88125,Harry Potter and the Deathly Hallows: Part 2 (2011),50,3.91,4.0,0.9256889326334196,3.766794805194805
5971,My Neighbor Totoro (Tonari no Totoro) (1988),37,3.9594594594594597,4.0,0.9542109969680934,3.7663
89745,"Avengers, The (2012)",69,3.869565217391304,4.0,0.9877957231504033,3.766075
6350,Laputa: Castle in the Sky (Tenkû no shiro Rapyuta) (1986),24,4.0625,4.0,0.7116954521891135,3.7655529411764705
69844,Harry Potter and the Half-Blood Prince (2009),58,3.8879310344827585,4.0,0.8043154266757445,3.7652141176470586
1299,"Killing Fields, The (1984)",28,4.017857142857143,4.0,1.0562918872264468,3.764421818181818
176,Living in Oblivion (1995),13,4.3076923076923075,4.0,0.5014771080925116,3.76358
7156,"Fog of War: Eleven Lessons from the Life of Robert S. McNamara, The (2003)",13,4.3076923076923075,4.5,0.4177992496615468,3.76358
969,"African Queen, The (1951)",34,3.9705882352941178,4.0,0.9995673804686135,3.7630032786885246
80463,"Social Network, The (2010)",57,3.8859649122807016,4.0,0.8112019664348696,3.7624190476190478
2289,"Player, The (1992)",38,3.9473684210526314,4.0,0.8334256643217429,3.762203076923077
441,Dazed and Confused (1993),42,3.9285714285714284,4.0,0.9165893597581027,3.761495652173913
6787,All the President's Men (1976),27,4.018518518518518,4.0,0.4405695279026044,3.760059259259259
88163,"Crazy, Stupid, Love. (2011)",31,3.9838709677419355,4.0,0.5886544384159567,3.759365517241379
2300,"Producers, The (1968)",33,3.9696969696969697,4.0,1.0367445693670305,3.7590533333333336
2951,"Fistful of Dollars, A (Per un pugno di dollari) (1964)",39,3.9358974358974357,4.0,0.8334319468279491,3.7582303030303033
1682,"Truman Show, The (1998)",125,3.812,4.0,0.8262299921934568,3.7568631578947365
215,Before Sunrise (1995),24,4.041666666666667,4.0,0.9780578828587918,3.755749019607843
5418,"Bourne Identity, The (2002)",112,3.8169642857142856,4.0,0.8863940184067959,3.755706474820144
2944,"Dirty Dozen, The (1967)",32,3.96875,4.0,0.5581428468591172,3.754969491525424
68237,Moon (2009),32,3.96875,4.0,0.9094770131784531,3.754969491525424
588,Aladdin (1992),183,3.7923497267759565,4.0,0.8781167429807976,3.754967619047619
3362,Dog Day Afternoon (1975),38,3.9342105263157894,4.0,0.7878272305222472,3.7545107692307695
745,Wallace & Gromit: A Close Shave (1995),48,3.8958333333333335,4.0,1.0895255720827401,3.7539093333333335
33166,Crash (2004),50,3.89,4.0,0.8018104514160438,3.7538077922077924
1230,Annie Hall (1977),58,3.8706896551724137,4.0,1.1007847703264428,3.7534494117647057
59315,Iron Man (2008),94,3.824468085106383,4.0,0.833817951738276,3.7524231404958672
2248,Say Anything... (1989),39,3.923076923076923,4.0,0.8049403667867827,3.7506545454545455
71535,Zombieland (2009),53,3.8773584905660377,4.0,0.8682321030070597,3.75054
68358,Star Trek (2009),59,3.864406779661017,4.0,0.812145664454979,3.750502325581395
54001,Harry Potter and the Order of the Phoenix (2007),58,3.8620689655172415,4.0,0.8798172980809016,3.7475670588235297
7090,Hero (Ying xiong) (2002),38,3.9210526315789473,4.0,0.7480352843974681,3.746818461538462
1287,Ben-Hur (1959),34,3.9411764705882355,4.0,0.9759211778257093,3.7466098360655735
97304,Argo (2012),28,3.982142857142857,4.0,0.8502325612226725,3.7462399999999993
104879,Prisoners (2013),16,4.15625,4.5,0.9137619698258403,3.7451906976744187
122926,Untitled Spider-Man Reboot (2017),16,4.15625,4.0,0.5510997527671375,3.7451906976744187
5690,Grave of the Fireflies (Hotaru no haka) (1988),16,4.15625,4.0,0.7441175562369162,3.7451906976744187
4144,In the Mood For Love (Fa yeung nin wa) (2000),14,4.214285714285714,4.5,0.6468132241526725,3.7449560975609755
80906,Inside Job (2010),12,4.291666666666667,4.5,0.8025566785107593,3.744697435897436
54503,Superbad (2007),55,3.8636363636363638,4.0,0.8916508971083076,3.7444292682926834
55247,Into the Wild (2007),41,3.902439024390244,4.0,0.8710766550452961,3.743282352941176
265,Like Water for Chocolate (Como agua para chocolate) (1992),33,3.9393939393939394,4.0,1.0499464326709345,3.742386666666667
73017,Sherlock Holmes (2009),58,3.853448275862069,4.0,0.7600398168429614,3.741684705882353
2020,Dangerous Liaisons (1988),25,4.0,4.0,0.9273618495495703,3.741215384615385
105504,Captain Phillips (2013),21,4.0476190476190474,4.0,0.6709048954097795,3.740483333333333
1961,Rain Man (1988),96,3.8072916666666665,4.0,0.7785195340712753,3.740188617886179
7147,Big Fish (2003),69,3.8333333333333335,4.0,0.9350915117065818,3.7400333333333333
4027,"O Brother, Where Art Thou? (2000)",94,3.8085106382978724,4.0,0.9342945426577305,3.7400264462809916
36,Dead Man Walking (1995),67,3.8358208955223883,4.0,0.9359649012007848,3.739821276595745
3246,Malcolm X (1992),15,4.166666666666667,4.0,0.6236095644623236,3.7391238095238095
3030,Yojimbo (1961),13,4.230769230769231,4.5,1.102713168217804,3.7385800000000002
84152,Limitless (2011),30,3.95,4.0,0.6626965117357014,3.7375999999999996
164179,Arrival (2016),26,3.980769230769231,4.0,0.7269637758244538,3.736664150943396
48394,"Pan's Labyrinth (Laberinto del fauno, El) (2006)",81,3.814814814814815,4.0,0.9210985270700659,3.736511111111111
1357,Shine (1996),24,4.0,4.0,0.9354143466934853,3.7361411764705883
6539,Pirates of the Caribbean: The Curse of the Black Pearl (2003),149,3.778523489932886,4.0,0.8301826239120755,3.736040909090909
93840,"Cabin in the Woods, The (2012)",22,4.0227272727272725,4.0,0.9472120901897596,3.7355755102040815
3504,Network (1976),22,4.0227272727272725,4.0,0.9351382096109537,3.7355755102040815
55765,American Gangster (2007),37,3.9054054054054053,4.0,0.8686572259453079,3.73505
1220,"Blues Brothers, The (1980)",84,3.8095238095238093,4.0,0.9060141709733547,3.7346234234234235
954,Mr. Smith Goes to Washington (1939),18,4.083333333333333,4.0,0.8700255424092125,3.734293333333333
72226,Fantastic Mr. Fox (2009),18,4.083333333333333,4.0,0.8700255424092125,3.734293333333333
2318,Happiness (1998),16,4.125,4.0,0.9762812094883317,3.7335627906976745
3089,Bicycle Thieves (a.k.a. The Bicycle Thief) (a.k.a. The Bicycle Thieves) (Ladri di biciclette) (1948),16,4.125,4.5,1.125,3.7335627906976745
3972,"Legend of Drunken Master, The (Jui kuen II) (1994)",16,4.125,4.0,0.8750000000000002,3.7335627906976745
4499,Dirty Rotten Scoundrels (1988),16,4.125,4.0,0.5448623679425842,3.7335627906976745
5903,Equilibrium (2002),44,3.875,4.0,0.6752524780338901,3.733002816901408
261,Little Women (1994),42,3.880952380952381,4.0,0.7544275960835648,3.732510144927536
909,"Apartment, The (1960)",27,3.962962962962963,4.0,0.9420812845908817,3.7322814814814813
3429,Creature Comforts (1989),12,4.25,4.0,0.6291528696058959,3.731876923076923
2186,Strangers on a Train (1951),25,3.98,4.0,0.9537295214053092,3.7316000000000003
1954,Rocky (1976),64,3.828125,4.0,1.0086297558445319,3.731243956043956
1927,All Quiet on the Western Front (1930),10,4.35,4.5,0.6344288770224759,3.7308972972972967
866,Bound (1996),23,4.0,4.0,0.7661308776828739,3.7308640000000004
7099,Nausicaä of the Valley of the Wind (Kaze no tani no Naushika) (1984),23,4.0,4.5,1.0215078369104982,3.7308640000000004
40815,Harry Potter and the Goblet of Fire (2005),71,3.816901408450704,4.0,0.698284803168481,3.7300326530612242
3201,Five Easy Pieces (1970),8,4.5,4.5,0.5590169943749476,3.7298057142857144
3152,"Last Picture Show, The (1971)",8,4.5,4.0,0.49999999999999994,3.7298057142857144
3328,Ghost Dog: The Way of the Samurai (1999),19,4.052631578947368,4.0,0.8567800313736689,3.7292
7022,Battle Royale (Batoru rowaiaru) (2000),30,3.933333333333333,4.0,0.8239471396205517,3.728828070175438
595,Beauty and the Beast (1991),146,3.7705479452054793,4.0,0.8401865259489639,3.7285734104046244
30707,Million Dollar Baby (2004),52,3.8461538461538463,4.0,0.805858724606037,3.7283949367088605
33660,Cinderella Man (2005),17,4.088235294117647,4.0,0.2564058202082749,3.7282545454545453
148626,"Big Short, The (2015)",26,3.9615384615384617,4.0,0.7956984948298924,3.727230188679245
1281,"Great Dictator, The (1940)",15,4.133333333333334,4.0,0.5906681715556449,3.7272190476190477
3836,Kelly's Heroes (1970),15,4.133333333333334,4.0,0.7180219742846006,3.7272190476190477
8636,Spider-Man 2 (2004),79,3.8037974683544302,4.0,0.824535625037279,3.7268226415094334
4967,No Man's Land (2001),13,4.1923076923076925,4.0,0.5730640163750516,3.7260800000000005
2947,Goldfinger (1964),53,3.839622641509434,4.0,0.6642742166899602,3.7255399999999996
1968,"Breakfast Club, The (1985)",113,3.7787610619469025,4.0,0.8848229988923118,3.725308571428571
63082,Slumdog Millionaire (2008),71,3.8098591549295775,4.0,1.0693100223156224,3.724930612244898
4848,Mulholland Drive (2001),51,3.843137254901961,4.0,0.8992927290563629,3.72491282051282
2716,Ghostbusters (a.k.a. Ghost Busters) (1984),120,3.775,4.0,0.8584142356694697,3.7247836734693878
480,Jurassic Park (1993),238,3.75,4.0,0.8535024232857348,3.724691320754717
529,Searching for Bobby Fischer (1993),40,3.875,4.0,0.7562241731127087,3.7245253731343277
7371,Dogville (2003),20,4.025,4.0,0.8870597499605086,3.7243234042553195
308,Three Colors: White (Trzy kolory: Bialy) (1994),20,4.025,4.0,0.7822243923581007,3.7243234042553195
122916,Thor: Ragnarok (2017),20,4.025,4.5,0.9549214627392137,3.7243234042553195
1921,Pi (1998),47,3.851063829787234,4.0,0.8310138233803109,3.7235567567567562
5008,Witness for the Prosecution (1957),9,4.388888888888889,4.5,0.3928371006591931,3.723422222222222
553,Tombstone (1993),65,3.8153846153846156,4.0,0.9983418204866228,3.7232956521739133
122904,Deadpool (2016),54,3.8333333333333335,4.0,1.0408329997330663,3.722755555555555
106642,"Day of the Doctor, The (2013)",7,4.571428571428571,4.5,0.4164965639175213,3.7218588235294114
1284,"Big Sleep, The (1946)",14,4.142857142857143,4.0,0.9147320339189784,3.7205658536585364
1953,"French Connection, The (1971)",39,3.871794871794872,4.0,0.7739173473223881,3.720351515151515
6460,"Trial, The (Procès, Le) (1962)",5,4.9,5.0,0.20000000000000004,3.7201
838,Emma (1996),30,3.9166666666666665,4.0,0.866826908263056,3.720056140350877
2078,"Jungle Book, The (1967)",53,3.830188679245283,4.0,0.846432002119168,3.71929
1097,E.T. the Extra-Terrestrial (1982),122,3.7663934426229506,4.0,1.0658338270303895,3.7184107382550335
55118,Eastern Promises (2007),19,4.026315789473684,4.0,0.7158668688808131,3.718330434782609
2686,"Red Violin, The (Violon rouge, Le) (1998)",19,4.026315789473684,4.0,0.6781104593013223,3.718330434782609
92535,Louis C.K.: Live at the Beacon Theater (2011),10,4.3,4.5,1.1661903789690602,3.7173837837837835
55721,Elite Squad (Tropa de Elite) (2007),10,4.3,4.0,0.5567764362830021,3.7173837837837835
96829,"Hunt, The (Jagten) (2012)",10,4.3,4.0,0.4,3.7173837837837835
2398,Miracle on 34th Street (1947),17,4.0588235294117645,4.0,0.7647058823529413,3.7168909090909086
26662,Kiki's Delivery Service (Majo no takkyûbin) (1989),17,4.0588235294117645,4.0,0.7046557971006435,3.7168909090909086
1358,Sling Blade (1996),47,3.8404255319148937,4.0,1.0371112856982077,3.7167999999999997
139385,The Revenant (2015),31,3.903225806451613,4.0,1.035026529492545,3.7162620689655173
3552,Caddyshack (1980),52,3.826923076923077,4.0,0.9849083097924519,3.7157367088607596
1103,Rebel Without a Cause (1955),15,4.1,4.0,0.7571877794400365,3.7153142857142853
3363,American Graffiti (1973),43,3.8488372093023258,4.0,0.7434589471230596,3.7149028571428575
2396,Shakespeare in Love (1998),92,3.777173913043478,4.0,1.0304181570847368,3.7146487394957983
122886,Star Wars: Episode VII - The Force Awakens (2015),41,3.8536585365853657,4.0,0.8571357751612477,3.713870588235294
115617,Big Hero 6 (2014),41,3.8536585365853657,4.0,0.8988061352530867,3.713870588235294
166528,Rogue One: A Star Wars Story (2016),27,3.925925925925926,4.0,0.9398946326258902,3.7137629629629627
122918,Guardians of the Galaxy 2 (2017),27,3.925925925925926,4.0,0.8355936424206278,3.7137629629629627
106918,"Secret Life of Walter Mitty, The (2013)",20,4.0,4.0,0.7071067811865476,3.7136851063829788
2239,Swept Away (Travolti da un insolito destino nell'azzurro mare d'Agosto) (1975),6,4.666666666666667,5.0,0.47140452079103173,3.7134303030303033
152081,Zootopia (2016),32,3.890625,4.0,0.7977935882012338,3.7125966101694914
555,True Romance (1993),65,3.8,4.0,0.8978607053178383,3.7124260869565218
67255,"Girl with the Dragon Tattoo, The (Män som hatar kvinnor) (2009)",25,3.94,4.0,0.8284926070883194,3.712369230769231
3499,Misery (1990),44,3.840909090909091,4.0,0.7520632776261045,3.7118760563380278
28,Persuasion (1995),11,4.2272727272727275,4.5,0.7496555682941201,3.711663157894737
2871,Deliverance (1972),30,3.9,4.0,0.6244997998398398,3.7112842105263155
8665,"Bourne Supremacy, The (2004)",75,3.7866666666666666,4.0,0.837350318299071,3.711207843137255
1227,Once Upon a Time in America (1984),16,4.0625,4.0,0.7261843774138909,3.710306976744186
115713,Ex Machina (2015),28,3.9107142857142856,4.5,1.1576883634807666,3.709876363636363
1280,Raise the Red Lantern (Da hong deng long gao gao gua) (1991),9,4.333333333333333,4.0,0.6236095644623235,3.709533333333333
7981,Infernal Affairs (Mou gaan dou) (2002),9,4.333333333333333,4.0,0.52704627669473,3.709533333333333
8132,Gladiator (1992),9,4.333333333333333,4.5,0.5773502691896257,3.709533333333333
171763,Baby Driver (2017),9,4.333333333333333,4.5,0.5773502691896257,3.709533333333333
93838,The Raid: Redemption (2011),9,4.333333333333333,4.5,0.7071067811865475,3.709533333333333
4896,Harry Potter and the Sorcerer's Stone (a.k.a. Harry Potter and the Philosopher's Stone) (2001),107,3.7616822429906542,4.0,0.8155778709090044,3.7092776119402986
98961,Zero Dark Thirty (2012),14,4.107142857142857,4.0,0.6595066183078353,3.708370731707317
44665,Lucky Number Slevin (2006),38,3.8552631578947367,4.0,0.6777273820882058,3.708356923076923
3683,Blood Simple (1984),19,4.0,4.0,0.8429272304235245,3.7074608695652174
1224,Henry V (1989),19,4.0,4.0,0.7947194142390261,3.7074608695652174
1748,Dark City (1998),48,3.8229166666666665,4.0,0.9491749889889758,3.7072426666666667
2231,Rounders (1998),36,3.861111111111111,4.0,0.7227562128476493,3.7070349206349205
2565,"King and I, The (1956)",12,4.166666666666667,4.0,0.6236095644623235,3.7062358974358975
4239,Blow (2001),51,3.8137254901960786,4.0,0.7793963495824232,3.705682051282051
2313,"Elephant Man, The (1980)",17,4.029411764705882,4.0,0.5277752483801871,3.7055272727272723
1303,"Man Who Would Be King, The (1975)",17,4.029411764705882,4.0,0.6523845003770246,3.7055272727272723
2529,Planet of the Apes (1968),56,3.8035714285714284,4.0,0.8539748000870245,3.7053397590361437
80489,"Town, The (2010)",22,3.9545454545454546,4.0,0.4499770425732575,3.704963265306122
1952,Midnight Cowboy (1969),22,3.9545454545454546,4.0,1.0325287901455042,3.704963265306122
116897,Wild Tales (2014),10,4.25,4.5,0.75,3.70387027027027
8014,"Spring, Summer, Fall, Winter... and Spring (Bom yeoreum gaeul gyeoul geurigo bom) (2003)",10,4.25,4.0,0.51234753829798,3.70387027027027
3967,Billy Elliot (2000),37,3.8513513513513513,4.0,0.7610879913691201,3.7038
3507,"Odd Couple, The (1968)",15,4.066666666666666,4.0,0.5436502143433364,3.7034095238095235
122882,Mad Max: Fury Road (2015),47,3.8191489361702127,4.0,0.9420751873757641,3.703286486486486
3910,Dancer in the Dark (2000),20,3.975,4.0,0.9549214627392139,3.7030468085106385
48738,"Last King of Scotland, The (2006)",20,3.975,4.0,0.8870597499605086,3.7030468085106385
175,Kids (1995),20,3.975,4.0,0.7327175444876421,3.7030468085106385
7387,Dawn of the Dead (1978),20,3.975,4.0,0.9807522622966516,3.7030468085106385
106920,Her (2013),25,3.92,4.0,0.945304183847718,3.702753846153846
5010,Black Hawk Down (2001),50,3.81,4.0,0.7867019766086776,3.7018597402597404
96079,Skyfall (2012),50,3.81,4.0,0.7803204469959761,3.7018597402597404
98491,Paperman (2012),8,4.375,4.0,0.6959705453537527,3.701234285714286
3213,Batman: Mask of the Phantasm (1993),13,4.115384615384615,4.0,0.7882269819968922,3.70108
4235,Amores Perros (Love's a Bitch) (2000),23,3.9347826086956523,4.0,0.876062681722169,3.700864
2150,"Gods Must Be Crazy, The (1980)",28,3.892857142857143,4.0,0.9292579879469777,3.7007854545454544
1263,"Deer Hunter, The (1978)",43,3.8255813953488373,4.0,1.0830819555530249,3.7006171428571433
1997,"Exorcist, The (1973)",53,3.80188679245283,4.0,0.996880145714569,3.70054
1527,"Fifth Element, The (1997)",116,3.7456896551724137,4.0,0.896582807816598,3.6996027972027967
902,Breakfast at Tiffany's (1961),36,3.8472222222222223,4.0,0.9414781850045736,3.6990984126984126
108932,The Lego Movie (2014),31,3.870967741935484,4.0,0.8516373408028441,3.699020689655172
5225,And Your Mother Too (Y tu mamá también) (2001),21,3.9523809523809526,4.0,0.80036839590341,3.6988166666666666
1950,In the Heat of the Night (1967),11,4.181818181818182,4.0,0.5339700056577605,3.6985052631578945
55442,Persepolis (2007),11,4.181818181818182,4.0,0.44069816885602986,3.6985052631578945
994,Big Night (1996),11,4.181818181818182,4.0,0.683331653562405,3.6985052631578945
2921,High Plains Drifter (1973),11,4.181818181818182,4.0,0.5749595745760689,3.6985052631578945
4642,Hedwig and the Angry Inch (2000),11,4.181818181818182,4.5,0.9833321660356336,3.6985052631578945
6942,Love Actually (2003),59,3.788135593220339,4.0,0.8743200255273852,3.6981767441860467
3535,American Psycho (2000),59,3.788135593220339,4.0,1.017655122188344,3.6981767441860467
1408,"Last of the Mohicans, The (1992)",39,3.8333333333333335,4.0,0.8573463331948968,3.6976242424242427
337,What's Eating Gilbert Grape (1993),77,3.7662337662337664,4.0,0.9313599035972469,3.6975307692307697
17,Sense and Sensibility (1995),67,3.7761194029850746,4.0,1.1371723969433098,3.697268085106383
1269,Arsenic and Old Lace (1944),29,3.8793103448275863,4.0,0.9064440984893046,3.6972
2268,"Few Good Men, A (1992)",57,3.789473684210526,4.0,0.7371553219001575,3.696942857142857
81847,Tangled (2010),24,3.9166666666666665,4.0,0.9316949906249125,3.696925490196078
66934,Dr. Horrible's Sing-Along Blog (2008),24,3.9166666666666665,4.0,0.9860132971832694,3.696925490196078
1967,Labyrinth (1986),42,3.8214285714285716,4.0,0.937457482029049,3.6962782608695655
1251,8 1/2 (8½) (1963),14,4.071428571428571,4.0,0.6776309271789385,3.6961756097560974
70286,District 9 (2009),65,3.776923076923077,4.0,0.9846153846153846,3.696121739130435
1912,Out of Sight (1998),32,3.859375,4.0,1.0325512623472988,3.6956474576271185
62336,FLCL (2000),9,4.277777777777778,4.5,0.7494854201795579,3.6956444444444445
3100,"River Runs Through It, A (1992)",22,3.9318181818181817,4.0,0.8159692305007383,3.694759183673469
497,Much Ado About Nothing (1993),43,3.813953488372093,4.0,0.8695311207367404,3.693474285714286
134853,Inside Out (2015),43,3.813953488372093,4.0,0.9706342676608932,3.693474285714286
1277,Cyrano de Bergerac (1990),12,4.125,4.0,0.649519052838329,3.6934153846153848
5617,Secretary (2002),25,3.9,4.0,0.7615773105863908,3.693138461538462
4776,Training Day (2001),51,3.7941176470588234,4.0,0.7152160690133127,3.692861538461538
1446,Kolya (Kolja) (1996),7,4.428571428571429,4.5,0.4164965639175214,3.692447058823529
1292,Being There (1979),20,3.95,4.0,0.8645808232895291,3.6924085106382982
56367,Juno (2007),65,3.769230769230769,4.0,0.9033140823439801,3.6906869565217395
5500,Top Secret! (1984),10,4.2,4.0,0.45825756949558405,3.6903567567567563
3334,Key Largo (1948),10,4.2,4.0,0.5999999999999998,3.6903567567567563
71899,Mary and Max (2009),10,4.2,4.0,0.6,3.6903567567567563
89492,Moneyball (2011),26,3.8846153846153846,4.0,0.8122581569978031,3.6894943396226414
31364,Memories of Murder (Salinui chueok) (2003),5,4.7,5.0,0.4,3.68885
5669,Bowling for Columbine (2002),58,3.7758620689655173,4.0,0.7666115198419212,3.6887435294117648
280,Murder in the First (1995),13,4.076923076923077,4.0,0.8284868934053085,3.68858
247,Heavenly Creatures (1994),21,3.9285714285714284,4.0,0.7445950367196138,3.6883999999999997
1282,Fantasia (1940),53,3.7830188679245285,4.0,1.0117677131161968,3.68804
30749,Hotel Rwanda (2004),48,3.7916666666666665,4.0,0.9455671431591848,3.6872426666666667
98809,"Hobbit: An Unexpected Journey, The (2012)",40,3.8125,4.0,0.834322329798262,3.687211940298507
307,Three Colors: Blue (Trois couleurs: Bleu) (1993),24,3.8958333333333335,4.0,1.1271199162269983,3.687121568627451
1411,Hamlet (1996),16,4.0,4.0,0.9842509842514763,3.6870511627906977
3727,Near Dark (1987),8,4.3125,4.0,0.6584783595532961,3.6869485714285717
3448,"Good Morning, Vietnam (1987)",43,3.802325581395349,4.0,0.8079512914437307,3.686331428571429
1374,Star Trek II: The Wrath of Khan (1982),62,3.7661290322580645,4.0,1.0306502094883687,3.6858786516853934
47099,"Pursuit of Happyness, The (2006)",46,3.7934782608695654,4.0,0.8570429886009331,3.6855232876712325
64716,Seven Pounds (2008),11,4.136363636363637,4.0,0.4312196809320517,3.685347368421053
8641,Anchorman: The Legend of Ron Burgundy (2004),57,3.7719298245614037,4.0,0.7259003812483228,3.6850380952380952
109374,"Grand Budapest Hotel, The (2014)",52,3.7788461538461537,4.0,0.8627631234009667,3.6840911392405062
290,Once Were Warriors (1994),14,4.035714285714286,4.0,0.8120583572072909,3.6839804878048783
6440,Barton Fink (1991),14,4.035714285714286,4.0,0.5498144399407376,3.6839804878048783
5878,Talk to Her (Hable con Ella) (2002),14,4.035714285714286,4.0,0.351744921492718,3.6839804878048783
3266,Man Bites Dog (C'est arrivé près de chez vous) (1992),6,4.5,5.0,0.7071067811865476,3.683127272727273
106100,Dallas Buyers Club (2013),17,3.9705882352941178,4.0,1.0774505343537766,3.6828
3740,Big Trouble in Little China (1986),28,3.857142857142857,4.0,0.8541614816501,3.682603636363636
333,Tommy Boy (1995),50,3.78,4.0,1.0777754868245986,3.6823792207792208
2064,Roger & Me (1989),31,3.838709677419355,4.0,1.0347751569255124,3.6817793103448273
3814,Love and Death (1975),9,4.222222222222222,4.5,0.8202679477907444,3.6817555555555552
93510,21 Jump Street (2012),26,3.8653846153846154,4.0,0.8033307143925164,3.6800603773584903
44199,Inside Man (2006),40,3.8,4.0,0.9797958971132712,3.6797492537313428
115149,John Wick (2014),29,3.8448275862068964,4.0,0.9386660406080138,3.6793428571428572
87232,X-Men: First Class (2011),43,3.7906976744186047,4.0,0.8157786845018782,3.679188571428572
5291,Rashomon (Rashômon) (1950),18,3.9444444444444446,4.0,0.9411707970054121,3.6787377777777777
5064,The Count of Monte Cristo (2002),32,3.828125,4.0,0.8348781254620341,3.6786983050847457
262,"Little Princess, A (1995)",21,3.9047619047619047,4.0,0.6098213559459856,3.677983333333333
2202,Lifeboat (1944),7,4.357142857142857,4.5,0.6925256939166183,3.677741176470588
3068,"Verdict, The (1982)",7,4.357142857142857,4.5,0.6925256939166183,3.677741176470588
85342,Elite Squad: The Enemy Within (Tropa de Elite 2 - O Inimigo Agora É Outro) (2010),7,4.357142857142857,4.5,0.5150787536377126,3.677741176470588
1449,Waiting for Guffman (1996),24,3.875,4.0,0.8068715304598785,3.6773176470588234
3019,Drugstore Cowboy (1989),10,4.15,4.0,0.8958236433584459,3.676843243243243
4002,"Planes, Trains & Automobiles (1987)",27,3.8518518518518516,4.0,0.988965179468051,3.6767259259259255
111362,X-Men: Days of Future Past (2014),30,3.8333333333333335,3.5,0.7673909622147559,3.67619649122807
7482,Enter the Dragon (1973),13,4.038461538461538,4.0,0.4985185152621432,3.6760800000000002
77455,Exit Through the Gift Shop (2010),13,4.038461538461538,4.0,0.6032456592830047,3.6760800000000002
1957,Chariots of Fire (1981),13,4.038461538461538,4.0,0.6923076923076923,3.6760800000000002
49530,Blood Diamond (2006),53,3.7641509433962264,4.0,0.7806853156821587,3.67554
1243,Rosencrantz and Guildenstern Are Dead (1990),16,3.96875,4.0,1.1245658884654113,3.6754232558139535
3108,"Fisher King, The (1991)",36,3.8055555555555554,4.0,0.8919219087779069,3.675288888888889
1641,"Full Monty, The (1997)",56,3.7589285714285716,4.0,0.839807968210226,3.6752192771084333
51935,Shooter (2007),25,3.86,4.0,0.6858571279792899,3.6739076923076928
4334,Yi Yi (2000),5,4.6,5.0,0.48989794855663565,3.673225
3200,"Last Detail, The (1973)",8,4.25,4.0,0.43301270189221946,3.6726628571428575
1131,Jean de Florette (1986),11,4.090909090909091,4.0,0.6331085580538236,3.6721894736842104
3741,Badlands (1973),11,4.090909090909091,4.0,0.668042657122685,3.6721894736842104
3359,Breaking Away (1979),11,4.090909090909091,4.0,0.5567022142689041,3.6721894736842104
3503,Solaris (Solyaris) (1972),11,4.090909090909091,4.5,0.9958591954639383,3.6721894736842104
47610,"Illusionist, The (2006)",43,3.7790697674418605,4.0,0.8646973229106144,3.672045714285715
6283,Cowboy Bebop: The Movie (Cowboy Bebop: Tengoku no Tobira) (2001),20,3.9,4.0,0.7176350047203662,3.6711319148936172
37741,Capote (2005),23,3.869565217391304,4.0,0.5937608819020723,3.670864
116823,The Hunger Games: Mockingjay - Part 1 (2014),23,3.869565217391304,4.0,0.6293093402665273,3.670864
2797,Big (1988),91,3.71978021978022,4.0,0.8745761648822653,3.669857627118644
1683,"Wings of the Dove, The (1997)",6,4.416666666666667,4.5,0.731247032282677,3.667975757575758
2357,Central Station (Central do Brasil) (1998),6,4.416666666666667,4.0,0.4487637339278754,3.667975757575758
3347,Never Cry Wolf (1983),9,4.166666666666667,4.0,0.5773502691896257,3.667866666666667
6104,Monty Python Live at the Hollywood Bowl (1982),9,4.166666666666667,4.0,0.3333333333333333,3.667866666666667
1300,My Life as a Dog (Mitt liv som hund) (1985),9,4.166666666666667,4.0,0.7071067811865476,3.667866666666667
3983,You Can Count on Me (2000),9,4.166666666666667,4.5,0.881917103688197,3.667866666666667
1845,Zero Effect (1998),15,3.966666666666667,4.0,0.7180219742846006,3.667695238095238
86,White Squall (1996),15,3.966666666666667,4.0,0.7408703590297623,3.667695238095238
714,Dead Man (1995),15,3.966666666666667,4.5,1.007747763855398,3.667695238095238
83134,Tucker & Dale vs Evil (2010),18,3.9166666666666665,4.0,0.8700255424092125,3.667626666666666
2973,Crimes and Misdemeanors (1989),18,3.9166666666666665,4.0,0.6718548123582124,3.667626666666666
1293,Gandhi (1982),27,3.8333333333333335,4.0,0.9428090415820634,3.667466666666667
3471,Close Encounters of the Third Kind (1977),60,3.7416666666666667,4.0,0.8826648413878408,3.6671632183908045
3793,X-Men (2000),133,3.699248120300752,4.0,0.8582633488797603,3.6658950000000003
6333,X2: X-Men United (2003),76,3.723684210526316,4.0,0.875074195508832,3.6654679611650485
1663,Stripes (1981),34,3.7941176470588234,3.5,0.8324100998873474,3.6646426229508196
2352,"Big Chill, The (1983)",25,3.84,4.0,0.796492310069595,3.6642923076923077
2600,eXistenZ (1999),22,3.8636363636363638,4.0,0.7859825666268446,3.6641469387755103
1231,"Right Stuff, The (1983)",22,3.8636363636363638,4.0,1.0020639856840274,3.6641469387755103
122912,Avengers: Infinity War - Part I (2018),13,4.0,4.5,1.109400392450458,3.6635800000000005
55363,"Assassination of Jesse James by the Coward Robert Ford, The (2007)",10,4.1,4.0,0.8602325267042626,3.663329729729729
918,Meet Me in St. Louis (1944),10,4.1,4.0,0.66332495807108,3.663329729729729
57504,"Girl Who Leapt Through Time, The (Toki o kakeru shôjo) (2006)",10,4.1,4.0,0.7000000000000001,3.663329729729729
971,Cat on a Hot Tin Roof (1958),10,4.1,4.0,0.8306623862918076,3.663329729729729
2351,"Nights of Cabiria (Notti di Cabiria, Le) (1957)",7,4.285714285714286,4.0,0.4517539514526257,3.663035294117647
5747,Gallipoli (1981),7,4.285714285714286,4.5,0.6998542122237651,3.663035294117647
170705,Band of Brothers (2001),7,4.285714285714286,5.0,0.9202927661946518,3.663035294117647
3341,Born Yesterday (1950),7,4.285714285714286,4.0,0.45175395145262554,3.663035294117647
174053,Black Mirror: White Christmas (2014),4,4.75,5.0,0.43301270189221924,3.662683870967742
3224,Woman in the Dunes (Suna no onna) (1964),4,4.75,5.0,0.4330127018922193,3.662683870967742
7121,Adam's Rib (1949),4,4.75,5.0,0.4330127018922193,3.662683870967742
8798,Collateral (2004),44,3.7613636363636362,4.0,0.7499139069043825,3.6625802816901407
5444,Lilo & Stitch (2002),29,3.810344827586207,4.0,0.7590124380363841,3.661485714285714
31410,"Downfall (Untergang, Der) (2004)",20,3.875,4.0,0.920258115965298,3.660493617021277
55276,Michael Clayton (2007),17,3.911764705882353,4.0,0.9584806315764896,3.660072727272727
61240,Let the Right One In (Låt den rätte komma in) (2008),17,3.911764705882353,4.0,0.8950072973354669,3.660072727272727
58998,Forgetting Sarah Marshall (2008),39,3.769230769230769,4.0,0.9326427425370879,3.6597454545454546
1344,Cape Fear (1962),14,3.9642857142857144,4.0,0.5498144399407375,3.6595902439024393
965,"39 Steps, The (1935)",11,4.045454545454546,4.0,0.7820295697311479,3.659031578947369
54190,Across the Universe (2007),11,4.045454545454546,4.0,0.6893523130955955,3.659031578947369
1273,Down by Law (1986),11,4.045454545454546,4.0,0.6893523130955954,3.659031578947369
89904,The Artist (2011),11,4.045454545454546,4.5,1.3220945065680896,3.659031578947369
1466,Donnie Brasco (1997),52,3.7403846153846154,4.0,0.7171684748382174,3.6587746835443036
55908,"Man from Earth, The (2007)",8,4.1875,4.0,0.7043392293490405,3.6583771428571428
3675,White Christmas (1954),8,4.1875,4.0,0.4284784125250653,3.6583771428571428
4022,Cast Away (2000),100,3.7,3.5,0.7648529270389177,3.657820472440945
158966,Captain Fantastic (2016),5,4.5,4.5,0.0,3.6576
2732,Jules and Jim (Jules et Jim) (1961),5,4.5,4.5,0.447213595499958,3.6576
7008,Last Tango in Paris (Ultimo tango a Parigi) (1972),5,4.5,5.0,0.6324555320336759,3.6576
1192,Paris Is Burning (1990),5,4.5,4.5,0.4472135954999579,3.6576
2010,Metropolis (1927),21,3.857142857142857,4.0,0.7095078297976829,3.6571499999999997
104374,About Time (2013),15,3.933333333333333,4.0,0.891939210683977,3.655790476190476
2731,"400 Blows, The (Les quatre cents coups) (1959)",12,4.0,4.0,0.7359800721939872,3.654953846153846
27801,Ong-Bak: The Thai Warrior (Ong Bak) (2003),12,4.0,4.0,0.5400617248673217,3.654953846153846
3260,Howards End (1992),12,4.0,4.0,0.67700320038633,3.654953846153846
1956,Ordinary People (1980),12,4.0,4.0,0.8416254115301732,3.654953846153846
1784,As Good as It Gets (1997),96,3.6979166666666665,4.0,0.8852941091649839,3.6548227642276423
1253,"Day the Earth Stood Still, The (1951)",25,3.82,4.0,0.7332121111929343,3.654676923076923
62,Mr. Holland's Opus (1995),80,3.70625,4.0,1.0419145538382693,3.654609345794392
91542,Sherlock Holmes: A Game of Shadows (2011),38,3.763157894736842,4.0,0.7498845709881582,3.6545107692307695
7132,"Night at the Opera, A (1935)",9,4.111111111111111,4.0,0.5152010275275392,3.6539777777777775
3095,"Grapes of Wrath, The (1940)",9,4.111111111111111,4.0,0.4581228472908511,3.6539777777777775
5954,25th Hour (2002),22,3.840909090909091,4.0,0.5305735240876706,3.653942857142857
5782,"Professional, The (Le professionnel) (1981)",19,3.8684210526315788,4.0,0.6657426652986063,3.6531130434782613
942,Laura (1944),6,4.333333333333333,4.0,0.4714045207910316,3.6528242424242423
1949,"Man for All Seasons, A (1966)",6,4.333333333333333,4.0,0.74535599249993,3.6528242424242423
6591,"Magdalene Sisters, The (2002)",6,4.333333333333333,4.0,0.5527707983925666,3.6528242424242423
7451,Mean Girls (2004),39,3.7564102564102564,3.5,0.6875429578354831,3.652169696969697
40819,Walk the Line (2005),39,3.7564102564102564,4.0,0.6781554438686253,3.652169696969697
7360,Dawn of the Dead (2004),16,3.90625,4.0,0.9877175393299441,3.652167441860465
5072,Metropolis (2001),13,3.9615384615384617,4.0,0.663949096216618,3.6510800000000003
2291,Edward Scissorhands (1990),80,3.7,4.0,0.6304760106459246,3.6499364485981305
2138,Watership Down (1978),10,4.05,4.0,0.5220153254455276,3.649816216216216
2924,Drunken Master (Jui kuen) (1978),10,4.05,4.0,0.85,3.649816216216216
1096,Sophie's Choice (1982),10,4.05,4.0,0.9340770846134703,3.649816216216216
1241,Dead Alive (Braindead) (1992),10,4.05,4.5,1.2134661099511597,3.649816216216216
1625,"Game, The (1997)",77,3.7012987012987013,4.0,1.0105281512871216,3.6494538461538464
80549,Easy A (2010),27,3.7962962962962963,4.0,0.7729124723966373,3.648948148148148
8873,"Motorcycle Diaries, The (Diarios de motocicleta) (2004)",27,3.7962962962962963,4.0,0.7965115988002432,3.648948148148148
1635,"Ice Storm, The (1997)",17,3.8823529411764706,4.0,0.883332789275365,3.6487090909090907
54286,"Bourne Ultimatum, The (2007)",81,3.697530864197531,4.0,0.9580040089405507,3.648548148148148
103688,"Conjuring, The (2013)",7,4.214285714285714,4.0,0.36421567954234174,3.648329411764706
140715,Straight Outta Compton (2015),7,4.214285714285714,4.0,0.4517539514526256,3.648329411764706
159817,Planet Earth (2006),7,4.214285714285714,4.5,0.8390957231764808,3.648329411764706
3916,Remember the Titans (2000),41,3.7439024390243905,4.0,0.9634918153709111,3.6476941176470588
2966,"Straight Story, The (1999)",14,3.9285714285714284,4.0,0.4573660169594892,3.6473951219512193
3198,Papillon (1973),14,3.9285714285714284,4.0,0.5297284633639762,3.6473951219512193
1275,Highlander (1986),48,3.7291666666666665,4.0,1.0254995395199138,3.6472426666666666
1175,Delicatessen (1991),21,3.8333333333333335,4.0,0.8357108940373449,3.6467333333333336
88810,"Help, The (2011)",21,3.8333333333333335,4.0,0.6042179781166438,3.6467333333333336
43376,Sophie Scholl: The Final Days (Sophie Scholl - Die letzten Tage) (2005),4,4.625,4.5,0.2165063509461097,3.6465548387096773
2131,Autumn Sonata (Höstsonaten) (1978),4,4.625,4.5,0.414578098794425,3.6465548387096773
38304,No Direction Home: Bob Dylan (2005),4,4.625,4.5,0.414578098794425,3.6465548387096773
55167,Tekkonkinkreet (Tekkon kinkurîto) (2006),4,4.625,4.5,0.414578098794425,3.6465548387096773
1834,"Spanish Prisoner, The (1997)",11,4.0,4.0,0.6396021490668313,3.6458736842105264
3062,"Longest Day, The (1962)",11,4.0,4.0,0.3692744729379981,3.6458736842105264
1189,"Thin Blue Line, The (1988)",11,4.0,4.0,0.5222329678670935,3.6458736842105264
65261,Ponyo (Gake no ue no Ponyo) (2008),11,4.0,4.0,1.02247471629109,3.6458736842105264
91077,"Descendants, The (2011)",11,4.0,4.0,0.6396021490668313,3.6458736842105264
1218,"Killer, The (Die xue shuang xiong) (1989)",11,4.0,4.0,1.1078234188139946,3.6458736842105264
431,Carlito's Way (1993),42,3.738095238095238,4.0,0.7961073093952613,3.6455536231884063
955,Bringing Up Baby (1938),18,3.861111111111111,4.0,1.024770374760929,3.645404444444444
5991,Chicago (2002),49,3.7244897959183674,4.0,0.909480814496212,3.6453052631578946
88129,Drive (2011),32,3.765625,4.0,0.9681197546662296,3.6448
1274,Akira (1988),39,3.7435897435897436,4.0,1.2551013590277353,3.64459393939394
8949,Sideways (2004),39,3.7435897435897436,4.0,0.9119702176296792,3.64459393939394
1279,Night on Earth (1991),8,4.125,4.0,0.8926785535678562,3.6440914285714285
4105,"Evil Dead, The (1981)",22,3.8181818181818183,4.0,0.8331955809010617,3.643738775510204
1350,"Omen, The (1976)",22,3.8181818181818183,4.0,0.7315216790650492,3.643738775510204
94959,Moonrise Kingdom (2012),29,3.7758620689655173,4.0,0.9057879680388756,3.6436285714285717
2948,From Russia with Love (1963),36,3.75,3.5,0.7312470322826768,3.643542857142857
5218,Ice Age (2002),85,3.6882352941176473,4.0,0.7234576721966582,3.643242857142857
8370,"Blind Swordsman: Zatoichi, The (Zatôichi) (2003)",12,3.9583333333333335,4.0,0.47689679759414977,3.6421333333333332
6791,Babette's Feast (Babettes gæstebud) (1987),5,4.4,4.5,0.58309518948453,3.641975
3153,"7th Voyage of Sinbad, The (1958)",5,4.4,4.5,0.58309518948453,3.641975
4406,"Man Who Shot Liberty Valance, The (1962)",5,4.4,4.5,0.58309518948453,3.641975
86781,Incendies (2010),5,4.4,4.0,0.4898979485566356,3.641975
915,Sabrina (1954),30,3.7666666666666666,4.0,0.8239471396205515,3.641108771929824
1256,Duck Soup (1933),23,3.8043478260869565,4.0,1.120356411019576,3.640864
7323,"Good bye, Lenin! (2003)",23,3.8043478260869565,4.0,0.8936871648301942,3.640864
103141,Monsters University (2013),16,3.875,4.0,0.7180703308172535,3.640539534883721
1923,There's Something About Mary (1998),105,3.676190476190476,4.0,0.8673466720020929,3.6404787878787874
1285,Heathers (1989),41,3.731707317073171,4.0,1.0005947071593175,3.640341176470588
2968,Time Bandits (1981),41,3.731707317073171,4.0,0.9633374467381218,3.640341176470588
1238,Local Hero (1983),9,4.055555555555555,4.0,0.7617394000445604,3.6400888888888887
86345,Louis C.K.: Hilarious (2010),9,4.055555555555555,4.5,1.3217085837078133,3.6400888888888887
2726,"Killing, The (1956)",9,4.055555555555555,4.0,0.49690399499995336,3.6400888888888887
1734,My Life in Pink (Ma vie en rose) (1997),9,4.055555555555555,4.0,0.8314794192830981,3.6400888888888887
6870,Mystic River (2003),52,3.7115384615384617,4.0,0.8106630349368458,3.639787341772152
3160,Magnolia (1999),52,3.7115384615384617,4.0,0.9822763683940103,3.639787341772152
474,In the Line of Fire (1993),70,3.692857142857143,4.0,0.6829184072935861,3.6396206185567013
96821,"Perks of Being a Wallflower, The (2012)",20,3.825,4.0,0.9653367288153911,3.639217021276596
272,"Madness of King George, The (1994)",31,3.7580645161290325,4.0,1.0989068449610209,3.638675862068965
6331,Spellbound (2002),13,3.923076923076923,4.0,0.7556493347841731,3.63858
4033,Thirteen Days (2000),13,3.923076923076923,4.0,0.5131409255433205,3.63858
2436,Tea with Mussolini (1999),6,4.25,4.0,0.8036375634160796,3.6376727272727276
7234,"Strada, La (1954)",6,4.25,4.5,0.5590169943749473,3.6376727272727276
5379,"Believer, The (2001)",6,4.25,4.0,0.38188130791298663,3.6376727272727276
8254,Arizona Dream (1993),6,4.25,4.0,0.5590169943749473,3.6376727272727276
1797,Everest (1998),6,4.25,4.0,0.692218655243173,3.6376727272727276
3039,Trading Places (1983),39,3.730769230769231,4.0,0.7582550298780126,3.637018181818182
41997,Munich (2005),21,3.8095238095238093,4.0,0.7476342127670277,3.6363166666666666
2917,Body Heat (1981),10,4.0,4.0,0.6324555320336759,3.6363027027027024
51662,300 (2007),80,3.68125,3.5,0.922780275851191,3.6359177570093455
1343,Cape Fear (1991),25,3.78,4.0,0.6794115100585213,3.635446153846154
3421,Animal House (1978),62,3.693548387096774,4.0,1.0938052795603852,3.635316853932584
2912,"Limey, The (1999)",14,3.892857142857143,4.0,0.7116021016132599,3.6352
26776,Porco Rosso (Crimson Pig) (Kurenai no buta) (1992),14,3.892857142857143,4.0,0.7116021016132599,3.6352
1955,Kramer vs. Kramer (1979),14,3.892857142857143,4.0,0.6595066183078353,3.6352
8366,Saved! (2004),14,3.892857142857143,4.0,0.5725435550671929,3.6352
232,Eat Drink Man Woman (Yin shi nan nu) (1994),14,3.892857142857143,4.0,1.1828925115485138,3.6352
26810,Bad Boy Bubby (1993),3,4.833333333333333,5.0,0.23570226039551584,3.6347733333333334
115122,What We Do in the Shadows (2014),3,4.833333333333333,5.0,0.23570226039551584,3.6347733333333334
5377,About a Boy (2002),44,3.715909090909091,4.0,0.7102954512730413,3.6344112676056337
6620,American Splendor (2003),18,3.8333333333333335,4.0,0.927960727138337,3.634293333333333
14,Nixon (1995),18,3.8333333333333335,4.0,0.6871842709362768,3.634293333333333
81562,127 Hours (2010),18,3.8333333333333335,4.0,0.8498365855987974,3.634293333333333
8784,Garden State (2004),48,3.7083333333333335,4.0,0.9119195261766371,3.6339093333333334
2132,Who's Afraid of Virginia Woolf? (1966),7,4.142857142857143,4.0,0.6925256939166186,3.6336235294117647
906,Gaslight (1944),7,4.142857142857143,4.0,0.7889543583705186,3.6336235294117647
2203,Shadow of a Doubt (1943),7,4.142857142857143,4.0,0.6388765649999398,3.6336235294117647
168248,John Wick: Chapter Two (2017),7,4.142857142857143,4.0,0.6925256939166184,3.6336235294117647
79357,Mr. Nobody (2009),7,4.142857142857143,4.0,0.5150787536377127,3.6336235294117647
45210,United 93 (2006),7,4.142857142857143,4.0,0.3499271061118826,3.6336235294117647
54995,Planet Terror (2007),22,3.7954545454545454,4.0,1.0516123001144793,3.633534693877551
1958,Terms of Endearment (1983),22,3.7954545454545454,4.0,0.9127766194556003,3.633534693877551
2391,"Simple Plan, A (1998)",22,3.7954545454545454,4.0,0.8210178121903837,3.633534693877551
3556,"Virgin Suicides, The (1999)",26,3.769230769230769,4.0,0.8795843558484056,3.6328905660377355
1944,From Here to Eternity (1953),11,3.9545454545454546,4.0,0.5416534221733175,3.6327157894736843
3783,Croupier (1998),11,3.9545454545454546,4.0,0.5416534221733175,3.6327157894736843
59387,"Fall, The (2006)",11,3.9545454545454546,4.0,0.8907235428302466,3.6327157894736843
1183,"English Patient, The (1996)",45,3.7111111111111112,4.0,0.9515419584891841,3.6325444444444446
2890,Three Kings (1999),45,3.7111111111111112,4.0,0.763681790108426,3.6325444444444446
2501,October Sky (1999),30,3.75,4.0,0.7826237921249265,3.632336842105263
4979,"Royal Tenenbaums, The (2001)",68,3.6838235294117645,4.0,1.049875383938164,3.6320336842105263
3060,"Commitments, The (1991)",15,3.8666666666666667,4.0,0.784573486395988,3.6319809523809523
64839,"Wrestler, The (2008)",34,3.735294117647059,4.0,0.7881035886455449,3.631855737704918
27611,Battlestar Galactica (2003),19,3.8157894736842106,4.0,1.2053665779577671,3.6313739130434786
27831,Layer Cake (2004),19,3.8157894736842106,4.0,0.5431517747513235,3.6313739130434786
101,Bottle Rocket (1996),23,3.782608695652174,4.0,1.0196555999616153,3.630864
25771,"Andalusian Dog, An (Chien andalou, Un) (1929)",4,4.5,4.0,0.5,3.630425806451613
1733,Afterglow (1997),4,4.5,4.0,0.5,3.630425806451613
98154,Lincoln (2012),4,4.5,4.5,0.6123724356957946,3.630425806451613
1046,Beautiful Thing (1996),4,4.5,4.0,0.5,3.630425806451613
1066,Shall We Dance (1937),4,4.5,4.0,0.5,3.630425806451613
3384,"Taking of Pelham One Two Three, The (1974)",4,4.5,4.0,0.5,3.630425806451613
3006,"Insider, The (1999)",31,3.7419354838709675,4.0,0.6823934129453605,3.630055172413793
110102,Captain America: The Winter Soldier (2014),31,3.7419354838709675,4.0,1.006999437341159,3.630055172413793
1939,"Best Years of Our Lives, The (1946)",8,4.0625,4.0,0.8076779989575054,3.6298057142857143
57274,[REC] (2007),8,4.0625,3.5,0.7680128579652817,3.6298057142857143
1132,Manon of the Spring (Manon des sources) (1986),8,4.0625,4.0,0.39031237489989984,3.6298057142857143
54881,"King of Kong, The (2007)",12,3.9166666666666665,4.0,0.6400954789890507,3.62931282051282
2739,"Color Purple, The (1985)",12,3.9166666666666665,4.0,0.7312470322826768,3.62931282051282
235,Ed Wood (1994),70,3.6785714285714284,4.0,0.9025191501162345,3.6293113402061854
1077,Sleeper (1973),28,3.75,4.0,0.7007648882267351,3.6280581818181816
82459,True Grit (2010),28,3.75,4.0,0.9496239857363094,3.6280581818181816
968,Night of the Living Dead (1968),28,3.75,4.0,1.1220198623146431,3.6280581818181816
2000,Lethal Weapon (1987),75,3.6733333333333333,3.5,0.7593564526770167,3.6278745098039216
1059,William Shakespeare's Romeo + Juliet (1996),36,3.7222222222222223,3.5,0.908634846322007,3.6276698412698414
79702,Scott Pilgrim vs. the World (2010),44,3.7045454545454546,4.0,0.9846445010197487,3.6273690140845067
1729,Jackie Brown (1997),48,3.6979166666666665,4.0,0.6977611767089239,3.6272426666666666
27156,"Neon Genesis Evangelion: The End of Evangelion (Shin seiki Evangelion Gekijô-ban: Air/Magokoro wo, kimi ni) (1997)",5,4.3,4.5,0.24494897427831783,3.62635
86504,Voices from the List (2004),5,4.3,4.5,0.7483314773547882,3.62635
4021,Before Night Falls (2000),5,4.3,4.0,0.6000000000000001,3.62635
6666,"Discreet Charm of the Bourgeoisie, The (Charme discret de la bourgeoisie, Le) (1972)",5,4.3,4.5,0.6782329983125268,3.62635
26131,"Battle of Algiers, The (La battaglia di Algeri) (1966)",5,4.3,4.5,0.6782329983125268,3.62635
3470,Dersu Uzala (1975),5,4.3,4.0,0.5999999999999999,3.62635
67997,In the Loop (2009),5,4.3,4.0,0.4,3.62635
3265,Hard-Boiled (Lat sau san taam) (1992),9,4.0,4.0,0.97182531580755,3.6262
3022,"General, The (1926)",9,4.0,4.0,1.027402333828163,3.6262
34,Babe (1995),128,3.65234375,4.0,1.0374973526886406,3.6260851612903227
1211,"Wings of Desire (Himmel über Berlin, Der) (1987)",13,3.8846153846153846,4.0,1.0769230769230769,3.62608
45728,Clerks II (2006),13,3.8846153846153846,4.0,0.5600084530215783,3.62608
112290,Boyhood (2014),17,3.823529411764706,4.0,1.0838544572169575,3.6259818181818178
6618,Shaolin Soccer (Siu lam juk kau) (2001),17,3.823529411764706,4.0,0.7058823529411765,3.6259818181818178
112556,Gone Girl (2014),37,3.7162162162162162,4.0,0.866341644585114,3.625675
4016,"Emperor's New Groove, The (2000)",37,3.7162162162162162,4.0,0.7844824472270266,3.625675
4571,Bill & Ted's Excellent Adventure (1989),45,3.7,3.5,0.7557189365836424,3.6256
3911,Best in Show (2000),53,3.688679245283019,4.0,0.8535520404730205,3.62554
11,"American President, The (1995)",70,3.6714285714285713,4.0,0.8939707341235439,3.6241567010309277
51540,Zodiac (2007),38,3.710526315789474,4.0,0.8708101109354894,3.623741538461539
6708,Matchstick Men (2003),34,3.7205882352941178,3.5,0.5712624882222068,3.6236590163934426
3148,"Cider House Rules, The (1999)",26,3.75,4.0,0.8349343594650926,3.623456603773585
176371,Blade Runner 2049 (2017),18,3.8055555555555554,4.0,1.0156947388212345,3.623182222222222
57640,Hellboy II: The Golden Army (2008),18,3.8055555555555554,4.0,0.44531165394114997,3.623182222222222
3481,High Fidelity (2000),75,3.6666666666666665,4.0,0.953356643071673,3.622972549019608
94,Beautiful Girls (1996),10,3.95,4.0,0.4716990566028301,3.622789189189189
1185,My Left Foot (1989),10,3.95,4.0,0.722841614740048,3.622789189189189
4103,Empire of the Sun (1987),10,3.95,4.0,0.8789197915623473,3.622789189189189
65514,Ip Man (2008),10,3.95,4.0,0.8200609733428362,3.622789189189189
1931,Mutiny on the Bounty (1935),6,4.166666666666667,4.0,0.3726779962499649,3.6225212121212125
3090,Matewan (1987),6,4.166666666666667,4.0,0.6236095644623235,3.6225212121212125
36529,Lord of War (2005),35,3.7142857142857144,4.0,0.8887046294283307,3.621664516129033
1298,Pink Floyd: The Wall (1982),23,3.760869565217391,4.0,1.0307190948808433,3.620864
81932,"Fighter, The (2010)",23,3.760869565217391,4.0,0.7203496315556909,3.620864
46976,Stranger than Fiction (2006),44,3.6931818181818183,4.0,1.045639805719821,3.6203267605633798
3159,Fantasia 2000 (1999),15,3.8333333333333335,4.0,0.699205898780101,3.6200761904761904
158238,The Nice Guys (2016),15,3.8333333333333335,4.0,0.7673909622147559,3.6200761904761904
27815,"Chorus, The (Choristes, Les) (2004)",11,3.909090909090909,3.5,0.7925270806437589,3.6195578947368423
3053,"Messenger: The Story of Joan of Arc, The (1999)",11,3.909090909090909,4.0,0.763311619261212,3.6195578947368423
2648,Frankenstein (1931),11,3.909090909090909,4.0,0.899954085146515,3.6195578947368423
3831,Saving Grace (2000),11,3.909090909090909,4.0,0.7925270806437591,3.6195578947368423
72011,Up in the Air (2009),32,3.71875,4.0,0.7064159097160823,3.6193762711864403
3365,"Searchers, The (1956)",7,4.071428571428571,4.0,0.6776309271789385,3.618917647058823
3296,To Sir with Love (1967),7,4.071428571428571,4.0,0.6776309271789385,3.618917647058823
1354,Breaking the Waves (1996),7,4.071428571428571,4.0,0.9422075684480656,3.618917647058823
945,Top Hat (1935),7,4.071428571428571,4.0,0.7759128922285867,3.618917647058823
27266,2046 (2004),7,4.071428571428571,4.0,0.31943828249996997,3.618917647058823
3629,"Gold Rush, The (1925)",7,4.071428571428571,4.0,0.4948716593053935,3.618917647058823
6001,"King of Comedy, The (1983)",7,4.071428571428571,4.0,0.49487165930539356,3.618917647058823
47999,Jesus Camp (2006),7,4.071428571428571,4.0,0.5624291338579864,3.618917647058823
6345,"Chorus Line, A (1985)",3,4.666666666666667,5.0,0.4714045207910317,3.618106666666667
1105,Children of the Corn IV: The Gathering (1996),3,4.666666666666667,5.0,0.4714045207910317,3.618106666666667
2511,"Long Goodbye, The (1973)",3,4.666666666666667,5.0,0.4714045207910317,3.618106666666667
59141,Son of Rambow (2007),3,4.666666666666667,4.5,0.23570226039551584,3.618106666666667
5833,Dog Soldiers (2002),3,4.666666666666667,5.0,0.4714045207910317,3.618106666666667
4855,Dirty Harry (1971),20,3.775,4.0,0.6609652033201141,3.6179404255319154
69,Friday (1995),20,3.775,4.0,0.8728545125048045,3.6179404255319154
39292,"Good Night, and Good Luck. (2005)",20,3.775,4.0,0.580409338312195,3.6179404255319154
2916,Total Recall (1990),88,3.653409090909091,4.0,0.79899779036507,3.617766956521739
2949,Dr. No (1962),33,3.712121212121212,4.0,0.6516913081092899,3.6173866666666665
69951,"Imaginarium of Doctor Parnassus, The (2009)",16,3.8125,4.0,0.6343057228182637,3.6172837209302324
2583,Cookie's Fortune (1999),12,3.875,4.0,0.9157192073264963,3.6164923076923072
187593,Deadpool 2 (2018),12,3.875,4.0,1.1748226816559735,3.6164923076923072
154,Beauty of the Day (Belle de jour) (1967),12,3.875,4.0,0.5818433351570391,3.6164923076923072
4029,State and Main (2000),12,3.875,4.0,0.6808389432653413,3.6164923076923072
44761,Brick (2005),12,3.875,3.5,0.8447139555297205,3.6164923076923072
7256,Touching the Void (2003),8,4.0,4.0,0.5590169943749473,3.61552
79008,South Park: Imaginationland (2008),8,4.0,4.0,0.3535533905932738,3.61552
74,Bed of Roses (1996),8,4.0,4.0,0.7071067811865476,3.61552
2935,"Lady Eve, The (1941)",8,4.0,4.0,1.224744871391589,3.61552
940,"Adventures of Robin Hood, The (1938)",8,4.0,4.0,0.9013878188659973,3.61552
3498,Midnight Express (1978),8,4.0,4.0,0.8660254037844386,3.61552
52952,This Is England (2006),8,4.0,4.0,0.5000000000000001,3.61552
7063,"Aguirre: The Wrath of God (Aguirre, der Zorn Gottes) (1972)",8,4.0,4.0,0.6123724356957945,3.61552
27803,"Sea Inside, The (Mar adentro) (2004)",8,4.0,4.0,0.7071067811865476,3.61552
86833,Bridesmaids (2011),21,3.761904761904762,4.0,0.9078893316636961,3.615483333333333
733,"Rock, The (1996)",121,3.6404958677685952,4.0,0.9050435825674701,3.6151567567567566
1584,Contact (1997),82,3.652439024390244,3.5,1.0111844792915008,3.615075229357798
56757,Sweeney Todd: The Demon Barber of Fleet Street (2007),30,3.716666666666667,4.0,0.8434387285919999,3.61479298245614
97921,Silver Linings Playbook (2012),30,3.716666666666667,3.5,0.9546668994413124,3.61479298245614
8914,Primer (2004),17,3.7941176470588234,4.0,0.7870051858976266,3.6146181818181815
3735,Serpico (1973),17,3.7941176470588234,4.0,0.6872542026792896,3.6146181818181815
26471,Eddie Murphy Delirious (1983),4,4.375,4.0,0.6495190528383291,3.6142967741935483
2677,Buena Vista Social Club (1999),4,4.375,4.0,0.414578098794425,3.6142967741935483
74324,Temple Grandin (2010),4,4.375,4.5,0.2165063509461097,3.6142967741935483
72356,Partly Cloudy (2009),4,4.375,4.5,0.2165063509461097,3.6142967741935483
152970,Hunt for the Wilderpeople (2016),4,4.375,4.5,0.21650635094610965,3.6142967741935483
123,Chungking Express (Chung Hing sam lam) (1994),4,4.375,4.5,0.81967981553775,3.6142967741935483
7842,Dune (2000),4,4.375,4.5,0.8196798155377498,3.6142967741935483
127098,Louis C.K.: Live at The Comedy Store (2015),4,4.375,4.5,0.8196798155377498,3.6142967741935483
58301,Funny Games U.S. (2007),4,4.375,4.5,0.5448623679425841,3.6142967741935483
6936,Elf (2003),39,3.6923076923076925,3.5,0.7391556566871575,3.6142909090909097
66097,Coraline (2009),35,3.7,4.0,0.9039595439746502,3.6136
3307,City Lights (1931),13,3.8461538461538463,4.0,1.0262818510866412,3.6135800000000002
97913,Wreck-It Ralph (2012),22,3.75,4.0,0.7941547822570977,3.6131265306122446
5445,Minority Report (2002),120,3.6375,4.0,0.8966662794299037,3.6125387755102043
64620,Frost/Nixon (2008),9,3.9444444444444446,4.0,0.2832788618662658,3.612311111111111
2843,"Black Cat, White Cat (Crna macka, beli macor) (1998)",9,3.9444444444444446,4.0,1.11665284679121,3.612311111111111
6617,Open Range (2003),9,3.9444444444444446,4.0,0.437444881889545,3.612311111111111
53123,Once (2006),9,3.9444444444444446,4.0,0.6431020501550127,3.612311111111111
1982,Halloween (1978),27,3.7222222222222223,4.0,0.974996043043569,3.611911111111111
122900,Ant-Man (2015),27,3.7222222222222223,3.5,0.7494854201795578,3.611911111111111
1060,Swingers (1996),36,3.6944444444444446,4.0,1.0819078941194693,3.6117968253968256
2115,Indiana Jones and the Temple of Doom (1984),108,3.638888888888889,4.0,0.8466528141182315,3.6114311111111115
1962,Driving Miss Daisy (1989),23,3.739130434782609,4.0,0.9073320328134438,3.6108640000000003
5026,"Brotherhood of the Wolf (Pacte des loups, Le) (2001)",14,3.8214285714285716,4.0,0.8985532589577945,3.610809756097561
2810,Perfect Blue (1997),5,4.2,4.5,0.9273618495495705,3.610725
7983,Broadway Danny Rose (1984),5,4.2,4.0,0.4,3.610725
171011,Planet Earth II (2016),5,4.2,4.5,0.812403840463596,3.610725
3038,"Face in the Crowd, A (1957)",5,4.2,4.0,0.5099019513592785,3.610725
334,Vanya on 42nd Street (1994),5,4.2,4.0,0.7483314773547882,3.610725
73323,"Girl Who Kicked the Hornet's Nest, The (Luftslottet som sprängdes) (2009)",5,4.2,4.0,0.5099019513592785,3.610725
4019,Finding Forrester (2000),28,3.7142857142857144,4.0,0.7840892285750053,3.6098763636363635
56251,Futurama: Bender's Big Score (2007),10,3.9,4.0,0.5830951894845301,3.6092756756756756
2176,Rope (1948),10,3.9,3.5,0.4898979485566359,3.6092756756756756
114935,Predestination (2014),10,3.9,4.0,0.8306623862918076,3.6092756756756756
27846,"Corporation, The (2003)",10,3.9,4.0,0.48989794855663565,3.6092756756756756
97,"Hate (Haine, La) (1995)",10,3.9,4.0,0.7,3.6092756756756756
1147,When We Were Kings (1996),10,3.9,4.0,0.8602325267042626,3.6092756756756756
2599,Election (1999),56,3.6607142857142856,4.0,1.0568954826398351,3.6089542168674695
3052,Dogma (1999),79,3.6455696202531644,4.0,0.9748479230121597,3.608898113207547
79091,Despicable Me (2010),38,3.6842105263157894,3.5,0.9135028925110413,3.608356923076923
114662,American Sniper (2014),15,3.8,4.0,0.812403840463596,3.6081714285714286
161,Crimson Tide (1995),103,3.6359223300970873,4.0,0.8735436556001257,3.6080246153846156
1594,In the Company of Men (1997),6,4.083333333333333,4.0,1.0172129679778086,3.6073696969696973
5039,Dragonslayer (1981),6,4.083333333333333,4.0,0.4487637339278753,3.6073696969696973
1361,Paradise Lost: The Child Murders at Robin Hood Hills (1996),6,4.083333333333333,4.0,0.6066758241067098,3.6073696969696973
1964,Klute (1971),6,4.083333333333333,4.0,0.7312470322826768,3.6073696969696973
8207,"Day of the Jackal, The (1973)",6,4.083333333333333,4.0,0.3435921354681384,3.6073696969696973
3469,Inherit the Wind (1960),6,4.083333333333333,4.0,0.8374896350934075,3.6073696969696973
2971,All That Jazz (1979),6,4.083333333333333,4.0,0.6066758241067098,3.6073696969696973
4007,Wall Street (1987),20,3.75,4.0,0.6800735254367722,3.6073021276595747
3462,Modern Times (1936),25,3.72,4.0,0.8009993757800314,3.6066000000000003
5294,Frailty (2001),11,3.8636363636363638,4.0,0.642824346533225,3.6064
5608,"Das Experiment (Experiment, The) (2001)",11,3.8636363636363638,4.0,0.6772574738977882,3.6064
1289,Koyaanisqatsi (a.k.a. Koyaanisqatsi: Life Out of Balance) (1983),11,3.8636363636363638,4.0,0.7713892158398701,3.6064
48082,"Science of Sleep, The (La science des rêves) (2006)",11,3.8636363636363638,3.5,0.4312196809320517,3.6064
5812,Far from Heaven (2002),11,3.8636363636363638,4.0,0.6428243465332251,3.6064
5791,Frida (2002),16,3.78125,4.0,0.4666620163458775,3.605655813953488
104211,We're the Millers (2013),21,3.738095238095238,4.0,0.839771051835638,3.6050666666666666
78836,Enter the Void (2009),2,5.0,5.0,0.0,3.604937931034483
99,Heidi Fleiss: Hollywood Madam (1995),2,5.0,5.0,0.0,3.604937931034483
1151,Lesson Faust (1994),2,5.0,5.0,0.0,3.604937931034483
3473,Jonah Who Will Be 25 in the Year 2000 (Jonas qui aura 25 ans en l'an 2000) (1976),2,5.0,5.0,0.0,3.604937931034483
6442,Belle époque (1992),2,5.0,5.0,0.0,3.604937931034483
6818,Come and See (Idi i smotri) (1985),2,5.0,5.0,0.0,3.604937931034483
53,Lamerica (1994),2,5.0,5.0,0.0,3.604937931034483
4128,"Lost Boys, The (1987)",26,3.7115384615384617,4.0,0.9822763683940103,3.604588679245283
7934,Zelig (1983),7,4.0,4.0,0.2672612419124244,3.604211764705882
4225,"Dish, The (2001)",7,4.0,4.0,0.46291004988627577,3.604211764705882
53129,Mr. Brooks (2007),7,4.0,4.0,0.5345224838248488,3.604211764705882
133771,The Lobster (2015),7,4.0,4.0,0.6546536707079771,3.604211764705882
86377,Louis C.K.: Shameless (2007),7,4.0,4.5,1.4880476182856899,3.604211764705882
7013,"Night of the Hunter, The (1955)",7,4.0,4.0,0.4629100498862757,3.604211764705882
7396,Scenes From a Marriage (Scener ur ett äktenskap) (1973),7,4.0,4.0,0.3779644730092271,3.604211764705882
51709,"Host, The (Gwoemul) (2006)",7,4.0,4.0,0.7071067811865476,3.604211764705882
2550,"Haunting, The (1963)",7,4.0,4.0,0.7559289460184544,3.604211764705882
2764,"Thomas Crown Affair, The (1968)",7,4.0,4.0,0.5976143046671969,3.604211764705882
2936,Sullivan's Travels (1941),7,4.0,4.0,0.7071067811865476,3.604211764705882
8042,Mean Streets (1973),7,4.0,4.0,0.8017837257372732,3.604211764705882
2312,Children of a Lesser God (1986),12,3.8333333333333335,4.0,0.7728015412913086,3.6036717948717945
3088,Harvey (1950),12,3.8333333333333335,4.0,1.1960583412006103,3.6036717948717945
7569,You Only Live Twice (1967),12,3.8333333333333335,4.0,0.5527707983925667,3.6036717948717945
5135,Monsoon Wedding (2001),12,3.8333333333333335,4.0,1.1242281302693367,3.6036717948717945
5014,I Am Sam (2001),17,3.764705882352941,4.0,1.0017286097603764,3.6032545454545453
5013,Gosford Park (2001),27,3.7037037037037037,4.0,1.0475656017578483,3.602651851851852
69757,(500) Days of Summer (2009),42,3.6666666666666665,4.0,1.0446386175466809,3.602075362318841
52973,Knocked Up (2007),52,3.6538461538461537,3.5,0.7373188274108005,3.601812658227848
1836,"Last Days of Disco, The (1998)",3,4.5,4.5,0.408248290463863,3.60144
26082,Harakiri (Seppuku) (1962),3,4.5,4.5,0.408248290463863,3.60144
30803,3-Iron (Bin-jip) (2004),3,4.5,4.5,0.408248290463863,3.60144
85736,BURN-E (2008),3,4.5,4.5,0.408248290463863,3.60144
86892,The Man from Nowhere (2010),3,4.5,4.5,0.408248290463863,3.60144
4956,"Stunt Man, The (1980)",3,4.5,5.0,0.7071067811865476,3.60144
112515,"Babadook, The (2014)",3,4.5,4.5,0.0,3.60144
60333,Encounters at the End of the World (2008),3,4.5,4.5,0.408248290463863,3.60144
5404,84 Charing Cross Road (1987),3,4.5,4.5,0.408248290463863,3.60144
26528,Anne of Green Gables (1985),3,4.5,4.5,0.408248290463863,3.60144
117192,Doctor Who: The Time of the Doctor (2013),3,4.5,4.5,0.408248290463863,3.60144
147382,Doctor Who: Voyage Of The Damned (2007),3,4.5,4.5,0.408248290463863,3.60144
6300,Flickering Lights (Blinkende lygter) (2000),3,4.5,4.5,0.408248290463863,3.60144
8645,"Maria Full of Grace (Maria, Llena eres de gracia) (2004)",8,3.9375,4.0,0.3903123748999,3.601234285714286
163645,Hacksaw Ridge (2016),8,3.9375,4.0,0.5829611908180509,3.601234285714286
932,"Affair to Remember, An (1957)",8,3.9375,4.0,1.1301963325015703,3.601234285714286
3549,Guys and Dolls (1955),8,3.9375,3.5,0.7680128579652817,3.601234285714286
4914,Breathless (À bout de souffle) (1960),8,3.9375,4.0,0.8816709987291178,3.601234285714286
7169,Chasing Liberty (2004),8,3.9375,3.5,0.9822646028438569,3.601234285714286
7802,"Warriors, The (1979)",8,3.9375,4.0,0.6343057228182637,3.601234285714286
4437,Suspiria (1977),8,3.9375,4.0,1.210307295689818,3.601234285714286
911,Charade (1963),13,3.8076923076923075,4.0,0.6366517445094941,3.6010800000000005
1301,Forbidden Planet (1956),13,3.8076923076923075,4.0,0.6944411571256841,3.6010800000000005
1537,Shall We Dance? (Shall We Dansu?) (1996),13,3.8076923076923075,4.0,0.6944411571256842,3.6010800000000005
90866,Hugo (2011),18,3.75,4.0,0.6718548123582124,3.6009599999999997
58803,21 (2008),18,3.75,4.0,0.6508541396588878,3.6009599999999997
128360,The Hateful Eight (2015),18,3.75,3.5,0.7312470322826768,3.6009599999999997
2467,"Name of the Rose, The (Name der Rose, Der) (1986)",18,3.75,4.0,0.7312470322826766,3.6009599999999997
2083,"Muppet Christmas Carol, The (1992)",19,3.736842105263158,3.5,0.8330100942812849,3.5987652173913043
97752,Cloud Atlas (2012),19,3.736842105263158,4.0,0.6563138901757855,3.5987652173913043
281,Nobody's Fool (1994),14,3.7857142857142856,4.0,0.7726181304565691,3.598614634146341
6214,Irreversible (Irréversible) (2002),9,3.888888888888889,4.0,0.4581228472908512,3.598422222222222
63072,"Road, The (2009)",9,3.888888888888889,4.0,0.3928371006591931,3.598422222222222
4880,Life as a House (2001),9,3.888888888888889,4.0,0.9060836905722273,3.598422222222222
2905,Sanjuro (Tsubaki Sanjûrô) (1962),4,4.25,4.5,0.43301270189221924,3.598167741935484
3111,Places in the Heart (1984),4,4.25,4.0,0.4330127018922193,3.598167741935484
65642,"Timecrimes (Cronocrímenes, Los) (2007)",4,4.25,4.0,0.5590169943749475,3.598167741935484
69275,Dead Snow (Død snø) (2009),4,4.25,4.0,0.43301270189221924,3.598167741935484
142422,The Night Before (2015),4,4.25,4.0,0.5590169943749475,3.598167741935484
3074,Jeremiah Johnson (1972),4,4.25,4.0,0.8291561975888498,3.598167741935484
32657,"Man Who Planted Trees, The (Homme qui plantait des arbres, L') (1987)",4,4.25,4.5,0.43301270189221924,3.598167741935484
4419,All That Heaven Allows (1955),4,4.25,4.0,0.5590169943749475,3.598167741935484
73344,"Prophet, A (Un Prophète) (2009)",4,4.25,4.0,0.43301270189221924,3.598167741935484
6184,"Man Who Fell to Earth, The (1976)",4,4.25,3.5,0.75,3.598167741935484
74510,"Girl Who Played with Fire, The (Flickan som lekte med elden) (2009)",4,4.25,4.0,0.5590169943749473,3.598167741935484
1942,All the King's Men (1949),4,4.25,4.0,0.5590169943749475,3.598167741935484
32460,Knockin' on Heaven's Door (1997),4,4.25,4.0,0.5590169943749475,3.598167741935484
96488,Searching for Sugar Man (2012),4,4.25,4.0,0.24999999999999992,3.598167741935484
71462,"Cove, The (2009)",4,4.25,4.0,0.43301270189221924,3.598167741935484
27397,Joint Security Area (Gongdong gyeongbi guyeok JSA) (2000),4,4.25,4.0,0.82915619758885,3.598167741935484
69122,"Hangover, The (2009)",76,3.6315789473684212,4.0,1.0239513925444061,3.597506796116505
3361,Bull Durham (1988),35,3.6714285714285713,4.0,0.9253791280400939,3.597470967741936
112175,How to Train Your Dragon 2 (2014),15,3.7666666666666666,3.5,0.8339997335464536,3.5962666666666667
6893,"Italian Job, The (1969)",10,3.85,4.0,0.7088723439378913,3.5957621621621616
5380,"Importance of Being Earnest, The (2002)",10,3.85,4.0,0.6726812023536856,3.5957621621621616
3358,Defending Your Life (1991),10,3.85,3.5,0.8381527307120105,3.5957621621621616
150548,Sherlock: The Abominable Bride (2016),10,3.85,4.0,1.162970334961301,3.5957621621621616
72641,"Blind Side, The  (2009)",31,3.6774193548387095,4.0,1.004412740447759,3.595572413793103
61024,Pineapple Express (2008),31,3.6774193548387095,4.0,0.8284107121545973,3.595572413793103
1960,"Last Emperor, The (1987)",26,3.6923076923076925,4.0,0.8213137116947162,3.595154716981132
1611,My Own Private Idaho (1991),5,4.1,4.0,0.66332495807108,3.5951
66371,Departures (Okuribito) (2008),5,4.1,4.5,0.9695359714832659,3.5951
2937,"Palm Beach Story, The (1942)",5,4.1,4.5,0.8602325267042628,3.5951
1755,Shooting Fish (1997),5,4.1,4.0,0.66332495807108,3.5951
2925,"Conformist, The (Conformista, Il) (1970)",5,4.1,3.5,0.7348469228349535,3.5951
73023,Crazy Heart (2009),5,4.1,4.0,0.4898979485566356,3.5951
55814,"Diving Bell and the Butterfly, The (Scaphandre et le papillon, Le) (2007)",5,4.1,4.0,0.4898979485566356,3.5951
83803,Day & Night (2010),5,4.1,4.5,0.8602325267042626,3.5951
3310,"Kid, The (1921)",5,4.1,4.0,0.66332495807108,3.5951
8128,Au revoir les enfants (1987),5,4.1,4.0,0.3741657386773941,3.5951
93721,Jiro Dreams of Sushi (2011),5,4.1,4.5,0.7348469228349535,3.5951
6887,Radio (2003),5,4.1,4.0,0.48989794855663565,3.5951
9010,Love Me If You Dare (Jeux d'enfants) (2003),5,4.1,4.5,0.9165151389911681,3.5951
51931,Reign Over Me (2007),5,4.1,4.0,0.8,3.5951
3298,Boiler Room (2000),21,3.7142857142857144,4.0,0.6088910405973534,3.5946499999999997
2819,Three Days of the Condor (3 Days of the Condor) (1975),16,3.75,4.0,0.9842509842514763,3.594027906976744
222,Circle of Friends (1995),16,3.75,4.0,1.1989578808281798,3.594027906976744
314,"Secret of Roan Inish, The (1994)",16,3.75,4.0,0.8100925873009825,3.594027906976744
2763,"Thomas Crown Affair, The (1999)",48,3.6458333333333335,4.0,0.8536583853561616,3.5939093333333334
76251,Kick-Ass (2010),43,3.6511627906976742,4.0,0.7963206357332062,3.5934742857142856
1257,Better Off Dead... (1985),27,3.685185185185185,4.0,0.954018286843797,3.5933925925925925
102445,Star Trek Into Darkness (2013),27,3.685185185185185,4.0,0.8834711438427085,3.5933925925925925
3035,Mister Roberts (1955),11,3.8181818181818183,4.0,0.7158188976374373,3.5932421052631582
599,"Wild Bunch, The (1969)",11,3.8181818181818183,4.0,0.9359663764533638,3.5932421052631582
104913,Rush (2013),11,3.8181818181818183,4.0,0.7158188976374373,3.5932421052631582
381,When a Man Loves a Woman (1994),11,3.8181818181818183,4.0,0.8054565975758796,3.5932421052631582
122922,Doctor Strange (2016),22,3.7045454545454546,4.0,0.9127766194556002,3.5927183673469383
6773,"Triplets of Belleville, The (Les triplettes de Belleville) (2003)",22,3.7045454545454546,3.5,0.5772011408727405,3.5927183673469383
3360,Hoosiers (a.k.a. Best Shot) (1986),22,3.7045454545454546,4.0,0.7928528882960185,3.5927183673469383
25,Leaving Las Vegas (1995),76,3.625,4.0,1.1095429357694047,3.5926524271844658
33154,Enron: The Smartest Guys in the Room (2005),6,4.0,4.0,0.6454972243679028,3.5922181818181818
1809,Fireworks (Hana-bi) (1997),6,4.0,3.5,0.7637626158259734,3.5922181818181818
2940,Gilda (1946),6,4.0,4.0,0.0,3.5922181818181818
3494,True Grit (1969),6,4.0,4.0,0.8164965809277261,3.5922181818181818
26133,"Charlie Brown Christmas, A (1965)",6,4.0,4.0,0.816496580927726,3.5922181818181818
162578,Kubo and the Two Strings (2016),6,4.0,4.0,0.645497224367903,3.5922181818181818
1177,Enchanted April (1992),6,4.0,4.0,0.5773502691896257,3.5922181818181818
936,Ninotchka (1939),6,4.0,4.0,0.8660254037844386,3.5922181818181818
56715,Wristcutters: A Love Story (2006),6,4.0,4.0,0.6454972243679028,3.5922181818181818
6820,Ginger Snaps (2000),6,4.0,4.0,0.5,3.5922181818181818
4881,"Man Who Wasn't There, The (2001)",17,3.735294117647059,4.0,0.7299808027053445,3.5918909090909086
920,Gone with the Wind (1939),45,3.6444444444444444,4.0,1.046805841183456,3.5908777777777776
2991,Live and Let Die (1973),23,3.6956521739130435,3.5,0.7333533823231739,3.590864
98243,Rise of the Guardians (2012),12,3.7916666666666665,3.5,0.8025566785107593,3.5908512820512817
2596,SLC Punk! (1998),12,3.7916666666666665,4.0,0.8281086214313246,3.5908512820512817
1674,Witness (1985),40,3.65,4.0,0.8077747210701756,3.590197014925373
1061,Sleepers (1996),29,3.6724137931034484,3.5,0.8123599303027412,3.590057142857143
249,Immortal Beloved (1994),18,3.7222222222222223,4.0,0.8695819912499181,3.5898488888888886
47997,Idiocracy (2006),18,3.7222222222222223,3.5,1.192828364087994,3.5898488888888886
6796,Boyz N the Hood (1991),18,3.7222222222222223,3.5,0.7677930533936251,3.5898488888888886
428,"Bronx Tale, A (1993)",18,3.7222222222222223,3.5,0.7677930533936251,3.5898488888888886
943,"Ghost and Mrs. Muir, The (1947)",7,3.9285714285714284,4.0,0.5624291338579865,3.589505882352941
6380,Capturing the Friedmans (2003),7,3.9285714285714284,4.0,0.9793792286287206,3.589505882352941
2390,Little Voice (1998),7,3.9285714285714284,4.0,0.775912892228587,3.589505882352941
2159,Henry: Portrait of a Serial Killer (1986),7,3.9285714285714284,4.0,0.8206518066482897,3.589505882352941
1184,Mediterraneo (1991),7,3.9285714285714284,4.0,0.6776309271789385,3.589505882352941
98124,"Batman: The Dark Knight Returns, Part 1 (2012)",7,3.9285714285714284,4.0,0.4948716593053935,3.589505882352941
65216,Defiance (2008),7,3.9285714285714284,4.0,0.41649656391752155,3.589505882352941
110501,The Raid 2: Berandal (2014),7,3.9285714285714284,4.0,0.7759128922285867,3.589505882352941
735,Cemetery Man (Dellamorte Dellamore) (1994),7,3.9285714285714284,4.0,0.41649656391752155,3.589505882352941
2025,Lolita (1997),7,3.9285714285714284,4.0,0.6226998490772391,3.589505882352941
3066,Tora! Tora! Tora! (1970),7,3.9285714285714284,4.0,0.5624291338579865,3.589505882352941
3811,Breaker Morant (1980),7,3.9285714285714284,4.0,0.5624291338579864,3.589505882352941
805,"Time to Kill, A (1996)",35,3.657142857142857,4.0,0.7997448572730517,3.589406451612903
1125,"Return of the Pink Panther, The (1975)",24,3.6875,4.0,0.8267972847076845,3.589082352941176
3044,Dead Again (1991),13,3.769230769230769,4.0,0.8685838300489396,3.5885800000000003
3654,"Guns of Navarone, The (1961)",13,3.769230769230769,4.0,0.5756395979652217,3.5885800000000003
115210,Fury (2014),13,3.769230769230769,4.0,0.7497534111391511,3.5885800000000003
6993,Hannah and Her Sisters (1986),13,3.769230769230769,4.0,1.0851335368973758,3.5885800000000003
4467,"Adventures of Baron Munchausen, The (1988)",13,3.769230769230769,4.0,0.890448992522325,3.5885800000000003
2664,Invasion of the Body Snatchers (1956),13,3.769230769230769,4.0,0.6683902768070296,3.5885800000000003
6857,Ninja Scroll (Jûbei ninpûchô) (1995),13,3.769230769230769,4.0,0.9530393610279899,3.5885800000000003
62849,RocknRolla (2008),13,3.769230769230769,3.5,0.6081303192631499,3.5885800000000003
74727,Gentlemen of Fortune (Dzhentlmeny udachi) (1972),2,4.75,4.5,0.25,3.5876965517241377
3302,Beautiful People (1999),2,4.75,4.5,0.25,3.5876965517241377
4298,Rififi (Du rififi chez les hommes) (1955),2,4.75,4.5,0.25,3.5876965517241377
40412,Dead Man's Shoes (2004),2,4.75,4.5,0.25,3.5876965517241377
64197,Hunger (2008),2,4.75,4.5,0.25,3.5876965517241377
73881,3 Idiots (2009),2,4.75,4.5,0.25,3.5876965517241377
670,"World of Apu, The (Apur Sansar) (1959)",2,4.75,4.5,0.25,3.5876965517241377
3855,"Affair of Love, An (Liaison pornographique, Une) (1999)",2,4.75,4.5,0.25,3.5876965517241377
7486,Happy Together (a.k.a. Buenos Aires Affair) (Chun gwong cha sit) (1997),2,4.75,4.5,0.25,3.5876965517241377
30745,Gozu (Gokudô kyôfu dai-gekijô: Gozu) (2003),2,4.75,4.5,0.25,3.5876965517241377
147376,Doctor Who: A Christmas Carol (2010),2,4.75,4.5,0.25,3.5876965517241377
5915,Victory (a.k.a. Escape to Victory) (1981),2,4.75,4.5,0.25,3.5876965517241377
6254,"Awful Truth, The (1937)",2,4.75,4.5,0.25,3.5876965517241377
97866,"Imposter, The (2012)",2,4.75,4.5,0.25,3.5876965517241377
100882,Journey to the West: Conquering the Demons (Daai wa sai you chi Chui mo chun kei) (2013),2,4.75,4.5,0.25,3.5876965517241377
126430,The Pacific (2010),2,4.75,4.5,0.25,3.5876965517241377
166024,Whiplash (2013),2,4.75,4.5,0.25,3.5876965517241377
74282,Anne of Green Gables: The Sequel (a.k.a. Anne of Avonlea) (1987),2,4.75,4.5,0.25,3.5876965517241377
142115,The Blue Planet (2001),2,4.75,4.5,0.25,3.5876965517241377
172591,The Godfather Trilogy: 1972-1990 (1992),2,4.75,4.5,0.25,3.5876965517241377
185135,Sherlock - A Study in Pink (2010),2,4.75,4.5,0.25,3.5876965517241377
32582,"Wild Parrots of Telegraph Hill, The (2003)",2,4.75,4.5,0.25,3.5876965517241377
5772,My Dinner with André (1981),2,4.75,4.5,0.25,3.5876965517241377
7767,"Best of Youth, The (La meglio gioventù) (2003)",2,4.75,4.5,0.25,3.5876965517241377
44889,Reefer Madness: The Movie Musical (2005),2,4.75,4.5,0.25,3.5876965517241377
4246,Bridget Jones's Diary (2001),65,3.623076923076923,4.0,0.9241660241735175,3.5874260869565218
594,Snow White and the Seven Dwarfs (1937),77,3.616883116883117,3.5,0.7849894692655547,3.5869538461538464
82,Antonia's Line (Antonia) (1995),8,3.875,4.0,1.3863170633011772,3.5869485714285716
1701,Deconstructing Harry (1997),8,3.875,4.0,0.9270248108869579,3.5869485714285716
56339,"Orphanage, The (Orfanato, El) (2007)",8,3.875,3.5,0.414578098794425,3.5869485714285716
7076,Bullitt (1968),8,3.875,4.0,0.5448623679425842,3.5869485714285716
99813,"Batman: The Dark Knight Returns, Part 2 (2013)",8,3.875,4.0,0.7395099728874519,3.5869485714285716
3543,Diner (1982),14,3.75,4.0,0.8813544770895048,3.586419512195122
6296,"Mighty Wind, A (2003)",14,3.75,4.0,0.7258000511750562,3.586419512195122
492,Manhattan Murder Mystery (1993),14,3.75,4.0,0.8398554297360605,3.586419512195122
6385,Whale Rider (2002),14,3.75,4.0,1.1299494299683124,3.586419512195122
18,Four Rooms (1995),20,3.7,4.0,0.8860022573334676,3.5860255319148937
27660,"Animatrix, The (2003)",20,3.7,4.0,0.8426149773176358,3.5860255319148937
4720,"Others, The (2001)",55,3.6272727272727274,3.5,1.0322886392432806,3.585892682926829
2359,Waking Ned Devine (a.k.a. Waking Ned) (1998),26,3.673076923076923,4.0,0.8428695000311971,3.5857207547169807
1150,"Return of Martin Guerre, The (Retour de Martin Guerre, Le) (1982)",3,4.333333333333333,4.0,0.4714045207910317,3.5847733333333336
4765,L.I.E. (2001),3,4.333333333333333,4.0,0.4714045207910317,3.5847733333333336
1236,Trust (1990),3,4.333333333333333,4.0,0.4714045207910317,3.5847733333333336
1596,Career Girls (1997),3,4.333333333333333,4.0,0.4714045207910317,3.5847733333333336
2696,"Dinner Game, The (Dîner de cons, Le) (1998)",3,4.333333333333333,4.0,0.4714045207910317,3.5847733333333336
9018,Control Room (2004),3,4.333333333333333,4.0,0.4714045207910317,3.5847733333333336
110130,"Nut Job, The (2014)",3,4.333333333333333,4.0,0.4714045207910317,3.5847733333333336
665,Underground (1995),3,4.333333333333333,4.5,0.23570226039551584,3.5847733333333336
4537,Running on Empty (1988),3,4.333333333333333,4.5,0.23570226039551584,3.5847733333333336
4789,Phantom of the Paradise (1974),3,4.333333333333333,5.0,0.9428090415820634,3.5847733333333336
89759,"Separation, A (Jodaeiye Nader az Simin) (2011)",3,4.333333333333333,4.0,0.4714045207910317,3.5847733333333336
112421,Frank (2014),3,4.333333333333333,4.5,0.23570226039551584,3.5847733333333336
134881,Love & Mercy (2014),3,4.333333333333333,4.0,0.4714045207910317,3.5847733333333336
6235,Europa Europa (Hitlerjunge Salomon) (1990),3,4.333333333333333,4.5,0.6236095644623235,3.5847733333333336
69524,Raiders of the Lost Ark: The Adaptation (1989),3,4.333333333333333,4.5,0.23570226039551584,3.5847733333333336
68848,"Brothers Bloom, The (2008)",3,4.333333333333333,4.0,0.4714045207910317,3.5847733333333336
5470,The Importance of Being Earnest (1952),3,4.333333333333333,4.5,0.23570226039551584,3.5847733333333336
27563,"Happiness of the Katakuris, The (Katakuri-ke no kôfuku) (2001)",3,4.333333333333333,4.5,0.23570226039551584,3.5847733333333336
27834,"Return, The (Vozvrashcheniye) (2003)",3,4.333333333333333,4.5,0.23570226039551584,3.5847733333333336
102194,Mud (2012),3,4.333333333333333,4.0,0.4714045207910317,3.5847733333333336
120478,The Salt of the Earth (2014),3,4.333333333333333,4.5,0.6236095644623235,3.5847733333333336
4117,Hope and Glory (1987),3,4.333333333333333,4.0,0.4714045207910317,3.5847733333333336
6270,Akira Kurosawa's Dreams (Dreams) (1990),3,4.333333333333333,4.5,0.6236095644623235,3.5847733333333336
678,Some Folks Call It a Sling Blade (1993),9,3.8333333333333335,4.0,0.408248290463863,3.5845333333333333
861,Supercop (Police Story 3: Supercop) (Jing cha gu shi III: Chao ji jing cha) (1992),9,3.8333333333333335,4.0,0.8819171036881968,3.5845333333333333
931,Spellbound (1945),9,3.8333333333333335,4.0,0.7453559924999299,3.5845333333333333
446,Farewell My Concubine (Ba wang bie ji) (1993),9,3.8333333333333335,4.0,1.2247448713915892,3.5845333333333333
1260,M (1931),15,3.7333333333333334,4.0,1.1085526098877259,3.584361904761905
2118,"Dead Zone, The (1983)",15,3.7333333333333334,3.5,0.8537498983243799,3.584361904761905
349,Clear and Present Danger (1994),110,3.6045454545454545,4.0,0.7778041776970442,3.5842569343065698
7254,The Butterfly Effect (2004),46,3.630434782608696,4.0,1.0238184208101404,3.5827835616438355
3105,Awakenings (1990),22,3.6818181818181817,4.0,0.631474726793173,3.5825142857142853
6323,Identity (2003),22,3.6818181818181817,4.0,0.7767276132106847,3.5825142857142853
8981,Closer (2004),16,3.71875,4.0,0.7064159097160821,3.5824
2114,"Outsiders, The (1983)",16,3.71875,3.5,0.6606992034958116,3.5824
166643,Hidden Figures (2016),10,3.8,4.0,0.7810249675906653,3.5822486486486484
7706,Animal Crackers (1930),4,4.125,4.0,0.2165063509461097,3.5820387096774193
2066,Out of the Past (1947),4,4.125,4.0,0.5448623679425842,3.5820387096774193
187,Party Girl (1995),4,4.125,4.0,0.739509972887452,3.5820387096774193
3091,Kagemusha (1980),4,4.125,4.0,0.414578098794425,3.5820387096774193
170697,Gifted (2017),4,4.125,4.0,0.21650635094610965,3.5820387096774193
680,"Alphaville (Alphaville, une étrange aventure de Lemmy Caution) (1965)",4,4.125,4.0,0.739509972887452,3.5820387096774193
27879,DiG! (2004),4,4.125,4.0,0.2165063509461097,3.5820387096774193
4160,"Widow of St. Pierre, The (Veuve de Saint-Pierre, La) (2000)",4,4.125,4.0,0.739509972887452,3.5820387096774193
105197,Nebraska (2013),4,4.125,3.5,0.6495190528383289,3.5820387096774193
718,"Visitors, The (Visiteurs, Les) (1993)",4,4.125,4.0,0.5448623679425841,3.5820387096774193
1392,Citizen Ruth (1996),4,4.125,4.0,0.7395099728874521,3.5820387096774193
3306,"Circus, The (1928)",4,4.125,4.0,0.414578098794425,3.5820387096774193
3677,Baraka (1992),4,4.125,4.0,0.739509972887452,3.5820387096774193
39869,Manderlay (2005),4,4.125,4.0,0.2165063509461097,3.5820387096774193
199,"Umbrellas of Cherbourg, The (Parapluies de Cherbourg, Les) (1964)",4,4.125,4.0,0.7395099728874519,3.5820387096774193
1111,Microcosmos (Microcosmos: Le peuple de l'herbe) (1996),4,4.125,4.0,0.5448623679425841,3.5820387096774193
2333,Gods and Monsters (1998),4,4.125,4.0,0.5448623679425842,3.5820387096774193
3822,"Girl on the Bridge, The (Fille sur le pont, La) (1999)",4,4.125,4.0,0.5448623679425842,3.5820387096774193
4432,Sweet Smell of Success (1957),4,4.125,4.0,0.5448623679425842,3.5820387096774193
104069,Louis C.K.: Oh My God (2013),4,4.125,4.0,0.739509972887452,3.5820387096774193
121231,It Follows (2014),4,4.125,3.5,0.8926785535678563,3.5820387096774193
6378,"Italian Job, The (2003)",59,3.6186440677966103,3.5,0.7150855291433555,3.5818976744186046
628,Primal Fear (1996),35,3.642857142857143,3.5,0.8829449794492825,3.581341935483871
508,Philadelphia (1993),66,3.6136363636363638,3.5,0.8824700808107722,3.581109677419355
72998,Avatar (2009),97,3.6030927835051547,4.0,1.0623309916034256,3.5809935483870965
2336,Elizabeth (1998),23,3.6739130434782608,4.0,0.9279324334962193,3.580864
50068,Letters from Iwo Jima (2006),17,3.7058823529411766,3.5,0.5161743757289483,3.580527272727273
1296,"Room with a View, A (1986)",17,3.7058823529411766,4.0,1.0854495345438786,3.580527272727273
117176,The Theory of Everything (2014),17,3.7058823529411766,4.0,0.858501148195672,3.580527272727273
81591,Black Swan (2010),42,3.630952380952381,4.0,1.0804514257692068,3.5803362318840577
2135,Doctor Dolittle (1967),11,3.772727272727273,4.0,1.030525822614058,3.5800842105263158
62374,Body of Lies (2008),11,3.772727272727273,4.0,0.6523954588366964,3.5800842105263158
6947,Master and Commander: The Far Side of the World (2003),36,3.638888888888889,3.5,0.8945134548947009,3.580050793650793
1633,Ulee's Gold (1997),5,4.0,4.0,0.6324555320336759,3.579475
77800,Four Lions (2010),5,4.0,4.0,0.8366600265340756,3.579475
3182,"Mr. Death: The Rise and Fall of Fred A. Leuchter, Jr. (1999)",5,4.0,4.0,0.5477225575051661,3.579475
47423,Half Nelson (2006),5,4.0,4.0,0.6324555320336759,3.579475
2206,Suspicion (1941),5,4.0,4.0,0.7071067811865476,3.579475
6301,Straw Dogs (1971),5,4.0,4.0,0.31622776601683805,3.579475
6370,"Spanish Apartment, The (L'auberge espagnole) (2002)",5,4.0,4.5,0.8944271909999159,3.579475
33903,"Edukators, The (Die Fetten Jahre sind vorbei) (2004)",5,4.0,4.0,0.447213595499958,3.579475
3115,Flawless (1999),5,4.0,4.0,0.6324555320336759,3.579475
41863,"Three Burials of Melquiades Estrada, The (2006)",5,4.0,4.0,0.4472135954999579,3.579475
4921,Little Women (1933),5,4.0,4.0,0.5477225575051661,3.579475
8827,"Bill Cosby, Himself (1983)",5,4.0,4.0,0.7071067811865475,3.579475
42632,Lady Vengeance (Sympathy for Lady Vengeance) (Chinjeolhan geumjassi) (2005),5,4.0,4.0,0.7071067811865476,3.579475
3632,Monsieur Verdoux (1947),5,4.0,4.0,0.6324555320336759,3.579475
103235,"Best Offer, The (Migliore offerta, La) (2013)",5,4.0,4.5,0.6324555320336759,3.579475
6565,Seabiscuit (2003),18,3.6944444444444446,3.5,0.6041267547480984,3.5787377777777776
2476,Heartbreak Ridge (1986),12,3.75,4.0,0.721687836487032,3.578030769230769
72737,"Princess and the Frog, The (2009)",12,3.75,3.5,0.7216878364870323,3.578030769230769
5816,Harry Potter and the Chamber of Secrets (2002),102,3.5980392156862746,3.5,0.9209948151007812,3.577854263565891
353,"Crow, The (1994)",64,3.609375,3.5,0.9620483924288837,3.5773978021978023
949,East of Eden (1955),6,3.9166666666666665,4.0,0.18633899812498245,3.577066666666667
1875,Clockwatchers (1997),6,3.9166666666666665,4.0,0.6066758241067098,3.577066666666667
4546,"Vanishing, The (Spoorloos) (1988)",6,3.9166666666666665,4.0,0.3435921354681383,3.577066666666667
96728,"Master, The (2012)",6,3.9166666666666665,4.0,0.7312470322826768,3.577066666666667
2208,"Lady Vanishes, The (1938)",6,3.9166666666666665,4.0,0.7312470322826768,3.577066666666667
3925,Stranger Than Paradise (1984),6,3.9166666666666665,4.0,1.3043729868748772,3.577066666666667
100383,Side Effects (2013),6,3.9166666666666665,3.5,0.6066758241067098,3.577066666666667
4210,Manhunter (1986),6,3.9166666666666665,3.5,0.6718548123582124,3.577066666666667
96811,End of Watch (2012),6,3.9166666666666665,4.0,0.6066758241067098,3.577066666666667
3181,Titus (1999),6,3.9166666666666665,4.0,0.7861650943380504,3.577066666666667
4754,"Wicker Man, The (1973)",6,3.9166666666666665,4.0,0.18633899812498245,3.577066666666667
81156,Jackass 3D (2010),6,3.9166666666666665,4.0,0.7312470322826768,3.577066666666667
948,Giant (1956),6,3.9166666666666665,4.0,0.6066758241067098,3.577066666666667
5339,Husbands and Wives (1992),6,3.9166666666666665,3.5,0.5335936864527374,3.577066666666667
8958,Ray (2004),19,3.6842105263157894,4.0,0.7815390739430262,3.577026086956522
112138,22 Jump Street (2014),19,3.6842105263157894,4.0,0.7815390739430264,3.577026086956522
4873,Waking Life (2001),19,3.6842105263157894,4.0,1.0663578731239371,3.577026086956522
96610,Looper (2012),32,3.640625,3.5,0.8499482980599465,3.5770033898305087
2795,National Lampoon's Vacation (1983),26,3.6538461538461537,3.5,0.805858724606037,3.57628679245283
1500,Grosse Pointe Blank (1997),59,3.610169491525424,4.0,0.9658042955870084,3.5760837209302325
2065,"Purple Rose of Cairo, The (1985)",13,3.730769230769231,4.0,0.9530393610279898,3.57608
7265,"Dreamers, The (2003)",13,3.730769230769231,3.5,0.5756395979652218,3.57608
47629,The Queen (2006),13,3.730769230769231,4.0,0.749753411139151,3.57608
54272,"Simpsons Movie, The (2007)",46,3.619565217391304,3.5,0.7385707599721387,3.5759342465753416
1297,Real Genius (1985),20,3.675,4.0,0.8257572282456872,3.5753872340425534
2240,My Bodyguard (1980),7,3.857142857142857,4.0,0.8329931278350429,3.5747999999999998
5292,Slap Shot (1977),7,3.857142857142857,4.0,1.0251928638862373,3.5747999999999998
71033,"Secret in Their Eyes, The (El secreto de sus ojos) (2009)",7,3.857142857142857,4.0,1.2163847404233143,3.5747999999999998
4380,"Princess and the Warrior, The (Krieger und die Kaiserin, Der) (2000)",7,3.857142857142857,4.0,0.8329931278350429,3.5747999999999998
6987,"Cabinet of Dr. Caligari, The (Cabinet des Dr. Caligari., Das) (1920)",7,3.857142857142857,3.5,0.7889543583705186,3.5747999999999998
82169,"Chronicles of Narnia: The Voyage of the Dawn Treader, The (2010)",7,3.857142857142857,4.0,0.6388765649999398,3.5747999999999998
85,Angels and Insects (1995),7,3.857142857142857,5.0,1.4568627181693672,3.5747999999999998
80831,Let Me In (2010),7,3.857142857142857,3.5,0.8329931278350428,3.5747999999999998
1202,Withnail & I (1987),7,3.857142857142857,4.0,0.5802884574739972,3.5747999999999998
72733,Invictus (2009),7,3.857142857142857,4.0,0.6388765649999398,3.5747999999999998
81788,"Next Three Days, The (2010)",7,3.857142857142857,4.0,0.5802884574739972,3.5747999999999998
2846,"Adventures of Milo and Otis, The (Koneko monogatari) (1986)",7,3.857142857142857,3.5,0.7423074889580902,3.5747999999999998
2859,Stop Making Sense (1984),7,3.857142857142857,4.0,0.7889543583705186,3.5747999999999998
7139,In America (2002),7,3.857142857142857,4.0,0.6388765649999398,3.5747999999999998
950,"Thin Man, The (1934)",7,3.857142857142857,4.0,0.7889543583705185,3.5747999999999998
2640,Superman (1978),61,3.6065573770491803,4.0,0.8153986960948123,3.574354545454545
53894,Sicko (2007),14,3.7142857142857144,3.5,0.48968961431436037,3.5742243902439026
96737,Dredd (2012),14,3.7142857142857144,4.0,1.0301575072754257,3.5742243902439026
4378,Sexy Beast (2000),14,3.7142857142857144,4.0,0.6998542122237652,3.5742243902439026
2117,1984 (Nineteen Eighty-Four) (1984),14,3.7142857142857144,4.0,0.817537367304257,3.5742243902439026
7445,Man on Fire (2004),35,3.6285714285714286,4.0,0.9361231385946215,3.573277419354839
59369,Taken (2008),42,3.619047619047619,4.0,1.0900498230723425,3.573089855072464
2919,"Year of Living Dangerously, The (1982)",8,3.8125,4.0,0.7043392293490403,3.5726628571428574
44694,Volver (2006),8,3.8125,3.5,0.6584783595532961,3.5726628571428574
6187,"Life of David Gale, The (2003)",8,3.8125,3.5,0.6584783595532961,3.5726628571428574
7034,Show Me Love (Fucking Åmål) (1998),8,3.8125,3.5,0.7880950133074057,3.5726628571428574
2401,Pale Rider (1985),8,3.8125,4.0,0.7043392293490403,3.5726628571428574
4037,House of Games (1987),8,3.8125,4.0,0.7473912964438373,3.5726628571428574
54736,"Kingdom, The (2007)",8,3.8125,3.5,0.7880950133074057,3.5726628571428574
89753,Tinker Tailor Soldier Spy (2011),8,3.8125,4.0,1.0879309490955755,3.5726628571428574
4857,Fiddler on the Roof (1971),8,3.8125,4.0,1.1439378261076953,3.5726628571428574
111617,Blended (2014),8,3.8125,4.0,0.8267972847076847,3.5726628571428574
3526,Parenthood (1989),15,3.7,4.0,0.812403840463596,3.572457142857143
8638,Before Sunset (2004),15,3.7,4.0,1.0132456102380443,3.572457142857143
5992,"Hours, The (2002)",15,3.7,4.0,1.077032961426901,3.572457142857143
41,Richard III (1995),15,3.7,4.0,0.6531972647421809,3.572457142857143
3317,Wonder Boys (2000),22,3.659090909090909,4.0,0.8032089566851043,3.5723102040816324
1188,Strictly Ballroom (1992),22,3.659090909090909,4.0,1.2283244651701508,3.5723102040816324
91630,Mission: Impossible - Ghost Protocol (2011),22,3.659090909090909,4.0,0.7132888557488735,3.5723102040816324
1393,Jerry Maguire (1996),85,3.5941176470588236,3.5,0.9058441550388194,3.571814285714286
38038,Wallace & Gromit in The Curse of the Were-Rabbit (2005),30,3.6333333333333333,3.5,1.0949378470437894,3.570933333333333
134368,Spy (2015),16,3.6875,3.5,0.933324032691755,3.5707720930232556
7158,House of Sand and Fog (2003),9,3.7777777777777777,4.0,0.5328701692569687,3.5706444444444445
52885,Paprika (Papurika) (2006),9,3.7777777777777777,3.5,0.8202679477907445,3.5706444444444445
36535,Everything Is Illuminated (2005),9,3.7777777777777777,4.0,0.6712803318663652,3.5706444444444445
101142,"Croods, The (2013)",9,3.7777777777777777,4.0,0.7114582486036499,3.5706444444444445
2941,South Pacific (1958),9,3.7777777777777777,4.0,0.628539361054709,3.5706444444444445
3685,Prizzi's Honor (1985),9,3.7777777777777777,4.0,0.7856742013183861,3.5706444444444445
4387,Kiss of the Dragon (2001),9,3.7777777777777777,4.0,0.41573970964154905,3.5706444444444445
389,"Colonel Chabert, Le (1994)",2,4.5,4.0,0.5,3.570455172413793
506,Orlando (1992),2,4.5,4.0,0.5,3.570455172413793
1112,Palookaville (1996),2,4.5,4.0,0.5,3.570455172413793
33564,Divorce - Italian Style (Divorzio all'italiana) (1961),2,4.5,4.0,0.5,3.570455172413793
50842,"Boss of It All, The (Direktøren for det hele) (2006)",2,4.5,4.5,0.0,3.570455172413793
71131,"Most Hated Family in America, The (2007)",2,4.5,4.0,0.5,3.570455172413793
105593,Filth (2013),2,4.5,4.0,0.5,3.570455172413793
164917,13th (2016),2,4.5,4.5,0.0,3.570455172413793
166568,Miss Sloane (2016),2,4.5,4.0,0.5,3.570455172413793
2295,"Impostors, The (1998)",2,4.5,4.0,0.5,3.570455172413793
3673,Benji the Hunted (1987),2,4.5,4.0,0.5,3.570455172413793
5603,"Lavender Hill Mob, The (1951)",2,4.5,4.0,0.5,3.570455172413793
8405,Hour of the Wolf (Vargtimmen) (1968),2,4.5,4.5,0.0,3.570455172413793
8477,"Jetée, La (1962)",2,4.5,4.0,0.5,3.570455172413793
57183,Like Stars on Earth (Taare Zameen Par) (2007),2,4.5,4.0,0.5,3.570455172413793
549,Thirty-Two Short Films About Glenn Gould (1993),2,4.5,4.0,0.5,3.570455172413793
5288,"Atomic Cafe, The (1982)",2,4.5,4.0,0.5,3.570455172413793
5637,Flirting (1991),2,4.5,4.0,0.5,3.570455172413793
5890,Elling (2001),2,4.5,4.0,0.5,3.570455172413793
26524,"Times of Harvey Milk, The (1984)",2,4.5,4.5,0.0,3.570455172413793
69529,Home (2009),2,4.5,4.0,0.5,3.570455172413793
148881,World of Tomorrow (2015),2,4.5,4.0,0.5,3.570455172413793
4077,"With a Friend Like Harry... (Harry, un ami qui vous veut du bien) (2000)",2,4.5,4.0,0.5,3.570455172413793
4273,Under the Sand (2000),2,4.5,4.0,0.5,3.570455172413793
4708,Marat/Sade (1966),2,4.5,4.0,0.5,3.570455172413793
50851,Cocaine Cowboys (2006),2,4.5,4.0,0.5,3.570455172413793
176751,American Made (2017),2,4.5,4.0,0.5,3.570455172413793
1533,"Promise, The (La promesse) (1996)",2,4.5,4.0,0.5,3.570455172413793
1571,When the Cat's Away (Chacun cherche son chat) (1996),2,4.5,4.0,0.5,3.570455172413793
2330,Hands on a Hard Body (1996),2,4.5,4.0,0.5,3.570455172413793
3241,"Cup, The (Phörpa) (1999)",2,4.5,4.0,0.5,3.570455172413793
5919,Android (1982),2,4.5,4.0,0.5,3.570455172413793
1545,Ponette (1996),2,4.5,4.0,0.5,3.570455172413793
3475,"Place in the Sun, A (1951)",2,4.5,4.0,0.5,3.570455172413793
33779,Eddie Izzard: Dress to Kill (1999),2,4.5,4.0,0.5,3.570455172413793
92643,Monsieur Lazhar (2011),2,4.5,4.0,0.5,3.570455172413793
171495,Cosmos,2,4.5,4.0,0.5,3.570455172413793
3046,"Incredibly True Adventure of Two Girls in Love, The (1995)",2,4.5,4.0,0.5,3.570455172413793
4429,Moby Dick (1956),2,4.5,4.0,0.5,3.570455172413793
26116,"Hush... Hush, Sweet Charlotte (1964)",2,4.5,4.0,0.5,3.570455172413793
60408,Welcome to the Sticks (Bienvenue chez les Ch'tis) (2008),2,4.5,4.0,0.5,3.570455172413793
144976,Bone Tomahawk (2015),2,4.5,4.5,0.0,3.570455172413793
2314,Beloved (1998),2,4.5,4.0,0.5,3.570455172413793
3546,What Ever Happened to Baby Jane? (1962),2,4.5,4.0,0.5,3.570455172413793
5867,Thief (1981),2,4.5,4.0,0.5,3.570455172413793
7614,Oklahoma! (1955),2,4.5,4.0,0.5,3.570455172413793
89582,Cold Fish (Tsumetai nettaigyo) (2010),2,4.5,4.5,0.0,3.570455172413793
1406,La Cérémonie (1995),2,4.5,4.0,0.5,3.570455172413793
3003,Train of Life (Train de vie) (1998),2,4.5,4.5,0.0,3.570455172413793
5181,Hangar 18 (1980),2,4.5,4.0,0.5,3.570455172413793
5938,Deathtrap (1982),2,4.5,4.0,0.5,3.570455172413793
26326,"Holy Mountain, The (Montaña sagrada, La) (1973)",2,4.5,4.0,0.5,3.570455172413793
27619,"Lion King 1½, The (2004)",2,4.5,4.5,0.0,3.570455172413793
48698,Deliver Us from Evil (2006),2,4.5,4.0,0.5,3.570455172413793
100553,Frozen Planet (2011),2,4.5,4.5,0.0,3.570455172413793
148671,Saw (2003),2,4.5,4.0,0.5,3.570455172413793
160718,Piper (2016),2,4.5,4.5,0.0,3.570455172413793
97938,Life of Pi (2012),31,3.629032258064516,4.0,0.9916403967057676,3.5697103448275858
3098,"Natural, The (1984)",24,3.6458333333333335,4.0,0.6843361544023684,3.5694745098039213
56152,Enchanted (2007),17,3.676470588235294,3.5,0.5128116404165498,3.569163636363636
3271,Of Mice and Men (1992),17,3.676470588235294,4.0,0.7463869141440893,3.569163636363636
40278,Jarhead (2005),17,3.676470588235294,4.0,0.6169463812765597,3.569163636363636
2594,Open Your Eyes (Abre los ojos) (1997),10,3.75,4.0,0.7158910531638176,3.568735135135135
1873,"Misérables, Les (1998)",10,3.75,3.5,0.7826237921249264,3.568735135135135
3676,Eraserhead (1977),10,3.75,3.5,0.7826237921249263,3.568735135135135
4322,Eight Men Out (1988),10,3.75,4.0,0.5123475382979799,3.568735135135135
2366,King Kong (1933),25,3.64,4.0,0.9748846085563152,3.568138461538462
2872,Excalibur (1981),25,3.64,3.5,0.9951884243699782,3.568138461538462
5965,"Duellists, The (1977)",3,4.166666666666667,4.0,0.23570226039551584,3.568106666666667
72489,Ninja Assassin (2009),3,4.166666666666667,4.0,0.23570226039551584,3.568106666666667
147374,"Doctor Who: The Doctor, the Widow and the Wardrobe (2011)",3,4.166666666666667,4.5,0.8498365855987975,3.568106666666667
25841,Stage Door (1937),3,4.166666666666667,4.0,0.23570226039551584,3.568106666666667
27722,Last Life in the Universe (Ruang rak noi nid mahasan) (2003),3,4.166666666666667,4.0,0.6236095644623235,3.568106666666667
2563,Dangerous Beauty (1998),3,4.166666666666667,4.5,0.8498365855987975,3.568106666666667
4441,Game of Death (1978),3,4.166666666666667,4.0,0.6236095644623235,3.568106666666667
6051,"Harder They Come, The (1973)",3,4.166666666666667,4.5,0.8498365855987975,3.568106666666667
6776,Lagaan: Once Upon a Time in India (2001),3,4.166666666666667,4.0,0.23570226039551584,3.568106666666667
38095,"Bittersweet Life, A (Dalkomhan insaeng) (2005)",3,4.166666666666667,4.0,0.6236095644623235,3.568106666666667
47491,Adam's Apples (Adams æbler) (2005),3,4.166666666666667,4.0,0.23570226039551584,3.568106666666667
55444,Control (2007),3,4.166666666666667,4.0,0.6236095644623235,3.568106666666667
4278,Triumph of the Will (Triumph des Willens) (1934),3,4.166666666666667,4.0,0.6236095644623235,3.568106666666667
3653,"Endless Summer, The (1966)",3,4.166666666666667,4.5,0.8498365855987975,3.568106666666667
4809,Silkwood (1983),3,4.166666666666667,4.0,0.6236095644623235,3.568106666666667
95309,Seeking a Friend for the End of the World (2012),3,4.166666666666667,4.0,0.23570226039551584,3.568106666666667
95654,Geri's Game (1997),3,4.166666666666667,4.0,0.6236095644623235,3.568106666666667
2931,Time of the Gypsies (Dom za vesanje) (1989),3,4.166666666666667,4.0,0.23570226039551584,3.568106666666667
3075,Repulsion (1965),3,4.166666666666667,4.5,0.8498365855987975,3.568106666666667
6027,Dogfight (1991),3,4.166666666666667,4.0,0.23570226039551584,3.568106666666667
58425,Heima (2007),3,4.166666666666667,4.0,0.6236095644623235,3.568106666666667
87234,Submarine (2010),3,4.166666666666667,4.0,0.6236095644623235,3.568106666666667
156371,Everybody Wants Some (2016),3,4.166666666666667,4.0,0.6236095644623235,3.568106666666667
2943,Indochine (1992),3,4.166666666666667,4.0,0.6236095644623235,3.568106666666667
6306,I Am Trying to Break Your Heart (2002),3,4.166666666666667,4.0,0.6236095644623235,3.568106666666667
8838,Alice Doesn't Live Here Anymore (1974),3,4.166666666666667,4.0,0.6236095644623235,3.568106666666667
80139,Jackass 2.5 (2007),3,4.166666666666667,4.5,0.8498365855987975,3.568106666666667
3813,Interiors (1978),3,4.166666666666667,4.0,0.6236095644623235,3.568106666666667
4444,"Way of the Dragon, The (a.k.a. Return of the Dragon) (Meng long guo jiang) (1972)",3,4.166666666666667,4.0,0.6236095644623235,3.568106666666667
5120,Sleuth (1972),3,4.166666666666667,4.0,0.23570226039551584,3.568106666666667
26578,"Sacrifice, The (Offret - Sacraficatio) (1986)",3,4.166666666666667,4.0,0.23570226039551584,3.568106666666667
3415,"Mirror, The (Zerkalo) (1975)",3,4.166666666666667,4.0,0.23570226039551584,3.568106666666667
7216,High Sierra (1941),3,4.166666666666667,4.5,0.4714045207910317,3.568106666666667
8261,3 Women (Three Women) (1977),3,4.166666666666667,4.0,0.23570226039551584,3.568106666666667
224,Don Juan DeMarco (1995),40,3.6125,3.5,0.7457169369137325,3.56780895522388
194,Smoke (1995),18,3.6666666666666665,4.0,1.2360330811826103,3.5676266666666665
5673,Punch-Drunk Love (2002),33,3.621212121212121,3.5,1.1148467963119488,3.5673866666666667
122906,Black Panther (2017),11,3.727272727272727,4.0,1.0946904162538451,3.5669263157894737
89774,Warrior (2011),11,3.727272727272727,4.0,0.9136250564655355,3.5669263157894737
106487,The Hunger Games: Catching Fire (2013),26,3.6346153846153846,4.0,0.8721954208037359,3.566852830188679
2144,Sixteen Candles (1984),49,3.6020408163265305,3.5,0.8389716241263047,3.566357894736842
64969,Yes Man (2008),34,3.6176470588235294,3.5,0.8916180230131834,3.5662819672131145
90430,Carnage (2011),4,4.0,3.5,0.7905694150420949,3.565909677419355
105653,Escape Plan (2013),4,4.0,4.0,0.0,3.565909677419355
117887,Paddington (2014),4,4.0,4.0,0.35355339059327373,3.565909677419355
2967,"Bad Seed, The (1956)",4,4.0,4.0,0.0,3.565909677419355
4738,Happy Accidents (2000),4,4.0,4.0,0.3535533905932738,3.565909677419355
5646,Valmont (1989),4,4.0,4.0,0.7071067811865476,3.565909677419355
101962,Wolf Children (Okami kodomo no ame to yuki) (2012),4,4.0,4.0,0.7071067811865476,3.565909677419355
168326,The Big Sick (2017),4,4.0,4.0,0.7071067811865476,3.565909677419355
8011,"Weather Underground, The (2002)",4,4.0,4.0,0.0,3.565909677419355
49772,"Painted Veil, The (2006)",4,4.0,4.0,0.9354143466934854,3.565909677419355
5899,Zulu (1964),4,4.0,3.0,0.9999999999999999,3.565909677419355
6368,Cinemania (2002),4,4.0,3.5,0.6123724356957946,3.565909677419355
7766,Throne of Blood (Kumonosu jô) (1957),4,4.0,4.0,0.0,3.565909677419355
147384,Doctor Who: The Runaway Bride (2007),4,4.0,4.0,0.6123724356957945,3.565909677419355
7303,The Diary of Anne Frank (1959),4,4.0,4.0,0.35355339059327373,3.565909677419355
27882,Riding Giants (2004),4,4.0,4.0,0.6123724356957945,3.565909677419355
3801,Anatomy of a Murder (1959),4,4.0,4.0,0.0,3.565909677419355
7587,"Samouraï, Le (Godson, The) (1967)",4,4.0,4.0,0.7071067811865476,3.565909677419355
299,Priest (1994),4,4.0,3.0,0.9999999999999999,3.565909677419355
5466,My Wife is an Actress (Ma Femme est une Actrice) (2001),4,4.0,3.0,0.9999999999999999,3.565909677419355
6808,Where Eagles Dare (1968),4,4.0,4.0,0.6123724356957945,3.565909677419355
581,"Celluloid Closet, The (1995)",4,4.0,4.0,0.7071067811865476,3.565909677419355
6375,Gigantic (A Tale of Two Johns) (2002),4,4.0,3.5,0.7905694150420948,3.565909677419355
7481,Enemy Mine (1985),4,4.0,3.5,0.5,3.565909677419355
8581,Pirates of Silicon Valley (1999),4,4.0,4.0,0.3535533905932738,3.565909677419355
86142,13 Assassins (Jûsan-nin no shikaku) (2010),4,4.0,3.5,0.7905694150420947,3.565909677419355
140359,Doctor Who: The Waters of Mars (2009),4,4.0,4.0,0.6123724356957945,3.565909677419355
1179,"Grifters, The (1990)",27,3.6296296296296298,4.0,1.0054719970739427,3.565614814814815
36708,Family Guy Presents Stewie Griffin: The Untold Story (2005),12,3.7083333333333335,4.0,0.5187458165828638,3.565210256410256
900,"American in Paris, An (1951)",12,3.7083333333333335,4.0,0.62777163222164,3.565210256410256
3244,"Goodbye Girl, The (1977)",12,3.7083333333333335,3.5,0.7488416981504762,3.565210256410256
89470,Contagion (2011),12,3.7083333333333335,4.0,0.5187458165828638,3.565210256410256
4865,From Hell (2001),20,3.65,4.0,0.8958236433584458,3.564748936170213
1333,"Birds, The (1963)",44,3.602272727272727,4.0,0.7947236902229936,3.5639887323943658
95858,For the Birds (2000),5,3.9,4.0,0.19999999999999998,3.56385
187595,Solo: A Star Wars Story (2018),5,3.9,4.0,0.66332495807108,3.56385
7018,Presumed Innocent (1990),5,3.9,3.5,0.9695359714832659,3.56385
5876,"Quiet American, The (2002)",5,3.9,4.0,0.66332495807108,3.56385
8607,Tokyo Godfathers (2003),5,3.9,4.0,0.6633249580710798,3.56385
973,Meet John Doe (1941),5,3.9,4.0,0.2,3.56385
1050,Looking for Richard (1996),5,3.9,4.0,0.2,3.56385
1366,"Crucible, The (1996)",5,3.9,4.0,0.7999999999999999,3.56385
1785,King of New York (1990),5,3.9,4.0,0.6633249580710798,3.56385
6985,"Passion of Joan of Arc, The (Passion de Jeanne d'Arc, La) (1928)",5,3.9,4.0,0.7348469228349533,3.56385
26084,"Music Man, The (1962)",5,3.9,3.5,0.5830951894845301,3.56385
128620,Victoria (2015),5,3.9,3.5,0.58309518948453,3.56385
70599,"Time Traveler's Wife, The (2009)",5,3.9,4.0,0.3741657386773942,3.56385
26258,"Topo, El (1970)",5,3.9,4.0,1.1135528725660044,3.56385
116,Anne Frank Remembered (1995),5,3.9,3.5,0.9165151389911681,3.56385
3871,Shane (1953),5,3.9,4.0,0.3741657386773941,3.56385
5570,Thesis (Tesis) (1996),5,3.9,4.0,0.8,3.56385
62999,Madagascar: Escape 2 Africa (2008),13,3.6923076923076925,3.5,0.6944411571256842,3.5635800000000004
417,Barcelona (1994),13,3.6923076923076925,4.0,1.1357556200179537,3.5635800000000004
106696,Frozen (2013),29,3.6206896551724137,4.0,1.0800317078183328,3.5632714285714284
3104,Midnight Run (1988),22,3.6363636363636362,4.0,0.8003098573481368,3.5621061224489794
152077,10 Cloverfield Lane (2016),14,3.6785714285714284,4.0,0.722276729148453,3.562029268292683
135143,Fantastic Beasts and Where to Find Them (2016),14,3.6785714285714284,4.0,0.7222767291484531,3.562029268292683
157699,Snowden (2016),6,3.8333333333333335,3.5,0.5527707983925666,3.5619151515151515
4978,Lantana (2001),6,3.8333333333333335,3.5,0.7453559924999298,3.5619151515151515
2579,Following (1998),6,3.8333333333333335,4.0,0.23570226039551587,3.5619151515151515
6461,"Unforgiven, The (1960)",6,3.8333333333333335,3.5,0.7453559924999299,3.5619151515151515
50685,Waitress (2007),6,3.8333333333333335,3.5,0.3726779962499649,3.5619151515151515
27741,"Twilight Samurai, The (Tasogare Seibei) (2002)",6,3.8333333333333335,3.5,0.5527707983925667,3.5619151515151515
213,Burnt by the Sun (Utomlyonnye solntsem) (1994),6,3.8333333333333335,4.5,1.6499158227686108,3.5619151515151515
171,Jeffrey (1995),6,3.8333333333333335,3.0,0.8975274678557507,3.5619151515151515
71579,"Education, An (2009)",6,3.8333333333333335,3.5,0.6236095644623235,3.5619151515151515
4308,Moulin Rouge (2001),55,3.590909090909091,4.0,1.1873994085276869,3.56150243902439
3668,Romeo and Juliet (1968),15,3.6666666666666665,3.5,0.7673909622147559,3.560552380952381
1095,Glengarry Glen Ross (1992),15,3.6666666666666665,4.0,0.9428090415820634,3.560552380952381
1959,Out of Africa (1985),15,3.6666666666666665,3.5,0.596284793999944,3.560552380952381
3036,"Quest for Fire (Guerre du feu, La) (1981)",7,3.7857142857142856,4.0,0.9948848769417228,3.5600941176470586
5325,Dogtown and Z-Boyz (2001),7,3.7857142857142856,4.0,0.45175395145262565,3.5600941176470586
74545,"Ghost Writer, The (2010)",7,3.7857142857142856,4.0,0.5890150893739515,3.5600941176470586
6645,THX 1138 (1971),7,3.7857142857142856,4.0,0.6468132241526726,3.5600941176470586
58154,"Other Boleyn Girl, The (2008)",7,3.7857142857142856,4.0,0.45175395145262565,3.5600941176470586
8340,Escape from Alcatraz (1979),7,3.7857142857142856,4.0,0.45175395145262554,3.5600941176470586
43396,"World's Fastest Indian, The (2005)",7,3.7857142857142856,4.0,0.3642156795423418,3.5600941176470586
7419,After Hours (1985),7,3.7857142857142856,4.0,0.24743582965269673,3.5600941176470586
7980,"Bridge Too Far, A (1977)",7,3.7857142857142856,3.5,0.3642156795423418,3.5600941176470586
90439,Margin Call (2011),7,3.7857142857142856,3.5,0.8390957231764807,3.5600941176470586
122896,Pirates of the Caribbean: Dead Men Tell No Tales (2017),7,3.7857142857142856,3.5,0.5890150893739514,3.5600941176470586
8970,Finding Neverland (2004),32,3.609375,4.0,0.8266496291507062,3.5600542372881354
3175,Galaxy Quest (1999),75,3.58,4.0,1.0329246503658114,3.5592470588235297
8360,Shrek 2 (2004),92,3.5760869565217392,3.5,0.9323147403357188,3.5591865546218493
1254,"Treasure of the Sierra Madre, The (1948)",16,3.65625,4.0,1.0565088440235608,3.5591441860465114
4349,Catch-22 (1970),8,3.75,4.0,0.6614378277661477,3.558377142857143
146656,Creed (2015),8,3.75,3.5,0.6123724356957944,3.558377142857143
2889,"Mystery, Alaska (1999)",8,3.75,3.5,0.6123724356957946,3.558377142857143
1889,Insomnia (1997),8,3.75,3.5,0.6123724356957945,3.558377142857143
8973,Bad Education (La mala educación) (2004),8,3.75,4.0,0.9354143466934854,3.558377142857143
2033,"Black Cauldron, The (1985)",8,3.75,3.5,0.7071067811865476,3.558377142857143
27731,"Cat Returns, The (Neko no ongaeshi) (2002)",8,3.75,3.5,0.5590169943749475,3.558377142857143
54259,Stardust (2007),34,3.6029411764705883,3.5,0.9531635542999296,3.558085245901639
85414,Source Code (2011),34,3.6029411764705883,3.5,0.6391562885911979,3.558085245901639
1947,West Side Story (1961),34,3.6029411764705883,4.0,1.199138243052717,3.558085245901639
111781,Mission: Impossible - Rogue Nation (2015),17,3.6470588235294117,4.0,1.0949712040580168,3.5577999999999994
7149,Something's Gotta Give (2003),17,3.6470588235294117,4.0,0.6589810736002377,3.5577999999999994
3527,Predator (1987),61,3.581967213114754,4.0,1.0210101389521327,3.557309090909091
2987,Who Framed Roger Rabbit? (1988),97,3.5721649484536084,4.0,0.9165986280575353,3.5568
37731,Green Street Hooligans (a.k.a. Hooligans) (2005),9,3.7222222222222223,3.5,0.7114582486036499,3.5567555555555552
3505,No Way Out (1987),9,3.7222222222222223,4.0,0.8534606386520676,3.5567555555555552
3196,Stalag 17 (1953),9,3.7222222222222223,4.0,0.47790695928014587,3.5567555555555552
4553,They Live (1988),9,3.7222222222222223,4.0,0.47790695928014587,3.5567555555555552
345,"Adventures of Priscilla, Queen of the Desert, The (1994)",36,3.5972222222222223,4.0,0.9633523963255465,3.5562412698412693
64957,"Curious Case of Benjamin Button, The (2008)",37,3.5945945945945947,3.5,0.8288533094700353,3.5553625
89864,50/50 (2011),19,3.6315789473684212,3.5,0.5341521876364326,3.5552869565217393
135133,The Hunger Games: Mockingjay - Part 2 (2015),10,3.7,4.0,0.8426149773176359,3.5552216216216213
2690,"Ideal Husband, An (1999)",10,3.7,4.0,0.7810249675906654,3.5552216216216213
148,"Awfully Big Adventure, An (1995)",1,5.0,5.0,0.0,3.5551142857142852
495,In the Realm of the Senses (Ai no corrida) (1976),1,5.0,5.0,0.0,3.5551142857142852
1140,Entertaining Angels: The Dorothy Day Story (1996),1,5.0,5.0,0.0,3.5551142857142852
1631,"Assignment, The (1997)",1,5.0,5.0,0.0,3.5551142857142852
2512,"Ballad of Narayama, The (Narayama bushiko) (1983)",1,5.0,5.0,0.0,3.5551142857142852
2824,On the Ropes (1999),1,5.0,5.0,0.0,3.5551142857142852
3851,I'm the One That I Want (2000),1,5.0,5.0,0.0,3.5551142857142852
3940,Slumber Party Massacre III (1990),1,5.0,5.0,0.0,3.5551142857142852
4135,"Monster Squad, The (1987)",1,5.0,5.0,0.0,3.5551142857142852
4402,Dr. Goldfoot and the Bikini Machine (1965),1,5.0,5.0,0.0,3.5551142857142852
5244,Shogun Assassin (1980),1,5.0,5.0,0.0,3.5551142857142852
5328,Rain (2001),1,5.0,5.0,0.0,3.5551142857142852
5468,20 Million Miles to Earth (1957),1,5.0,5.0,0.0,3.5551142857142852
5513,Martin Lawrence Live: Runteldat (2002),1,5.0,5.0,0.0,3.5551142857142852
6201,Lady Jane (1986),1,5.0,5.0,0.0,3.5551142857142852
6408,Animals are Beautiful People (1974),1,5.0,5.0,0.0,3.5551142857142852
26840,Sonatine (Sonachine) (1993),1,5.0,5.0,0.0,3.5551142857142852
26849,"Stand, The (1994)",1,5.0,5.0,0.0,3.5551142857142852
33649,Saving Face (2004),1,5.0,5.0,0.0,3.5551142857142852
44851,Go for Zucker! (Alles auf Zucker!) (2004),1,5.0,5.0,0.0,3.5551142857142852
72692,Mickey's Once Upon a Christmas (1999),1,5.0,5.0,0.0,3.5551142857142852
88448,Paper Birds (Pájaros de papel) (2010),1,5.0,5.0,0.0,3.5551142857142852
93320,Trailer Park Boys (1999),1,5.0,5.0,0.0,3.5551142857142852
96608,Runaway Brain (1995) ,1,5.0,5.0,0.0,3.5551142857142852
103602,Craig Ferguson: I'm Here To Help (2013),1,5.0,5.0,0.0,3.5551142857142852
115727,Crippled Avengers (Can que) (Return of the 5 Deadly Venoms) (1981),1,5.0,5.0,0.0,3.5551142857142852
128087,Trinity and Sartana Are Coming (1972),1,5.0,5.0,0.0,3.5551142857142852
130978,Love and Pigeons (1985),1,5.0,5.0,0.0,3.5551142857142852
134095,My Love (2006),1,5.0,5.0,0.0,3.5551142857142852
136341,Scooby-Doo! and the Samurai Sword (2009),1,5.0,5.0,0.0,3.5551142857142852
136353,Scooby-Doo! and the Loch Ness Monster (2004),1,5.0,5.0,0.0,3.5551142857142852
136503,Tom and Jerry: Shiver Me Whiskers (2006),1,5.0,5.0,0.0,3.5551142857142852
138632,Tokyo Tribe (2014),1,5.0,5.0,0.0,3.5551142857142852
140265,George Carlin: Jammin' in New York (1992),1,5.0,5.0,0.0,3.5551142857142852
142444,The Editor (2015),1,5.0,5.0,0.0,3.5551142857142852
145994,Formula of Love (1984),1,5.0,5.0,0.0,3.5551142857142852
147300,Adventures Of Sherlock Holmes And Dr. Watson: The Twentieth Century Approaches (1986),1,5.0,5.0,0.0,3.5551142857142852
149508,Spellbound (2011),1,5.0,5.0,0.0,3.5551142857142852
158882,All Yours (2016),1,5.0,5.0,0.0,3.5551142857142852
172577,Last Year's Snow Was Falling (1983),1,5.0,5.0,0.0,3.5551142857142852
172585,Karlson Returns (1970),1,5.0,5.0,0.0,3.5551142857142852
172875,A Detective Story (2003),1,5.0,5.0,0.0,3.5551142857142852
175293,Gena the Crocodile (1969),1,5.0,5.0,0.0,3.5551142857142852
467,Live Nude Girls (1995),1,5.0,5.0,0.0,3.5551142857142852
2075,Mephisto (1981),1,5.0,5.0,0.0,3.5551142857142852
2972,Red Sorghum (Hong gao liang) (1987),1,5.0,5.0,0.0,3.5551142857142852
3096,My Man Godfrey (1957),1,5.0,5.0,0.0,3.5551142857142852
3303,Black Tar Heroin: The Dark End of the Street (2000),1,5.0,5.0,0.0,3.5551142857142852
3496,Madame Sousatzka (1988),1,5.0,5.0,0.0,3.5551142857142852
3795,"Five Senses, The (1999)",1,5.0,5.0,0.0,3.5551142857142852
3942,Sorority House Massacre II (1990),1,5.0,5.0,0.0,3.5551142857142852
4813,When Worlds Collide (1951),1,5.0,5.0,0.0,3.5551142857142852
5537,Satin Rouge (2002),1,5.0,5.0,0.0,3.5551142857142852
7096,Rivers and Tides (2001),1,5.0,5.0,0.0,3.5551142857142852
26350,"Passenger, The (Professione: reporter) (1975)",1,5.0,5.0,0.0,3.5551142857142852
67618,Strictly Sexual (2008),1,5.0,5.0,0.0,3.5551142857142852
80124,Sisters (Syostry) (2001),1,5.0,5.0,0.0,3.5551142857142852
86721,Idiots and Angels (2008),1,5.0,5.0,0.0,3.5551142857142852
93022,Miss Nobody (2010),1,5.0,5.0,0.0,3.5551142857142852
96832,Holy Motors (2012),1,5.0,5.0,0.0,3.5551142857142852
100556,"Act of Killing, The (2012)",1,5.0,5.0,0.0,3.5551142857142852
102084,Justice League: Doom (2012) ,1,5.0,5.0,0.0,3.5551142857142852
112512,Colourful (Karafuru) (2010),1,5.0,5.0,0.0,3.5551142857142852
117531,Watermark (2014),1,5.0,5.0,0.0,3.5551142857142852
121781,Stuart Little 3: Call of the Wild (2005),1,5.0,5.0,0.0,3.5551142857142852
126088,A Flintstones Christmas Carol (1994),1,5.0,5.0,0.0,3.5551142857142852
131237,What Men Talk About (2010),1,5.0,5.0,0.0,3.5551142857142852
132153,Buzzard (2015),1,5.0,5.0,0.0,3.5551142857142852
136445,George Carlin: Back in Town (1996),1,5.0,5.0,0.0,3.5551142857142852
136556,Kung Fu Panda: Secrets of the Masters (2011),1,5.0,5.0,0.0,3.5551142857142852
141718,Deathgasm (2015),1,5.0,5.0,0.0,3.5551142857142852
146684,Cosmic Scrat-tastrophe (2015),1,5.0,5.0,0.0,3.5551142857142852
149566,Unicorn City (2012),1,5.0,5.0,0.0,3.5551142857142852
150554,The Love Bug (1997),1,5.0,5.0,0.0,3.5551142857142852
158398,World of Glory (1991),1,5.0,5.0,0.0,3.5551142857142852
164367,The Girl with All the Gifts (2016),1,5.0,5.0,0.0,3.5551142857142852
173355,Travels of an Ant (1983),1,5.0,5.0,0.0,3.5551142857142852
175397,"In the blue sea, in the white foam. (1984)",1,5.0,5.0,0.0,3.5551142857142852
1310,Hype! (1996),1,5.0,5.0,0.0,3.5551142857142852
3531,All the Vermeers in New York (1990),1,5.0,5.0,0.0,3.5551142857142852
3678,"Man with the Golden Arm, The (1955)",1,5.0,5.0,0.0,3.5551142857142852
5888,Brother (Brat) (1997),1,5.0,5.0,0.0,3.5551142857142852
6192,Open Hearts (Elsker dig for evigt) (2002),1,5.0,5.0,0.0,3.5551142857142852
8804,"Story of Women (Affaire de femmes, Une) (1988)",1,5.0,5.0,0.0,3.5551142857142852
25887,Tales of Manhattan (1942),1,5.0,5.0,0.0,3.5551142857142852
26169,Branded to Kill (Koroshi no rakuin) (1967),1,5.0,5.0,0.0,3.5551142857142852
45503,Peaceful Warrior (2006),1,5.0,5.0,0.0,3.5551142857142852
50999,"Ugly Duckling and Me!, The (2006)",1,5.0,5.0,0.0,3.5551142857142852
53355,Sun Alley (Sonnenallee) (1999),1,5.0,5.0,0.0,3.5551142857142852
69860,Eichmann (2007),1,5.0,5.0,0.0,3.5551142857142852
72142,Love Exposure (Ai No Mukidashi) (2008),1,5.0,5.0,0.0,3.5551142857142852
84273,Zeitgeist: Moving Forward (2011),1,5.0,5.0,0.0,3.5551142857142852
95311,Presto (2008),1,5.0,5.0,0.0,3.5551142857142852
107951,Hunting Elephants (2013),1,5.0,5.0,0.0,3.5551142857142852
114265,Laggies (2014),1,5.0,5.0,0.0,3.5551142857142852
118270,Hellbenders (2012),1,5.0,5.0,0.0,3.5551142857142852
130970,George Carlin: Life Is Worth Losing (2005),1,5.0,5.0,0.0,3.5551142857142852
138835,Return to Treasure Island (1988),1,5.0,5.0,0.0,3.5551142857142852
157775,Tenchi Muyô! In Love (1996),1,5.0,5.0,0.0,3.5551142857142852
162414,Moonlight,1,5.0,5.0,0.0,3.5551142857142852
163925,"Wings, Legs and Tails (1986)",1,5.0,5.0,0.0,3.5551142857142852
170597,A Plasticine Crow (1981),1,5.0,5.0,0.0,3.5551142857142852
172637,Priklyucheniya Kapitana Vrungelya (1979),1,5.0,5.0,0.0,3.5551142857142852
172705,Tickling Giants (2017),1,5.0,5.0,0.0,3.5551142857142852
173619,Fugitives (1986),1,5.0,5.0,0.0,3.5551142857142852
179133,Loving Vincent (2017),1,5.0,5.0,0.0,3.5551142857142852
1349,Vampire in Venice (Nosferatu a Venezia) (Nosferatu in Venice) (1986),1,5.0,5.0,0.0,3.5551142857142852
3939,Slumber Party Massacre II (1987),1,5.0,5.0,0.0,3.5551142857142852
5241,Seems Like Old Times (1980),1,5.0,5.0,0.0,3.5551142857142852
6086,"I, the Jury (1982)",1,5.0,5.0,0.0,3.5551142857142852
7122,King of Hearts (1966),1,5.0,5.0,0.0,3.5551142857142852
27320,"Nine Lives of Tomas Katz, The (2000)",1,5.0,5.0,0.0,3.5551142857142852
69469,Garfield's Pet Force (2009),1,5.0,5.0,0.0,3.5551142857142852
71268,Tyler Perry's I Can Do Bad All by Myself (2009),1,5.0,5.0,0.0,3.5551142857142852
92494,Dylan Moran: Monster (2004),1,5.0,5.0,0.0,3.5551142857142852
124404,"Snowflake, the White Gorilla (2011)",1,5.0,5.0,0.0,3.5551142857142852
136355,Big Top Scooby-Doo! (2012),1,5.0,5.0,0.0,3.5551142857142852
139640,Ooops! Noah is Gone... (2015),1,5.0,5.0,0.0,3.5551142857142852
141928,Bloodsucking Bastards (2015),1,5.0,5.0,0.0,3.5551142857142852
147328,The Adventures of Sherlock Holmes and Dr. Watson: Bloody Signature (1979),1,5.0,5.0,0.0,3.5551142857142852
147330,Sherlock Holmes and Dr. Watson: Acquaintance (1979),1,5.0,5.0,0.0,3.5551142857142852
152711,Who Killed Chea Vichea? (2010),1,5.0,5.0,0.0,3.5551142857142852
158027,SORI: Voice from the Heart (2016),1,5.0,5.0,0.0,3.5551142857142852
175387,On the Trail of the Bremen Town Musicians (1973),1,5.0,5.0,0.0,3.5551142857142852
496,What Happened Was... (1994),1,5.0,5.0,0.0,3.5551142857142852
633,Denise Calls Up (1995),1,5.0,5.0,0.0,3.5551142857142852
1759,"Four Days in September (O Que É Isso, Companheiro?) (1997)",1,5.0,5.0,0.0,3.5551142857142852
2196,Knock Off (1998),1,5.0,5.0,0.0,3.5551142857142852
3567,Bossa Nova (2000),1,5.0,5.0,0.0,3.5551142857142852
3792,Duel in the Sun (1946),1,5.0,5.0,0.0,3.5551142857142852
4495,Crossing Delancey (1988),1,5.0,5.0,0.0,3.5551142857142852
5416,Cherish (2002),1,5.0,5.0,0.0,3.5551142857142852
5607,"Son of the Bride (Hijo de la novia, El) (2001)",1,5.0,5.0,0.0,3.5551142857142852
5723,Continental Divide (1981),1,5.0,5.0,0.0,3.5551142857142852
5745,"Four Seasons, The (1981)",1,5.0,5.0,0.0,3.5551142857142852
8738,"Woman Is a Woman, A (femme est une femme, Une) (1961)",1,5.0,5.0,0.0,3.5551142857142852
33138,Palindromes (2004),1,5.0,5.0,0.0,3.5551142857142852
42556,7 Faces of Dr. Lao (1964),1,5.0,5.0,0.0,3.5551142857142852
44943,9/11 (2002),1,5.0,5.0,0.0,3.5551142857142852
64499,Che: Part One (2008),1,5.0,5.0,0.0,3.5551142857142852
74226,"Dream of Light (a.k.a. Quince Tree Sun, The) (Sol del membrillo, El) (1992)",1,5.0,5.0,0.0,3.5551142857142852
86237,Connections (1978),1,5.0,5.0,0.0,3.5551142857142852
95175,Front of the Class (2008),1,5.0,5.0,0.0,3.5551142857142852
100906,Maniac Cop 2 (1990),1,5.0,5.0,0.0,3.5551142857142852
102217,Bill Hicks: Revelations (1993),1,5.0,5.0,0.0,3.5551142857142852
104780,"Mystery of the Third Planet, The (Tayna tretey planety) (1981)",1,5.0,5.0,0.0,3.5551142857142852
109687,Particle Fever (2013),1,5.0,5.0,0.0,3.5551142857142852
124851,Delirium (2014),1,5.0,5.0,0.0,3.5551142857142852
129514,George Carlin: It's Bad for Ya! (2008),1,5.0,5.0,0.0,3.5551142857142852
131610,Willy/Milly (1986),1,5.0,5.0,0.0,3.5551142857142852
134004,What Love Is (2007),1,5.0,5.0,0.0,3.5551142857142852
134796,Bitter Lake (2015),1,5.0,5.0,0.0,3.5551142857142852
142020,Oscar (1967),1,5.0,5.0,0.0,3.5551142857142852
159811,The Bremen Town Musicians (1969),1,5.0,5.0,0.0,3.5551142857142852
160644,Indignation (2016),1,5.0,5.0,0.0,3.5551142857142852
163072,Winnie Pooh (1969),1,5.0,5.0,0.0,3.5551142857142852
166183,Junior and Karlson (1968),1,5.0,5.0,0.0,3.5551142857142852
172587,Vacations in Prostokvashino (1980),1,5.0,5.0,0.0,3.5551142857142852
172909,Cheburashka (1971),1,5.0,5.0,0.0,3.5551142857142852
175431,Bobik Visiting Barbos (1977),1,5.0,5.0,0.0,3.5551142857142852
3073,"Sandpiper, The (1965)",1,5.0,5.0,0.0,3.5551142857142852
3637,Vagabond (Sans toit ni loi) (1985),1,5.0,5.0,0.0,3.5551142857142852
4116,Hollywood Shuffle (1987),1,5.0,5.0,0.0,3.5551142857142852
7071,"Woman Under the Influence, A (1974)",1,5.0,5.0,0.0,3.5551142857142852
8238,Little Murders (1971),1,5.0,5.0,0.0,3.5551142857142852
8911,Raise Your Voice (2004),1,5.0,5.0,0.0,3.5551142857142852
26928,"Summer's Tale, A (Conte d'été) (1996)",1,5.0,5.0,0.0,3.5551142857142852
27523,My Sassy Girl (Yeopgijeogin geunyeo) (2001),1,5.0,5.0,0.0,3.5551142857142852
53280,"Breed, The (2006)",1,5.0,5.0,0.0,3.5551142857142852
53578,"Valet, The (La doublure) (2006)",1,5.0,5.0,0.0,3.5551142857142852
70451,Max Manus (2008),1,5.0,5.0,0.0,3.5551142857142852
84512,Girls About Town (1931),1,5.0,5.0,0.0,3.5551142857142852
85295,Scooby-Doo! Curse of the Lake Monster (2010),1,5.0,5.0,0.0,3.5551142857142852
95149,Superman/Batman: Public Enemies (2009),1,5.0,5.0,0.0,3.5551142857142852
120130,Into the Forest of Fireflies' Light (2011),1,5.0,5.0,0.0,3.5551142857142852
128914,Tom Segura: Completely Normal (2014),1,5.0,5.0,0.0,3.5551142857142852
132333,Seve (2014),1,5.0,5.0,0.0,3.5551142857142852
134847,Ghost Graduation (2012),1,5.0,5.0,0.0,3.5551142857142852
136469,Larry David: Curb Your Enthusiasm (1999),1,5.0,5.0,0.0,3.5551142857142852
141816,12 Chairs (1976),1,5.0,5.0,0.0,3.5551142857142852
147326,The Adventures of Sherlock Holmes and Doctor Watson: King of Blackmailers (1980),1,5.0,5.0,0.0,3.5551142857142852
149350,Lumberjack Man (2015),1,5.0,5.0,0.0,3.5551142857142852
151769,Three from Prostokvashino (1978),1,5.0,5.0,0.0,3.5551142857142852
170777,There Once Was a Dog (1982),1,5.0,5.0,0.0,3.5551142857142852
172589,Winter in Prostokvashino (1984),1,5.0,5.0,0.0,3.5551142857142852
187717,Won't You Be My Neighbor? (2018),1,5.0,5.0,0.0,3.5551142857142852
626,"Thin Line Between Love and Hate, A (1996)",1,5.0,5.0,0.0,3.5551142857142852
876,Supercop 2 (Project S) (Chao ji ji hua) (1993),1,5.0,5.0,0.0,3.5551142857142852
2969,"Man and a Woman, A (Un homme et une femme) (1966)",1,5.0,5.0,0.0,3.5551142857142852
3951,Two Family House (2000),1,5.0,5.0,0.0,3.5551142857142852
4180,Reform School Girls (1986),1,5.0,5.0,0.0,3.5551142857142852
4454,More (1998),1,5.0,5.0,0.0,3.5551142857142852
5088,"Going Places (Valseuses, Les) (1974)",1,5.0,5.0,0.0,3.5551142857142852
8580,Into the Woods (1991),1,5.0,5.0,0.0,3.5551142857142852
25906,Mr. Skeffington (1944),1,5.0,5.0,0.0,3.5551142857142852
26401,Last Hurrah for Chivalry (Hao xia) (1979),1,5.0,5.0,0.0,3.5551142857142852
26587,"Decalogue, The (Dekalog) (1989)",1,5.0,5.0,0.0,3.5551142857142852
27704,Battle Royale 2: Requiem (Batoru rowaiaru II: Chinkonka) (2003),1,5.0,5.0,0.0,3.5551142857142852
69211,Boy Eats Girl (2005),1,5.0,5.0,0.0,3.5551142857142852
73822,Meantime (1984),1,5.0,5.0,0.0,3.5551142857142852
77846,12 Angry Men (1997),1,5.0,5.0,0.0,3.5551142857142852
86668,Louis Theroux: Law & Disorder (2008),1,5.0,5.0,0.0,3.5551142857142852
90943,Into the Abyss (2011),1,5.0,5.0,0.0,3.5551142857142852
93008,"Very Potter Sequel, A (2010)",1,5.0,5.0,0.0,3.5551142857142852
96430,"Odd Life of Timothy Green, The (2012)",1,5.0,5.0,0.0,3.5551142857142852
113829,"One I Love, The (2014)",1,5.0,5.0,0.0,3.5551142857142852
118834,National Lampoon's Bag Boy (2007),1,5.0,5.0,0.0,3.5551142857142852
136850,Villain (1971),1,5.0,5.0,0.0,3.5551142857142852
143511,Human (2015),1,5.0,5.0,0.0,3.5551142857142852
147196,The Girls (1961),1,5.0,5.0,0.0,3.5551142857142852
147250,The Adventures of Sherlock Holmes and Doctor Watson,1,5.0,5.0,0.0,3.5551142857142852
147286,The Adventures of Sherlock Holmes and Doctor Watson: The Treasures of Agra (1983),1,5.0,5.0,0.0,3.5551142857142852
163112,Winnie the Pooh Goes Visiting (1971),1,5.0,5.0,0.0,3.5551142857142852
163386,Winnie the Pooh and the Day of Concern (1972),1,5.0,5.0,0.0,3.5551142857142852
167064,I Am Not Your Negro (2017),1,5.0,5.0,0.0,3.5551142857142852
172583,Investigation Held by Kolobki (1986),1,5.0,5.0,0.0,3.5551142857142852
173351,Wow! A Talking Fish! (1983),1,5.0,5.0,0.0,3.5551142857142852
173963,Empties (2007),1,5.0,5.0,0.0,3.5551142857142852
179135,Blue Planet II (2017),1,5.0,5.0,0.0,3.5551142857142852
3687,Light Years (Gandahar) (1988),1,5.0,5.0,0.0,3.5551142857142852
5746,Galaxy of Terror (Quest) (1981),1,5.0,5.0,0.0,3.5551142857142852
6983,Jane Eyre (1944),1,5.0,5.0,0.0,3.5551142857142852
26078,Advise and Consent (1962),1,5.0,5.0,0.0,3.5551142857142852
26147,"Thousand Clowns, A (1965)",1,5.0,5.0,0.0,3.5551142857142852
59814,Ex Drummer (2007),1,5.0,5.0,0.0,3.5551142857142852
64501,Che: Part Two (2008),1,5.0,5.0,0.0,3.5551142857142852
82744,Faster (2010),1,5.0,5.0,0.0,3.5551142857142852
91386,Happy Feet Two (2011),1,5.0,5.0,0.0,3.5551142857142852
94810,Eva (2011),1,5.0,5.0,0.0,3.5551142857142852
95843,Goodbye Charlie (1964),1,5.0,5.0,0.0,3.5551142857142852
99636,English Vinglish (2012),1,5.0,5.0,0.0,3.5551142857142852
109633,"Garden of Words, The (Koto no ha no niwa) (2013)",1,5.0,5.0,0.0,3.5551142857142852
126921,The Fox and the Hound 2 (2006),1,5.0,5.0,0.0,3.5551142857142852
131724,The Jinx: The Life and Deaths of Robert Durst (2015),1,5.0,5.0,0.0,3.5551142857142852
134109,Radio Day (2008),1,5.0,5.0,0.0,3.5551142857142852
136447,George Carlin: You Are All Diseased (1999),1,5.0,5.0,0.0,3.5551142857142852
136834,The Eye: Infinity (2005),1,5.0,5.0,0.0,3.5551142857142852
140627,Battle For Sevastopol (2015),1,5.0,5.0,0.0,3.5551142857142852
143031,Jump In! (2007),1,5.0,5.0,0.0,3.5551142857142852
172793,Vovka in the Kingdom of Far Far Away (1965),1,5.0,5.0,0.0,3.5551142857142852
174551,Obsession (1965),1,5.0,5.0,0.0,3.5551142857142852
184245,De platte jungle (1978),1,5.0,5.0,0.0,3.5551142857142852
3086,Babes in Toyland (1934),1,5.0,5.0,0.0,3.5551142857142852
3941,Sorority House Massacre (1986),1,5.0,5.0,0.0,3.5551142857142852
4788,Moscow Does Not Believe in Tears (Moskva slezam ne verit) (1979),1,5.0,5.0,0.0,3.5551142857142852
5059,Little Dieter Needs to Fly (1997),1,5.0,5.0,0.0,3.5551142857142852
5490,The Big Bus (1976),1,5.0,5.0,0.0,3.5551142857142852
5889,"Cruel Romance, A (Zhestokij Romans) (1984)",1,5.0,5.0,0.0,3.5551142857142852
6021,"American Friend, The (Amerikanische Freund, Der) (1977)",1,5.0,5.0,0.0,3.5551142857142852
6402,Siam Sunset (1999),1,5.0,5.0,0.0,3.5551142857142852
6611,Umberto D. (1952),1,5.0,5.0,0.0,3.5551142857142852
6835,Alien Contamination (1980),1,5.0,5.0,0.0,3.5551142857142852
7815,True Stories (1986),1,5.0,5.0,0.0,3.5551142857142852
25947,Unfaithfully Yours (1948),1,5.0,5.0,0.0,3.5551142857142852
26073,"Human Condition III, The (Ningen no joken III) (1961)",1,5.0,5.0,0.0,3.5551142857142852
26366,Harlan County U.S.A. (1976),1,5.0,5.0,0.0,3.5551142857142852
27373,61* (2001),1,5.0,5.0,0.0,3.5551142857142852
27751,'Salem's Lot (2004),1,5.0,5.0,0.0,3.5551142857142852
31522,"Marriage of Maria Braun, The (Ehe der Maria Braun, Die) (1979)",1,5.0,5.0,0.0,3.5551142857142852
34312,"Calcium Kid, The (2004)",1,5.0,5.0,0.0,3.5551142857142852
40491,"Match Factory Girl, The (Tulitikkutehtaan tyttö) (1990)",1,5.0,5.0,0.0,3.5551142857142852
47736,"Chump at Oxford, A (1940)",1,5.0,5.0,0.0,3.5551142857142852
60737,Watching the Detectives (2007),1,5.0,5.0,0.0,3.5551142857142852
76091,Mother (Madeo) (2009),1,5.0,5.0,0.0,3.5551142857142852
79897,Get Low (2009),1,5.0,5.0,0.0,3.5551142857142852
83969,Down Argentine Way (1940),1,5.0,5.0,0.0,3.5551142857142852
87834,My Life as McDull (Mak dau goo si) (2001),1,5.0,5.0,0.0,3.5551142857142852
91355,Asterix and the Vikings (Astérix et les Vikings) (2006),1,5.0,5.0,0.0,3.5551142857142852
96935,My Left Eye Sees Ghosts (Ngo joh aan gin diy gwai) (2002),1,5.0,5.0,0.0,3.5551142857142852
107771,Only Lovers Left Alive (2013),1,5.0,5.0,0.0,3.5551142857142852
108078,Chinese Puzzle (Casse-tête chinois) (2013),1,5.0,5.0,0.0,3.5551142857142852
108795,Wonder Woman (2009),1,5.0,5.0,0.0,3.5551142857142852
109241,On the Other Side of the Tracks (De l'autre côté du périph) (2012),1,5.0,5.0,0.0,3.5551142857142852
118894,Scooby-Doo! Abracadabra-Doo (2010),1,5.0,5.0,0.0,3.5551142857142852
120138,PK (2014),1,5.0,5.0,0.0,3.5551142857142852
122092,Guy X (2005),1,5.0,5.0,0.0,3.5551142857142852
131098,Saving Santa (2013),1,5.0,5.0,0.0,3.5551142857142852
131130,Tom and Jerry: A Nutcracker Tale (2007),1,5.0,5.0,0.0,3.5551142857142852
136359,Scooby-Doo Goes Hollywood (1979),1,5.0,5.0,0.0,3.5551142857142852
138966,Nasu: Summer in Andalusia (2003),1,5.0,5.0,0.0,3.5551142857142852
140133,Hollywood Chainsaw Hookers (1988),1,5.0,5.0,0.0,3.5551142857142852
143559,L.A. Slasher (2015),1,5.0,5.0,0.0,3.5551142857142852
146662,Dragons: Gift of the Night Fury (2011),1,5.0,5.0,0.0,3.5551142857142852
147410,A Perfect Day (2015),1,5.0,5.0,0.0,3.5551142857142852
156025,Ice Age: The Great Egg-Scapade (2016),1,5.0,5.0,0.0,3.5551142857142852
162344,Tom Segura: Mostly Stories (2016),1,5.0,5.0,0.0,3.5551142857142852
165959,Alesha Popovich and Tugarin the Dragon (2004),1,5.0,5.0,0.0,3.5551142857142852
171749,Death Note: Desu nôto (2006–2007),1,5.0,5.0,0.0,3.5551142857142852
176601,Black Mirror,1,5.0,5.0,0.0,3.5551142857142852
3168,Easy Rider (1969),29,3.603448275862069,4.0,0.8648231864816864,3.5543428571428572
63131,Role Models (2008),20,3.625,4.0,0.7048936089935842,3.554110638297873
96588,Pitch Perfect (2012),20,3.625,4.0,0.8496322733983215,3.554110638297873
4142,Left Behind: The Movie (2000),2,4.25,3.5,0.75,3.553213793103448
4152,Vatel (2000),2,4.25,4.0,0.25,3.553213793103448
4826,"Big Red One, The (1980)",2,4.25,4.0,0.25,3.553213793103448
5685,Real Women Have Curves (2002),2,4.25,4.0,0.25,3.553213793103448
26183,Asterix and Cleopatra (Astérix et Cléopâtre) (1968),2,4.25,3.5,0.75,3.553213793103448
51705,Priceless (Hors de prix) (2006),2,4.25,4.0,0.25,3.553213793103448
55278,Sleuth (2007),2,4.25,4.0,0.25,3.553213793103448
82041,"Loved Ones, The (2009)",2,4.25,4.0,0.25,3.553213793103448
40,"Cry, the Beloved Country (1995)",2,4.25,3.5,0.75,3.553213793103448
6269,Stevie (2002),2,4.25,4.0,0.25,3.553213793103448
6612,Brother's Keeper (1992),2,4.25,4.0,0.25,3.553213793103448
6963,Devil's Playground (2002),2,4.25,4.0,0.25,3.553213793103448
8582,Manufacturing Consent: Noam Chomsky and the Media (1992),2,4.25,4.0,0.25,3.553213793103448
32770,Brothers (Brødre) (2004),2,4.25,4.0,0.25,3.553213793103448
44929,Candy (2006),2,4.25,4.0,0.25,3.553213793103448
72308,Battlestar Galactica: The Plan (2009),2,4.25,4.0,0.25,3.553213793103448
92475,All Watched Over by Machines of Loving Grace (2011),2,4.25,4.0,0.25,3.553213793103448
101765,"Perfect Plan, A (Plan parfait, Un) (2012)",2,4.25,3.5,0.75,3.553213793103448
178827,Paddington 2 (2017),2,4.25,3.5,0.75,3.553213793103448
1413,"Whole Wide World, The (1996)",2,4.25,4.0,0.25,3.553213793103448
1437,"Cement Garden, The (1993)",2,4.25,3.5,0.75,3.553213793103448
8327,Dolls (2002),2,4.25,3.5,0.75,3.553213793103448
66511,Berlin Calling (2008),2,4.25,3.5,0.75,3.553213793103448
81819,Biutiful (2010),2,4.25,4.0,0.25,3.553213793103448
2323,"Cruise, The (1998)",2,4.25,3.5,0.75,3.553213793103448
4433,Written on the Wind (1956),2,4.25,3.5,0.75,3.553213793103448
7333,"Corbeau, Le (Raven, The) (1943)",2,4.25,4.0,0.25,3.553213793103448
7382,I'm Not Scared (Io non ho paura) (2003),2,4.25,4.0,0.25,3.553213793103448
8142,Dead or Alive: Hanzaisha (1999),2,4.25,3.5,0.75,3.553213793103448
26606,"Chinese Ghost Story, A (Sinnui yauwan) (1987)",2,4.25,4.0,0.25,3.553213793103448
68194,"Damned United, The (2009)",2,4.25,4.0,0.25,3.553213793103448
82242,Rare Exports: A Christmas Tale (Rare Exports) (2010),2,4.25,3.5,0.75,3.553213793103448
84414,All-Star Superman (2011),2,4.25,3.5,0.75,3.553213793103448
108727,Nymphomaniac: Volume I (2013),2,4.25,4.0,0.25,3.553213793103448
114678,Hector and the Search for Happiness (2014),2,4.25,4.0,0.25,3.553213793103448
2069,"Trip to Bountiful, The (1985)",2,4.25,3.5,0.75,3.553213793103448
3330,Splendor in the Grass (1961),2,4.25,4.0,0.25,3.553213793103448
4350,Forgotten Silver (1996),2,4.25,4.0,0.25,3.553213793103448
6159,All the Real Girls (2003),2,4.25,3.5,0.75,3.553213793103448
7925,"Hidden Fortress, The (Kakushi-toride no san-akunin) (1958)",2,4.25,4.0,0.25,3.553213793103448
8268,Point of No Return (1993),2,4.25,4.0,0.25,3.553213793103448
8919,P.S. (2004),2,4.25,4.0,0.25,3.553213793103448
32456,"Pom Poko (a.k.a. Raccoon War, The) (Heisei tanuki gassen pompoko) (1994)",2,4.25,4.0,0.25,3.553213793103448
59143,Super High Me (2007),2,4.25,4.0,0.25,3.553213793103448
66943,"Cottage, The (2008)",2,4.25,3.5,0.75,3.553213793103448
118888,Dave Chappelle: For What it's Worth (2004),2,4.25,4.0,0.25,3.553213793103448
760,Stalingrad (1993),2,4.25,4.0,0.25,3.553213793103448
3655,Blow-Out (La grande bouffe) (1973),2,4.25,3.5,0.75,3.553213793103448
5949,Intact (Intacto) (2001),2,4.25,3.5,0.75,3.553213793103448
6530,"Tenant, The (Locataire, Le) (1976)",2,4.25,4.0,0.25,3.553213793103448
7056,"Public Enemy, The (1931)",2,4.25,4.0,0.25,3.553213793103448
8724,"Leopard, The (Gattopardo, Il) (1963)",2,4.25,4.0,0.25,3.553213793103448
26547,Police Story (Ging chaat goo si) (1985),2,4.25,3.5,0.75,3.553213793103448
26554,"Quiet Earth, The (1985)",2,4.25,4.0,0.25,3.553213793103448
32387,"Sword of Doom, The (Dai-bosatsu tôge) (1966)",2,4.25,3.5,0.75,3.553213793103448
47404,Mind Game (2004),2,4.25,3.5,0.75,3.553213793103448
166946,The Founder (2016),2,4.25,4.0,0.25,3.553213793103448
173925,Seven Sisters (2017),2,4.25,4.0,0.25,3.553213793103448
1123,"Perfect Candidate, A (1996)",2,4.25,3.5,0.75,3.553213793103448
2585,"Lovers of the Arctic Circle, The (Los Amantes del Círculo Polar) (1998)",2,4.25,4.0,0.25,3.553213793103448
6945,My Architect: A Son's Journey (2003),2,4.25,3.5,0.75,3.553213793103448
7888,How to Succeed in Business Without Really Trying (1967),2,4.25,3.5,0.75,3.553213793103448
93006,"Very Potter Musical, A (2009)",2,4.25,4.0,0.25,3.553213793103448
127152,Going Clear: Scientology and the Prison of Belief (2015),2,4.25,4.0,0.25,3.553213793103448
150596,Doctor Who: The Husbands of River Song (2015),2,4.25,4.0,0.25,3.553213793103448
173197,The Square (2017),2,4.25,4.0,0.25,3.553213793103448
2624,After Life (Wandafuru raifu) (1998),2,4.25,3.5,0.75,3.553213793103448
7212,I Was a Male War Bride (1949),2,4.25,4.0,0.25,3.553213793103448
38388,Goal! The Dream Begins (Goal!) (2005),2,4.25,3.5,0.75,3.553213793103448
68269,"Young Victoria, The (2009)",2,4.25,4.0,0.25,3.553213793103448
99764,It's Such a Beautiful Day (2012),2,4.25,3.5,0.75,3.553213793103448
113252,Housebound (2014),2,4.25,4.0,0.25,3.553213793103448
668,Song of the Little Road (Pather Panchali) (1955),2,4.25,3.5,0.75,3.553213793103448
1419,Walkabout (1971),2,4.25,4.0,0.25,3.553213793103448
4079,Amazon Women on the Moon (1987),2,4.25,4.0,0.25,3.553213793103448
4217,4 Little Girls (1997),2,4.25,4.0,0.25,3.553213793103448
5224,Promises (2001),2,4.25,4.0,0.25,3.553213793103448
5279,Impromptu (1991),2,4.25,3.5,0.75,3.553213793103448
5425,Dark Blue World (Tmavomodrý svet) (2001),2,4.25,4.0,0.25,3.553213793103448
31437,Nobody Knows (Dare mo shiranai) (2004),2,4.25,4.0,0.25,3.553213793103448
83827,Marwencol (2010),2,4.25,3.5,0.75,3.553213793103448
92694,Perfect Sense (2011),2,4.25,4.0,0.25,3.553213793103448
103107,20 Feet from Stardom (Twenty Feet from Stardom) (2013),2,4.25,4.0,0.25,3.553213793103448
109968,Why Don't You Play In Hell? (Jigoku de naze warui) (2013),2,4.25,3.5,0.75,3.553213793103448
133802,Slow West (2015),2,4.25,4.0,0.25,3.553213793103448
180497,The Post (2017),2,4.25,4.0,0.25,3.553213793103448
2125,Ever After: A Cinderella Story (1998),21,3.619047619047619,3.5,0.829583399532588,3.552983333333333
493,Menace II Society (1993),12,3.6666666666666665,3.5,0.5892556509887895,3.5523897435897434
70183,"Ugly Truth, The (2009)",12,3.6666666666666665,3.5,0.5527707983925665,3.5523897435897434
5577,Igby Goes Down (2002),12,3.6666666666666665,4.0,1.0274023338281626,3.5523897435897434
52604,Fracture (2007),12,3.6666666666666665,3.5,0.7993052538854533,3.5523897435897434
122920,Captain America: Civil War (2016),22,3.6136363636363638,3.5,0.8247839687101843,3.5519020408163264
27904,"Scanner Darkly, A (2006)",22,3.6136363636363638,4.0,0.928486282537068,3.5519020408163264
944,Lost Horizon (1937),3,4.0,4.0,0.0,3.55144
1497,Double Team (1997),3,4.0,4.0,0.816496580927726,3.55144
1936,Mrs. Miniver (1942),3,4.0,4.0,0.816496580927726,3.55144
2495,"Fantastic Planet, The (Planète sauvage, La) (1973)",3,4.0,4.5,1.0801234497346435,3.55144
2988,Melvin and Howard (1980),3,4.0,4.0,0.0,3.55144
3729,Shaft (1971),3,4.0,4.0,0.816496580927726,3.55144
60293,"Wackness, The (2008)",3,4.0,4.0,0.816496580927726,3.55144
68159,State of Play (2009),3,4.0,4.0,0.0,3.55144
927,"Women, The (1939)",3,4.0,4.0,0.0,3.55144
1176,"Double Life of Veronique, The (Double Vie de Véronique, La) (1991)",3,4.0,4.0,0.816496580927726,3.55144
2708,"Autumn Tale, An (Conte d'automne) (1998)",3,4.0,4.0,0.0,3.55144
2891,"Happy, Texas (1999)",3,4.0,4.0,0.816496580927726,3.55144
5187,Hopscotch (1980),3,4.0,4.0,0.0,3.55144
7236,"Boy and His Dog, A (1975)",3,4.0,4.0,0.408248290463863,3.55144
7566,28 Up (1985),3,4.0,4.0,0.0,3.55144
31923,"Three Musketeers, The (1973)",3,4.0,4.0,0.0,3.55144
46850,Wordplay (2006),3,4.0,4.0,0.0,3.55144
48744,Shortbus (2006),3,4.0,4.0,0.408248290463863,3.55144
52767,21 Up (1977),3,4.0,4.0,0.0,3.55144
4300,Bread and Roses (2000),3,4.0,4.0,0.0,3.55144
5391,Thirteen Conversations About One Thing (a.k.a. 13 Conversations) (2001),3,4.0,4.0,0.816496580927726,3.55144
7060,Jesus Christ Superstar (1973),3,4.0,4.0,0.408248290463863,3.55144
61026,Red Cliff (Chi bi) (2008),3,4.0,3.5,0.7071067811865476,3.55144
111622,Begin Again (2013),3,4.0,4.0,0.0,3.55144
130518,The Amazing Screw-On Head (2006),3,4.0,4.5,1.0801234497346435,3.55144
162478,Masterminds (2016),3,4.0,4.0,0.408248290463863,3.55144
2682,Limbo (1999),3,4.0,4.0,0.0,3.55144
3819,Tampopo (1985),3,4.0,4.0,0.816496580927726,3.55144
27368,Asterix & Obelix: Mission Cleopatra (Astérix & Obélix: Mission Cléopâtre) (2002),3,4.0,4.0,0.408248290463863,3.55144
68486,Red Cliff Part II (Chi Bi Xia: Jue Zhan Tian Xia) (2009),3,4.0,3.5,0.7071067811865476,3.55144
86290,American: The Bill Hicks Story (2009),3,4.0,4.0,0.816496580927726,3.55144
104283,"Wind Rises, The (Kaze tachinu) (2013)",3,4.0,3.5,0.7071067811865476,3.55144
5250,Stir Crazy (1980),3,4.0,4.0,0.816496580927726,3.55144
5387,Enough (2002),3,4.0,4.5,1.0801234497346435,3.55144
6954,"Barbarian Invasions, The (Les invasions barbares) (2003)",3,4.0,4.0,0.408248290463863,3.55144
8008,Brigadoon (1954),3,4.0,3.5,0.7071067811865476,3.55144
62439,My Best Friend's Girl (2008),3,4.0,4.5,0.7071067811865476,3.55144
103883,2 Guns (2013),3,4.0,4.0,0.408248290463863,3.55144
4345,"Anniversary Party, The (2001)",3,4.0,4.0,0.816496580927726,3.55144
163134,Your Name. (2016),3,4.0,4.0,0.408248290463863,3.55144
6100,"Midsummer Night's Sex Comedy, A (1982)",3,4.0,4.0,0.0,3.55144
8542,"Day at the Races, A (1937)",3,4.0,3.5,0.7071067811865476,3.55144
26712,35 Up (1991),3,4.0,4.0,0.0,3.55144
55069,"4 Months, 3 Weeks and 2 Days (4 luni, 3 saptamâni si 2 zile) (2007)",3,4.0,4.0,0.0,3.55144
71304,Thirst (Bakjwi) (2009),3,4.0,4.5,0.7071067811865476,3.55144
180095,Wonder (2017),3,4.0,4.0,0.816496580927726,3.55144
326,To Live (Huozhe) (1994),3,4.0,4.0,0.816496580927726,3.55144
1051,Trees Lounge (1996),3,4.0,4.0,0.816496580927726,3.55144
1856,Kurt & Courtney (1998),3,4.0,4.0,0.0,3.55144
1913,Picnic at Hanging Rock (1975),3,4.0,4.0,0.0,3.55144
1938,"Lost Weekend, The (1945)",3,4.0,4.0,0.0,3.55144
3771,The Golden Voyage of Sinbad (1973),3,4.0,4.0,0.816496580927726,3.55144
7080,42nd Street (1933),3,4.0,3.5,0.7071067811865476,3.55144
80969,Never Let Me Go (2010),3,4.0,4.0,0.0,3.55144
1639,Chasing Amy (1997),52,3.576923076923077,4.0,1.0847926750900347,3.551179746835443
1124,On Golden Pond (1981),13,3.6538461538461537,4.0,1.2150437691485625,3.5510800000000002
140110,The Intern (2015),13,3.6538461538461537,4.0,0.9880948137434714,3.5510800000000002
3396,"Muppet Movie, The (1979)",33,3.590909090909091,4.0,0.924863179517082,3.55072
2161,"NeverEnding Story, The (1984)",43,3.5813953488372094,4.0,0.9334247553669525,3.550617142857143
5110,Super Troopers (2001),24,3.6041666666666665,3.5,0.9893091725486471,3.5498666666666665
515,"Remains of the Day, The (1993)",24,3.6041666666666665,4.0,0.9893091725486469,3.5498666666666665
71057,9 (2009),14,3.642857142857143,4.0,0.832993127835043,3.549834146341463
4041,"Officer and a Gentleman, An (1982)",14,3.642857142857143,3.5,1.076179940951383,3.549834146341463
2297,What Dreams May Come (1998),14,3.642857142857143,4.0,0.8949974347244049,3.549834146341463
52328,Sunshine (2007),14,3.642857142857143,3.5,0.8541614816500999,3.549834146341463
1844,Live Flesh (Carne trémula) (1997),4,3.875,4.0,0.5448623679425842,3.5497806451612903
6286,"Man Without a Past, The (Mies vailla menneisyyttä) (2002)",4,3.875,4.0,0.21650635094610962,3.5497806451612903
6339,"Man on the Train (Homme du train, L') (2002)",4,3.875,3.5,0.41457809879442503,3.5497806451612903
2204,Saboteur (1942),4,3.875,3.5,0.7395099728874521,3.5497806451612903
5873,The Emperor's Club (2002),4,3.875,3.5,0.414578098794425,3.5497806451612903
7748,Pierrot le fou (1965),4,3.875,4.0,0.5448623679425842,3.5497806451612903
82667,I Saw the Devil (Akmareul boatda) (2010),4,3.875,4.0,0.5448623679425844,3.5497806451612903
3627,Carnival of Souls (1962),4,3.875,3.5,0.739509972887452,3.5497806451612903
4888,Tape (2001),4,3.875,4.0,0.5448623679425844,3.5497806451612903
127108,Brooklyn (2015),4,3.875,4.0,1.1388041973930374,3.5497806451612903
4976,Iris (2001),4,3.875,3.5,0.739509972887452,3.5497806451612903
5477,Sex and Lucia (Lucía y el sexo) (2001),4,3.875,3.0,0.8926785535678563,3.5497806451612903
27193,Taxi 2 (2000),4,3.875,3.5,0.960143218483576,3.5497806451612903
6786,Kiss of the Spider Woman (1985),4,3.875,4.0,0.5448623679425844,3.5497806451612903
3163,Topsy-Turvy (1999),4,3.875,3.5,0.7395099728874521,3.5497806451612903
3230,"Odessa File, The (1974)",4,3.875,3.5,0.739509972887452,3.5497806451612903
4529,Bagdad Cafe (Out of Rosenheim) (1987),4,3.875,4.0,0.5448623679425842,3.5497806451612903
6288,Better Luck Tomorrow (2002),4,3.875,3.5,0.414578098794425,3.5497806451612903
40955,Breakfast on Pluto (2005),4,3.875,4.0,0.21650635094610965,3.5497806451612903
27878,Born into Brothels (2004),4,3.875,4.0,0.5448623679425842,3.5497806451612903
53024,Jonestown: The Life and Death of Peoples Temple (2006),4,3.875,4.0,0.5448623679425842,3.5497806451612903
3117,Ride with the Devil (1999),4,3.875,4.0,0.5448623679425842,3.5497806451612903
48696,Little Children (2006),4,3.875,4.0,0.5448623679425842,3.5497806451612903
65188,Dear Zachary: A Letter to a Son About His Father (2008),4,3.875,3.5,0.960143218483576,3.5497806451612903
94070,"Best Exotic Marigold Hotel, The (2011)",4,3.875,4.0,0.81967981553775,3.5497806451612903
117533,Citizenfour (2014),4,3.875,4.0,0.5448623679425842,3.5497806451612903
1680,Sliding Doors (1998),25,3.6,3.5,0.8831760866327847,3.5489076923076928
168250,Get Out (2017),15,3.6333333333333333,4.0,0.9392668535736913,3.5486476190476193
3723,Hamlet (1990),5,3.8,3.5,0.6782329983125268,3.548225
26903,Whisper of the Heart (Mimi wo sumaseba) (1995),5,3.8,4.0,0.7483314773547883,3.548225
26729,Hearts of Darkness: A Filmmakers Apocalypse (1991),5,3.8,4.0,0.24494897427831783,3.548225
60487,"It's the Great Pumpkin, Charlie Brown (1966)",5,3.8,4.0,0.7483314773547882,3.548225
69134,Antichrist (2009),5,3.8,4.0,0.7483314773547882,3.548225
168418,The Boss Baby (2017),5,3.8,4.0,1.0295630140987,3.548225
1643,"Mrs. Brown (a.k.a. Her Majesty, Mrs. Brown) (1997)",5,3.8,4.0,0.7483314773547882,3.548225
6713,Millennium Actress (Sennen joyû) (2001),5,3.8,4.0,0.8124038404635961,3.548225
59126,Religulous (2008),5,3.8,4.0,0.5099019513592784,3.548225
91974,Underworld: Awakening (2012),5,3.8,3.5,0.4,3.548225
891,Halloween: The Curse of Michael Myers (Halloween 6: The Curse of Michael Myers) (1995),5,3.8,3.0,0.9797958971132711,3.548225
26680,Cry-Baby (1990),5,3.8,3.5,0.6782329983125268,3.548225
42718,District 13 (Banlieue 13) (2004),5,3.8,3.5,0.4,3.548225
66785,"Good, the Bad, the Weird, The (Joheunnom nabbeunnom isanghannom) (2008)",5,3.8,4.0,0.5099019513592785,3.548225
3672,Benji (1974),5,3.8,4.0,1.16619037896906,3.548225
56921,Battlestar Galactica: Razor (2007),5,3.8,4.0,1.0295630140987,3.548225
1264,Diva (1981),5,3.8,4.0,0.4,3.548225
4356,Gentlemen Prefer Blondes (1953),5,3.8,3.5,0.6782329983125267,3.548225
5434,"Sorry, Wrong Number (1948)",5,3.8,3.5,0.4,3.548225
44709,Akeelah and the Bee (2006),5,3.8,4.0,0.5099019513592785,3.548225
78349,Exam (2009),5,3.8,3.5,0.4,3.548225
128520,The Wedding Ringer (2015),5,3.8,3.5,1.0295630140987,3.548225
7044,Wild at Heart (1990),5,3.8,4.0,0.7483314773547882,3.548225
2287,Them! (1954),5,3.8,3.5,0.6782329983125269,3.548225
117881,Still Alice (2014),5,3.8,4.0,0.5099019513592785,3.548225
27592,Sympathy for Mr. Vengeance (Boksuneun naui geot) (2002),5,3.8,4.0,0.7483314773547881,3.548225
2005,"Goonies, The (1985)",57,3.5701754385964914,3.5,0.9004803615304446,3.5481333333333334
2301,History of the World: Part I (1981),16,3.625,3.5,0.81967981553775,3.547516279069767
105844,12 Years a Slave (2013),16,3.625,4.0,0.649519052838329,3.547516279069767
3252,Scent of a Woman (1992),27,3.5925925925925926,4.0,0.9233296935050302,3.547096296296296
165,Die Hard: With a Vengeance (1995),144,3.5555555555555554,3.5,0.9187686338078459,3.547036257309941
61,Eye for an Eye (1996),6,3.75,4.0,0.8036375634160795,3.546763636363637
1454,SubUrbia (1997),6,3.75,3.5,0.6922186552431729,3.546763636363637
85774,Senna (2010),6,3.75,4.0,1.2500000000000002,3.546763636363637
7327,Persona (1966),6,3.75,4.0,0.8539125638299665,3.546763636363637
95088,Safety Not Guaranteed (2012),6,3.75,4.0,0.38188130791298663,3.546763636363637
127202,Me and Earl and the Dying Girl (2015),6,3.75,4.0,0.5590169943749473,3.546763636363637
44193,She's the Man (2006),6,3.75,3.5,0.75,3.546763636363637
4211,Reversal of Fortune (1990),6,3.75,4.0,0.8036375634160795,3.546763636363637
7001,Invasion of the Body Snatchers (1978),6,3.75,3.5,0.6922186552431729,3.546763636363637
136562,Steve Jobs (2015),6,3.75,3.5,0.7499999999999999,3.546763636363637
8154,"Dolce Vita, La (1960)",6,3.75,4.0,0.8036375634160795,3.546763636363637
27317,Audition (Ôdishon) (1999),6,3.75,3.5,0.478713553878169,3.546763636363637
68952,Drag Me to Hell (2009),6,3.75,3.5,0.6922186552431727,3.546763636363637
85881,Win Win (2011),6,3.75,3.5,0.6922186552431729,3.546763636363637
3007,American Movie (1999),6,3.75,3.5,0.47871355387816905,3.546763636363637
2151,"Gods Must Be Crazy II, The (1989)",6,3.75,3.0,0.9013878188659974,3.546763636363637
84944,Rango (2011),17,3.6176470588235294,3.5,1.0506218293818677,3.5464363636363636
8228,"Maltese Falcon, The (a.k.a. Dangerous Female) (1931)",17,3.6176470588235294,4.0,1.1314931800983143,3.5464363636363636
45186,Mission: Impossible III (2006),28,3.5892857142857144,3.5,0.6275458353859136,3.54624
3134,Grand Illusion (La grande illusion) (1937),7,3.7142857142857144,4.0,1.0301575072754257,3.5453882352941175
134170,Kung Fury (2015),7,3.7142857142857144,4.0,0.6468132241526725,3.5453882352941175
4741,Together (Tillsammans) (2000),7,3.7142857142857144,4.0,0.524890659167824,3.5453882352941175
1542,Brassed Off (1996),7,3.7142857142857144,4.0,0.8390957231764807,3.5453882352941175
167746,The Lego Batman Movie (2017),7,3.7142857142857144,4.0,1.2494896917525644,3.5453882352941175
34323,"Devil's Rejects, The (2005)",7,3.7142857142857144,4.0,0.6998542122237652,3.5453882352941175
2730,Barry Lyndon (1975),7,3.7142857142857144,4.0,0.9202927661946518,3.5453882352941175
2087,Peter Pan (1953),41,3.573170731707317,3.5,0.7371746955954835,3.5447529411764704
348,Bullets Over Broadway (1994),30,3.5833333333333335,4.0,1.1036555420762202,3.5446175438596486
48304,Apocalypto (2006),19,3.6052631578947367,4.0,0.7535695296461238,3.544417391304348
71282,"Food, Inc. (2008)",8,3.6875,3.5,0.6091746465505602,3.544091428571429
2130,Atlantic City (1980),8,3.6875,3.5,0.6584783595532961,3.544091428571429
2551,Dead Ringers (1988),8,3.6875,4.0,0.8992184106211348,3.544091428571429
107141,Saving Mr. Banks (2013),8,3.6875,4.0,0.6584783595532961,3.544091428571429
6774,Videodrome (1983),8,3.6875,3.5,0.6091746465505602,3.544091428571429
60766,Man on Wire (2008),8,3.6875,4.0,1.2975337182516684,3.544091428571429
2022,"Last Temptation of Christ, The (1988)",8,3.6875,3.5,0.6091746465505602,3.544091428571429
3204,"Boys from Brazil, The (1978)",8,3.6875,3.5,0.6584783595532961,3.544091428571429
180031,The Shape of Water (2017),8,3.6875,3.5,0.34798527267687634,3.544091428571429
163,Desperado (1995),66,3.5606060606060606,3.5,0.9867115245554506,3.543475268817204
81564,Megamind (2010),20,3.6,3.5,0.874642784226795,3.543472340425532
319,Shallow Grave (1994),20,3.6,4.0,1.2,3.543472340425532
104841,Gravity (2013),32,3.578125,3.5,1.1117931392012637,3.5431050847457626
4047,Gettysburg (1993),9,3.6666666666666665,3.5,0.7071067811865476,3.5428666666666664
3155,Anna and the King (1999),9,3.6666666666666665,3.5,1.0,3.5428666666666664
4427,"Lion in Winter, The (1968)",9,3.6666666666666665,3.5,0.7071067811865476,3.5428666666666664
87306,Super 8 (2011),21,3.5952380952380953,4.0,0.8538295750971956,3.5425666666666666
53000,28 Weeks Later (2007),21,3.5952380952380953,4.0,0.8812740725391309,3.5425666666666666
1907,Mulan (1998),45,3.566666666666667,3.5,0.7859884081701065,3.542266666666667
551,"Nightmare Before Christmas, The (1993)",93,3.553763440860215,3.5,0.9877267416055839,3.5420266666666667
69784,Brüno (Bruno) (2009),10,3.65,4.0,0.8381527307120105,3.5417081081081077
3742,Battleship Potemkin (1925),10,3.65,4.0,1.1629703349613005,3.5417081081081077
1186,"Sex, Lies, and Videotape (1989)",23,3.5869565217391304,4.0,1.1946636229594856,3.540864
373,Red Rock West (1992),11,3.6363636363636362,3.0,0.77138921583987,3.540610526315789
137857,The Jungle Book (2016),11,3.6363636363636362,3.5,0.77138921583987,3.540610526315789
4954,Ocean's Eleven (a.k.a. Ocean's 11) (1960),11,3.6363636363636362,4.0,1.024493424507695,3.540610526315789
117590,Horrible Bosses 2 (2014),11,3.6363636363636362,4.0,0.77138921583987,3.540610526315789
159093,Now You See Me 2 (2016),11,3.6363636363636362,4.0,0.9315409787235999,3.540610526315789
6552,Dirty Pretty Things (2002),12,3.625,3.5,0.6495190528383289,3.5395692307692306
952,Around the World in 80 Days (1956),12,3.625,4.0,0.649519052838329,3.5395692307692306
106489,"Hobbit: The Desolation of Smaug, The (2013)",25,3.58,3.5,1.0361467077590896,3.5392923076923077
1025,"Sword in the Stone, The (1963)",25,3.58,3.5,0.7833262411026455,3.5392923076923077
2420,"Karate Kid, The (1984)",38,3.5657894736842106,3.5,0.7709448460679079,3.539126153846154
8533,"Notebook, The (2004)",38,3.5657894736842106,3.5,1.1072194466532328,3.539126153846154
1023,Winnie the Pooh and the Blustery Day (1968),13,3.6153846153846154,3.5,1.0405960968052832,3.5385800000000005
58295,"Bank Job, The (2008)",13,3.6153846153846154,3.5,0.8122581569978029,3.5385800000000005
3300,Pitch Black (2000),39,3.5641025641025643,4.0,0.7777308147745179,3.5385333333333335
3751,Chicken Run (2000),78,3.551282051282051,3.5,0.845765256536956,3.5385066666666667
103228,Pacific Rim (2013),14,3.607142857142857,3.5,1.0208289948540323,3.537639024390244
534,Shadowlands (1993),14,3.607142857142857,4.0,0.848918880286051,3.537639024390244
5155,"Big Bird Cage, The (1972)",1,4.5,4.5,0.0,3.5372571428571424
5385,"Last Waltz, The (1978)",1,4.5,4.5,0.0,3.5372571428571424
6545,I Capture the Castle (2003),1,4.5,4.5,0.0,3.5372571428571424
8511,"Immigrant, The (1917)",1,4.5,4.5,0.0,3.5372571428571424
8795,Musa the Warrior (Musa) (2001),1,4.5,4.5,0.0,3.5372571428571424
26059,When a Woman Ascends the Stairs (Onna ga kaidan wo agaru toki) (1960),1,4.5,4.5,0.0,3.5372571428571424
27176,Style Wars (1983),1,4.5,4.5,0.0,3.5372571428571424
33201,Between Your Legs (Entre las piernas) (1999),1,4.5,4.5,0.0,3.5372571428571424
41828,Don't Look Now: We're Being Shot At (La grande vadrouille) (1966),1,4.5,4.5,0.0,3.5372571428571424
55687,My Kid Could Paint That (2007),1,4.5,4.5,0.0,3.5372571428571424
87660,Too Big to Fail (2011),1,4.5,4.5,0.0,3.5372571428571424
89090,Bill Cunningham New York (2011),1,4.5,4.5,0.0,3.5372571428571424
96373,Broken (2012),1,4.5,4.5,0.0,3.5372571428571424
100159,Sightseers (2012),1,4.5,4.5,0.0,3.5372571428571424
110591,Oculus (2013),1,4.5,4.5,0.0,3.5372571428571424
116411,Tangerines (2013),1,4.5,4.5,0.0,3.5372571428571424
128991,Johnny Express (2014),1,4.5,4.5,0.0,3.5372571428571424
150696,Tomorrow (2015),1,4.5,4.5,0.0,3.5372571428571424
157108,Texas - Doc Snyder hält die Welt in Atem (1993),1,4.5,4.5,0.0,3.5372571428571424
159069,Comedy of the Strict Regime (1993),1,4.5,4.5,0.0,3.5372571428571424
168846,Neal Brennan: 3 Mics (2017),1,4.5,4.5,0.0,3.5372571428571424
173317,Shadow World (2016),1,4.5,4.5,0.0,3.5372571428571424
174909,Logan Lucky (2017),1,4.5,4.5,0.0,3.5372571428571424
181413,Too Funny to Fail: The Life and Death of The Dana Carvey Show (2017),1,4.5,4.5,0.0,3.5372571428571424
183959,Tom Segura: Disgraceful (2018),1,4.5,4.5,0.0,3.5372571428571424
1337,"Body Snatcher, The (1945)",1,4.5,4.5,0.0,3.5372571428571424
4374,Let It Snow (1999),1,4.5,4.5,0.0,3.5372571428571424
4407,Salvador (1986),1,4.5,4.5,0.0,3.5372571428571424
5764,Looker (1981),1,4.5,4.5,0.0,3.5372571428571424
6163,He Loves Me... He Loves Me Not (À la folie... pas du tout) (2002),1,4.5,4.5,0.0,3.5372571428571424
8484,"Human Condition I, The (Ningen no joken I) (1959)",1,4.5,4.5,0.0,3.5372571428571424
8800,Code 46 (2003),1,4.5,4.5,0.0,3.5372571428571424
26003,Night and Fog (Nuit et brouillard) (1955),1,4.5,4.5,0.0,3.5372571428571424
26225,"Claire's Knee (Genou de Claire, Le) (1970)",1,4.5,4.5,0.0,3.5372571428571424
32511,"Touch of Zen, A (Xia nu) (1971)",1,4.5,4.5,0.0,3.5372571428571424
38159,"Short Film About Love, A (Krótki film o milosci) (1988)",1,4.5,4.5,0.0,3.5372571428571424
58842,Assembly (Ji jie hao) (2007) ,1,4.5,4.5,0.0,3.5372571428571424
62208,"Sound of the Mountain (Thunder of the Mountain, The) (Yama no oto) (1954)",1,4.5,4.5,0.0,3.5372571428571424
72554,Cell 211 (Celda 211) (2009),1,4.5,4.5,0.0,3.5372571428571424
77688,Three Men and a Cradle (3 hommes et un couffin) (1985),1,4.5,4.5,0.0,3.5372571428571424
84156,Happy People: A Year in the Taiga (2010),1,4.5,4.5,0.0,3.5372571428571424
84844,Brother 2 (Brat 2) (2000),1,4.5,4.5,0.0,3.5372571428571424
95761,Killer Joe (2011),1,4.5,4.5,0.0,3.5372571428571424
112868,"Signal, The (2014)",1,4.5,4.5,0.0,3.5372571428571424
115828,Copenhagen (2014),1,4.5,4.5,0.0,3.5372571428571424
118530,Fans (1999),1,4.5,4.5,0.0,3.5372571428571424
134252,That Munchhausen (1979),1,4.5,4.5,0.0,3.5372571428571424
142831,Garam Masala (2005),1,4.5,4.5,0.0,3.5372571428571424
143896,How To Change The World (2015),1,4.5,4.5,0.0,3.5372571428571424
159161,Ali Wong: Baby Cobra (2016),1,4.5,4.5,0.0,3.5372571428571424
167380,A Dog's Purpose (2017),1,4.5,4.5,0.0,3.5372571428571424
173535,The Adventures of Sherlock Holmes and Doctor Watson: The Hunt for the Tiger (1980),1,4.5,4.5,0.0,3.5372571428571424
188833,The Man Who Killed Don Quixote (2018),1,4.5,4.5,0.0,3.5372571428571424
191005,Gintama (2017),1,4.5,4.5,0.0,3.5372571428571424
391,Jason's Lyric (1994),1,4.5,4.5,0.0,3.5372571428571424
3353,"Closer You Get, The (2000)",1,4.5,4.5,0.0,3.5372571428571424
5912,Hit the Bank (Vabank) (1981),1,4.5,4.5,0.0,3.5372571428571424
6515,You Only Live Once (1937),1,4.5,4.5,0.0,3.5372571428571424
6665,Dracula (1979),1,4.5,4.5,0.0,3.5372571428571424
7572,Wit (2001),1,4.5,4.5,0.0,3.5372571428571424
25769,"Steamboat Bill, Jr. (1928)",1,4.5,4.5,0.0,3.5372571428571424
26603,Prince of Darkness (1987),1,4.5,4.5,0.0,3.5372571428571424
27627,Oasis (2002),1,4.5,4.5,0.0,3.5372571428571424
33310,"Common Thread, A (a.k.a. Sequins) (Brodeuses) (2004)",1,4.5,4.5,0.0,3.5372571428571424
55391,10th & Wolf (2006),1,4.5,4.5,0.0,3.5372571428571424
76143,"Bone Man, The (Der Knochenmann) (2009)",1,4.5,4.5,0.0,3.5372571428571424
84799,"Asphyx, The (1973)",1,4.5,4.5,0.0,3.5372571428571424
86487,Mildred Pierce (2011),1,4.5,4.5,0.0,3.5372571428571424
88932,Final Destination 5 (2011),1,4.5,4.5,0.0,3.5372571428571424
95633,Spirit Camp (2009),1,4.5,4.5,0.0,3.5372571428571424
102338,Shaolin Temple (Shao Lin si) (1976),1,4.5,4.5,0.0,3.5372571428571424
130840,Spring (2015),1,4.5,4.5,0.0,3.5372571428571424
132496,Danny Collins (2015),1,4.5,4.5,0.0,3.5372571428571424
133716,Bootleggers (1961),1,4.5,4.5,0.0,3.5372571428571424
135777,Golmaal (2006),1,4.5,4.5,0.0,3.5372571428571424
140038,Madly in Love (1981),1,4.5,4.5,0.0,3.5372571428571424
140481,"Family Guy Presents: Something, Something, Something, Dark Side (2009)",1,4.5,4.5,0.0,3.5372571428571424
140816,Tangerine (2015),1,4.5,4.5,0.0,3.5372571428571424
144734,Freaks of Nature (2015),1,4.5,4.5,0.0,3.5372571428571424
149830,Pride and Prejudice and Zombies (2016),1,4.5,4.5,0.0,3.5372571428571424
160289,O.J.: Made in America (2016),1,4.5,4.5,0.0,3.5372571428571424
162602,The Girl on the Train (2016),1,4.5,4.5,0.0,3.5372571428571424
165551,Lion (2016),1,4.5,4.5,0.0,3.5372571428571424
169034,Lemonade (2016),1,4.5,4.5,0.0,3.5372571428571424
171917,Mystère à la Tour Eiffel (2015),1,4.5,4.5,0.0,3.5372571428571424
172825,Adventures of Mowgli: The Kidnapping (1968),1,4.5,4.5,0.0,3.5372571428571424
173235,Tokyo Idols (2017),1,4.5,4.5,0.0,3.5372571428571424
185031,Alpha (2018),1,4.5,4.5,0.0,3.5372571428571424
3379,On the Beach (1959),1,4.5,4.5,0.0,3.5372571428571424
5498,Red Beard (Akahige) (1965),1,4.5,4.5,0.0,3.5372571428571424
5614,"His Secret Life (a.k.a. Ignorant Fairies, The) (Fate ignoranti, Le) (2001)",1,4.5,4.5,0.0,3.5372571428571424
7184,This Property is Condemned (1966),1,4.5,4.5,0.0,3.5372571428571424
7218,"Ox-Bow Incident, The (1943)",1,4.5,4.5,0.0,3.5372571428571424
7615,Desert Hearts (1985),1,4.5,4.5,0.0,3.5372571428571424
26713,Days of Being Wild (A Fei jingjyuhn) (1990),1,4.5,4.5,0.0,3.5372571428571424
27869,Tae Guk Gi: The Brotherhood of War (Taegukgi hwinalrimyeo) (2004),1,4.5,4.5,0.0,3.5372571428571424
32469,We're No Angels (1955),1,4.5,4.5,0.0,3.5372571428571424
59018,"Visitor, The (2007)",1,4.5,4.5,0.0,3.5372571428571424
78142,Baarìa (2009),1,4.5,4.5,0.0,3.5372571428571424
78620,"Scalphunters, The (1968)",1,4.5,4.5,0.0,3.5372571428571424
79006,Empire of Dreams: The Story of the 'Star Wars' Trilogy (2004),1,4.5,4.5,0.0,3.5372571428571424
95690,Some Guy Who Kills People (2011),1,4.5,4.5,0.0,3.5372571428571424
100194,Jim Jefferies: Fully Functional (EPIX) (2012),1,4.5,4.5,0.0,3.5372571428571424
112334,"Internet's Own Boy: The Story of Aaron Swartz, The (2014)",1,4.5,4.5,0.0,3.5372571428571424
112940,A Most Wanted Man (2014),1,4.5,4.5,0.0,3.5372571428571424
126090,Hedgehog in the Fog (1975),1,4.5,4.5,0.0,3.5372571428571424
128089,Kevin Hart: I'm a Grown Little Man (2009),1,4.5,4.5,0.0,3.5372571428571424
128900,The Natural Love (1996),1,4.5,4.5,0.0,3.5372571428571424
131023,That Sugar Film (2014),1,4.5,4.5,0.0,3.5372571428571424
134184,Elections Day (2007),1,4.5,4.5,0.0,3.5372571428571424
139157,Massu Engira Maasilamani (2015),1,4.5,4.5,0.0,3.5372571428571424
156605,Paterson,1,4.5,4.5,0.0,3.5372571428571424
159976,Pelé: Birth of a Legend (2016),1,4.5,4.5,0.0,3.5372571428571424
176413,Bliss (2012),1,4.5,4.5,0.0,3.5372571428571424
4338,Twelve O'Clock High (1949),1,4.5,4.5,0.0,3.5372571428571424
4342,Big Eden (2000),1,4.5,4.5,0.0,3.5372571428571424
5786,Paid in Full (2002),1,4.5,4.5,0.0,3.5372571428571424
5818,"Crime of Father Amaro, The (Crimen del padre Amaro, El) (2002)",1,4.5,4.5,0.0,3.5372571428571424
5849,I'm Starting From Three (Ricomincio da Tre) (1981),1,4.5,4.5,0.0,3.5372571428571424
6533,"What's Up, Doc? (1972)",1,4.5,4.5,0.0,3.5372571428571424
7459,Carandiru (2003),1,4.5,4.5,0.0,3.5372571428571424
7976,Ken Park (2002),1,4.5,4.5,0.0,3.5372571428571424
26985,Nirvana (1997),1,4.5,4.5,0.0,3.5372571428571424
33893,"Perfect Crime, The (Crimen Ferpecto) (Ferpect Crime) (2004)",1,4.5,4.5,0.0,3.5372571428571424
42422,Voices of a Distant Star (Hoshi no koe) (2003),1,4.5,4.5,0.0,3.5372571428571424
43684,Something New (2006),1,4.5,4.5,0.0,3.5372571428571424
44633,"Devil and Daniel Johnston, The (2005)",1,4.5,4.5,0.0,3.5372571428571424
44931,Secrets of a Soul (Geheimnisse einer Seele) (1926),1,4.5,4.5,0.0,3.5372571428571424
55020,"Ten, The (2007)",1,4.5,4.5,0.0,3.5372571428571424
60030,Spiral (2007),1,4.5,4.5,0.0,3.5372571428571424
60943,Frozen River (2008),1,4.5,4.5,0.0,3.5372571428571424
65225,Zeitgeist: Addendum (2008),1,4.5,4.5,0.0,3.5372571428571424
67888,Man on the Flying Trapeze (1935),1,4.5,4.5,0.0,3.5372571428571424
71108,"White Ribbon, The (Das weiße Band) (2009)",1,4.5,4.5,0.0,3.5372571428571424
71999,Aelita: The Queen of Mars (Aelita) (1924),1,4.5,4.5,0.0,3.5372571428571424
105540,"All Dogs Christmas Carol, An (1998)",1,4.5,4.5,0.0,3.5372571428571424
105746,UnHung Hero (2013),1,4.5,4.5,0.0,3.5372571428571424
113275,The Hundred-Foot Journey (2014),1,4.5,4.5,0.0,3.5372571428571424
121374,Bill Burr: Why Do I Do This? (2008),1,4.5,4.5,0.0,3.5372571428571424
123200,Jim Jefferies: I Swear to God (2009),1,4.5,4.5,0.0,3.5372571428571424
131920,The Road Within (2014),1,4.5,4.5,0.0,3.5372571428571424
133867,Barely Lethal (2015),1,4.5,4.5,0.0,3.5372571428571424
148632,Applesauce (2015),1,4.5,4.5,0.0,3.5372571428571424
167854,"Dana Carvey: Straight White Male, 60 (2016)",1,4.5,4.5,0.0,3.5372571428571424
168218,Kizumonogatari III: Cold Blood (2017),1,4.5,4.5,0.0,3.5372571428571424
1893,Beyond Silence (Jenseits der Stille) (1996),1,4.5,4.5,0.0,3.5372571428571424
3592,"Time Masters (Maîtres du temps, Les) (1982)",1,4.5,4.5,0.0,3.5372571428571424
4157,"Price of Milk, The (2000)",1,4.5,4.5,0.0,3.5372571428571424
4357,How to Marry a Millionaire (1953),1,4.5,4.5,0.0,3.5372571428571424
5817,Ararat (2002),1,4.5,4.5,0.0,3.5372571428571424
6969,"Dernier Combat, Le (Last Battle, The) (1983)",1,4.5,4.5,0.0,3.5372571428571424
25805,"Atalante, L' (1934)",1,4.5,4.5,0.0,3.5372571428571424
27328,Monday (2000),1,4.5,4.5,0.0,3.5372571428571424
27370,Late Night Shopping (2001),1,4.5,4.5,0.0,3.5372571428571424
34450,Miracles - Mr. Canton and Lady Rose (1989),1,4.5,4.5,0.0,3.5372571428571424
44777,Evil Aliens (2005),1,4.5,4.5,0.0,3.5372571428571424
48649,Chapayev (1934),1,4.5,4.5,0.0,3.5372571428571424
56060,I Served the King of England (Obsluhoval jsem anglického krále) (2006),1,4.5,4.5,0.0,3.5372571428571424
72104,Balance (1989),1,4.5,4.5,0.0,3.5372571428571424
72178,Welcome to Dongmakgol (2005),1,4.5,4.5,0.0,3.5372571428571424
74342,"Captain Newman, M.D. (1963)",1,4.5,4.5,0.0,3.5372571428571424
76301,"Emperor's New Groove 2: Kronk's New Groove, The (2005)",1,4.5,4.5,0.0,3.5372571428571424
89039,Another Earth (2011),1,4.5,4.5,0.0,3.5372571428571424
90576,What's Your Number? (2011),1,4.5,4.5,0.0,3.5372571428571424
93855,God Bless America (2011),1,4.5,4.5,0.0,3.5372571428571424
93988,North & South (2004),1,4.5,4.5,0.0,3.5372571428571424
95313,Jack-Jack Attack (2005),1,4.5,4.5,0.0,3.5372571428571424
98604,From Up on Poppy Hill (Kokuriko-zaka kara) (2011),1,4.5,4.5,0.0,3.5372571428571424
106594,Red Flag (2012),1,4.5,4.5,0.0,3.5372571428571424
107630,High School (2010),1,4.5,4.5,0.0,3.5372571428571424
108540,Ernest & Célestine (Ernest et Célestine) (2012),1,4.5,4.5,0.0,3.5372571428571424
108981,Nymphomaniac: Volume II (2013),1,4.5,4.5,0.0,3.5372571428571424
110330,Me and you (io e te) (2012),1,4.5,4.5,0.0,3.5372571428571424
110350,Free to Play (2014),1,4.5,4.5,0.0,3.5372571428571424
116817,Rudderless (2014),1,4.5,4.5,0.0,3.5372571428571424
118930,Bill Burr: I'm Sorry You Feel That Way (2014),1,4.5,4.5,0.0,3.5372571428571424
119153,Bill Burr: You People Are All the Same (2012),1,4.5,4.5,0.0,3.5372571428571424
120813,Patton Oswalt: My Weakness Is Strong (2009),1,4.5,4.5,0.0,3.5372571428571424
121338,Carry on Cabby (1963),1,4.5,4.5,0.0,3.5372571428571424
121469,Killer Movie (2008),1,4.5,4.5,0.0,3.5372571428571424
127212,The Stanford Prison Experiment (2015),1,4.5,4.5,0.0,3.5372571428571424
130976,Legend No. 17 (2013),1,4.5,4.5,0.0,3.5372571428571424
134334,Phir Hera Pheri (2006),1,4.5,4.5,0.0,3.5372571428571424
141836,It Can't Be! (1975),1,4.5,4.5,0.0,3.5372571428571424
142550,Ryuzo and the Seven Henchmen (2015),1,4.5,4.5,0.0,3.5372571428571424
160527,Sympathy for the Underdog (1971),1,4.5,4.5,0.0,3.5372571428571424
164226,Maximum Ride (2016),1,4.5,4.5,0.0,3.5372571428571424
182731,Pixel Perfect (2004),1,4.5,4.5,0.0,3.5372571428571424
1652,Year of the Horse (1997),1,4.5,4.5,0.0,3.5372571428571424
4612,Jesus of Montreal (Jésus de Montréal) (1989),1,4.5,4.5,0.0,3.5372571428571424
7939,Through a Glass Darkly (Såsom i en spegel) (1961),1,4.5,4.5,0.0,3.5372571428571424
8025,The Thief (1997),1,4.5,4.5,0.0,3.5372571428571424
26736,Riki-Oh: The Story of Ricky (Lik Wong) (1991),1,4.5,4.5,0.0,3.5372571428571424
27776,Red Lights (Feux rouges) (2004),1,4.5,4.5,0.0,3.5372571428571424
31435,Rory O'Shea Was Here (Inside I'm Dancing) (2004),1,4.5,4.5,0.0,3.5372571428571424
39516,Don't Move (Non ti muovere) (2004),1,4.5,4.5,0.0,3.5372571428571424
46855,Army of Shadows (L'armée des ombres) (1969),1,4.5,4.5,0.0,3.5372571428571424
48872,13 Tzameti (2005),1,4.5,4.5,0.0,3.5372571428571424
53883,"Power of Nightmares, The: The Rise of the Politics of Fear (2004)",1,4.5,4.5,0.0,3.5372571428571424
58291,College Road Trip (2008),1,4.5,4.5,0.0,3.5372571428571424
69394,"Stoning of Soraya M., The (2008)",1,4.5,4.5,0.0,3.5372571428571424
81087,Luck by Chance (2009),1,4.5,4.5,0.0,3.5372571428571424
82366,Hatchet II (2010),1,4.5,4.5,0.0,3.5372571428571424
82857,Sweetgrass (2009),1,4.5,4.5,0.0,3.5372571428571424
96084,Hands Over the City (Le mani sulla città) (1963),1,4.5,4.5,0.0,3.5372571428571424
102666,Ivan Vasilievich: Back to the Future (Ivan Vasilievich menyaet professiyu) (1973),1,4.5,4.5,0.0,3.5372571428571424
117646,Dragonheart 2: A New Beginning (2000),1,4.5,4.5,0.0,3.5372571428571424
120625,The Fool (2014),1,4.5,4.5,0.0,3.5372571428571424
128099,Jim Jefferies: BARE (2014),1,4.5,4.5,0.0,3.5372571428571424
136540,The FP (2012),1,4.5,4.5,0.0,3.5372571428571424
141844,12 Chairs (1971),1,4.5,4.5,0.0,3.5372571428571424
152105,Dad's Army (1971),1,4.5,4.5,0.0,3.5372571428571424
180777,Die Frauen von Ravensbrück (2005),1,4.5,4.5,0.0,3.5372571428571424
183317,Patti Rocks (1988),1,4.5,4.5,0.0,3.5372571428571424
188189,Sorry to Bother You (2018),1,4.5,4.5,0.0,3.5372571428571424
2175,Déjà Vu (1997),1,4.5,4.5,0.0,3.5372571428571424
2557,I Stand Alone (Seul contre tous) (1998),1,4.5,4.5,0.0,3.5372571428571424
4645,Cure (1997),1,4.5,4.5,0.0,3.5372571428571424
4942,"Angry Red Planet, The (1959)",1,4.5,4.5,0.0,3.5372571428571424
7037,High Heels (Tacones lejanos) (1991),1,4.5,4.5,0.0,3.5372571428571424
7843,Lammbock (2001),1,4.5,4.5,0.0,3.5372571428571424
7940,The Magician (1958),1,4.5,4.5,0.0,3.5372571428571424
26048,"Human Condition II, The (Ningen no joken II) (1959)",1,4.5,4.5,0.0,3.5372571428571424
26150,Andrei Rublev (Andrey Rublyov) (1969),1,4.5,4.5,0.0,3.5372571428571424
26265,Dr. Phibes Rises Again (1972),1,4.5,4.5,0.0,3.5372571428571424
27480,Dead or Alive 2: Tôbôsha (2000),1,4.5,4.5,0.0,3.5372571428571424
42761,Casper Meets Wendy (1998),1,4.5,4.5,0.0,3.5372571428571424
51167,My Father and My Son (Babam ve oglum) (2005),1,4.5,4.5,0.0,3.5372571428571424
58309,War Dance (2007),1,4.5,4.5,0.0,3.5372571428571424
70708,Tetro (2009),1,4.5,4.5,0.0,3.5372571428571424
81535,Saw VII 3D - The Final Chapter (2010),1,4.5,4.5,0.0,3.5372571428571424
91784,Girl Walks Into a Bar (2011),1,4.5,4.5,0.0,3.5372571428571424
92243,"Flowers of War, The (Jin líng shí san chai) (2011)",1,4.5,4.5,0.0,3.5372571428571424
98607,Redline (2009),1,4.5,4.5,0.0,3.5372571428571424
102984,Inhuman Resources (Redd Inc.) (2012),1,4.5,4.5,0.0,3.5372571428571424
103483,V/H/S/2 (2013),1,4.5,4.5,0.0,3.5372571428571424
109161,Venus in Fur (La Vénus à la fourrure) (2013),1,4.5,4.5,0.0,3.5372571428571424
111146,Alpha and Omega 3: The Great Wolf Games (2014),1,4.5,4.5,0.0,3.5372571428571424
127116,Experimenter (2015),1,4.5,4.5,0.0,3.5372571428571424
141818,Ordinary Miracle (1978),1,4.5,4.5,0.0,3.5372571428571424
142196,Cornered! (2009),1,4.5,4.5,0.0,3.5372571428571424
163985,ARQ (2016),1,4.5,4.5,0.0,3.5372571428571424
175435,The Magic Ring (1982),1,4.5,4.5,0.0,3.5372571428571424
177939,"The Night Is Short, Walk on Girl (2017)",1,4.5,4.5,0.0,3.5372571428571424
180265,Jim & Andy: The Great Beyond (2017),1,4.5,4.5,0.0,3.5372571428571424
284,New York Cop (Nyû Yôku no koppu) (1993),1,4.5,4.5,0.0,3.5372571428571424
2801,Oscar and Lucinda (a.k.a. Oscar & Lucinda) (1997),1,4.5,4.5,0.0,3.5372571428571424
2984,On Any Sunday (1971),1,4.5,4.5,0.0,3.5372571428571424
3289,Not One Less (Yi ge dou bu neng shao) (1999),1,4.5,4.5,0.0,3.5372571428571424
3315,Happy Go Lovely (1951),1,4.5,4.5,0.0,3.5372571428571424
4307,"Fast Food, Fast Women (2000)",1,4.5,4.5,0.0,3.5372571428571424
4393,Another Woman (1988),1,4.5,4.5,0.0,3.5372571428571424
5095,"Scotland, Pa. (2001)",1,4.5,4.5,0.0,3.5372571428571424
5657,Flashback (1990),1,4.5,4.5,0.0,3.5372571428571424
5901,Empire (2002),1,4.5,4.5,0.0,3.5372571428571424
7023,"Wedding Banquet, The (Xi yan) (1993)",1,4.5,4.5,0.0,3.5372571428571424
7899,Master of the Flying Guillotine (Du bi quan wang da po xue di zi) (1975),1,4.5,4.5,0.0,3.5372571428571424
26122,Onibaba (1964),1,4.5,4.5,0.0,3.5372571428571424
26359,1900 (Novecento) (1976),1,4.5,4.5,0.0,3.5372571428571424
27716,"Green Butchers, The (Grønne slagtere, De) (2003)",1,4.5,4.5,0.0,3.5372571428571424
27744,"Facing Windows (Finestra di fronte, La) (2003)",1,4.5,4.5,0.0,3.5372571428571424
41724,Wal-Mart: The High Cost of Low Price (2005),1,4.5,4.5,0.0,3.5372571428571424
46105,I Am a Sex Addict (2005),1,4.5,4.5,0.0,3.5372571428571424
50613,Dead Meat (2004),1,4.5,4.5,0.0,3.5372571428571424
51314,Golden Door (Nuovomondo) (2006),1,4.5,4.5,0.0,3.5372571428571424
57843,Rise of the Footsoldier (2007),1,4.5,4.5,0.0,3.5372571428571424
69720,Hood of Horror (2006),1,4.5,4.5,0.0,3.5372571428571424
71302,Attack of the 50 Foot Woman (1958),1,4.5,4.5,0.0,3.5372571428571424
84246,It Happened on Fifth Avenue (1947),1,4.5,4.5,0.0,3.5372571428571424
89837,Kill List (2011),1,4.5,4.5,0.0,3.5372571428571424
91947,"Revenant, The (2009)",1,4.5,4.5,0.0,3.5372571428571424
103685,"Field in England, A (2013)",1,4.5,4.5,0.0,3.5372571428571424
107408,Only Old Men Are Going to Battle (V boy idut odni stariki) (1973),1,4.5,4.5,0.0,3.5372571428571424
107412,"Kidnapping, Caucasian Style (Kavkazskaya plennitsa) (1967)",1,4.5,4.5,0.0,3.5372571428571424
107462,Ninja: Shadow of a Tear (2013),1,4.5,4.5,0.0,3.5372571428571424
109971,Ocho apellidos vascos (2014),1,4.5,4.5,0.0,3.5372571428571424
111913,Lilting (2014),1,4.5,4.5,0.0,3.5372571428571424
117849,La Belle Verte (1996),1,4.5,4.5,0.0,3.5372571428571424
121372,Bill Burr: Let It Go (2010),1,4.5,4.5,0.0,3.5372571428571424
124273,Kevin Smith: Too Fat For 40 (2010),1,4.5,4.5,0.0,3.5372571428571424
131104,The Brain (1969),1,4.5,4.5,0.0,3.5372571428571424
134326,The Taming of the Scoundrel (1980),1,4.5,4.5,0.0,3.5372571428571424
140162,Love (2015),1,4.5,4.5,0.0,3.5372571428571424
144478,"Sex, Drugs & Taxation (2013)",1,4.5,4.5,0.0,3.5372571428571424
147936,The Lord's Lantern in Budapest (1999),1,4.5,4.5,0.0,3.5372571428571424
157110,00 Schneider - Jagd auf Nihil Baxter (1994),1,4.5,4.5,0.0,3.5372571428571424
160848,The Red Turtle (2016),1,4.5,4.5,0.0,3.5372571428571424
161024,Jim Jefferies: Freedumb (2016),1,4.5,4.5,0.0,3.5372571428571424
165671,Ice Guardians (2016),1,4.5,4.5,0.0,3.5372571428571424
167634,Fist Fight (2017),1,4.5,4.5,0.0,3.5372571428571424
177185,Maz Jobrani: Immigrant (2017),1,4.5,4.5,0.0,3.5372571428571424
188751,Mamma Mia: Here We Go Again! (2018),1,4.5,4.5,0.0,3.5372571428571424
6003,Confessions of a Dangerous Mind (2002),15,3.6,3.5,0.48989794855663565,3.5367428571428574
321,Strawberry and Chocolate (Fresa y chocolate) (1993),2,4.0,4.0,0.0,3.5359724137931035
341,Double Happiness (1994),2,4.0,4.0,0.0,3.5359724137931035
2607,Get Real (1998),2,4.0,3.5,0.5,3.5359724137931035
2749,"Morning After, The (1986)",2,4.0,4.0,0.0,3.5359724137931035
3447,"Good Earth, The (1937)",2,4.0,4.0,0.0,3.5359724137931035
4061,The Man in the Moon (1991),2,4.0,3.0,1.0,3.5359724137931035
4193,"Fantasticks, The (1995)",2,4.0,4.0,0.0,3.5359724137931035
4801,"Little Foxes, The (1941)",2,4.0,4.0,0.0,3.5359724137931035
6509,Ali: Fear Eats the Soul (Angst essen Seele auf) (1974),2,4.0,4.0,0.0,3.5359724137931035
26444,"Hitch Hikers Guide to the Galaxy, The (1981)",2,4.0,3.5,0.5,3.5359724137931035
46347,Metal: A Headbanger's Journey (2005),2,4.0,3.5,0.5,3.5359724137931035
128968,Stitch! The Movie (2003),2,4.0,3.0,1.0,3.5359724137931035
151763,Death Note Rewrite: Genshisuru Kami (2007),2,4.0,4.0,0.0,3.5359724137931035
80,"White Balloon, The (Badkonake sefid) (1995)",2,4.0,4.0,0.0,3.5359724137931035
214,Before the Rain (Pred dozhdot) (1994),2,4.0,4.0,0.0,3.5359724137931035
238,Far From Home: The Adventures of Yellow Dog (1995),2,4.0,3.0,1.0,3.5359724137931035
4154,Recess: School's Out (2001),2,4.0,4.0,0.0,3.5359724137931035
4263,Days of Wine and Roses (1962),2,4.0,4.0,0.0,3.5359724137931035
5165,Zombie (a.k.a. Zombie 2: The Dead Are Among Us) (Zombi 2) (1979),2,4.0,4.0,0.0,3.5359724137931035
5994,Nicholas Nickleby (2002),2,4.0,4.0,0.0,3.5359724137931035
6684,Death in Venice (Morte a Venezia) (1971),2,4.0,4.0,0.0,3.5359724137931035
7584,Woman of the Year (1942),2,4.0,4.0,0.0,3.5359724137931035
7789,"""11'09""""01 - September 11 (2002)""",2,4.0,4.0,0.0,3.5359724137931035
26681,Bullet in the Head (1990),2,4.0,3.0,1.0,3.5359724137931035
50658,49 Up (2005),2,4.0,4.0,0.0,3.5359724137931035
55946,Lions For Lambs (2007),2,4.0,3.0,1.0,3.5359724137931035
80615,Legend of the Guardians: The Owls of Ga'Hoole (2010),2,4.0,4.0,0.0,3.5359724137931035
98279,"Fantastic Fear of Everything, A (2012)",2,4.0,3.0,1.0,3.5359724137931035
105585,Machete Kills (Machete 2) (2013),2,4.0,3.0,1.0,3.5359724137931035
3094,Maurice (1987),2,4.0,4.0,0.0,3.5359724137931035
3849,The Spiral Staircase (1945),2,4.0,4.0,0.0,3.5359724137931035
4147,Nico and Dani (Krámpack) (2000),2,4.0,4.0,0.0,3.5359724137931035
4294,"5,000 Fingers of Dr. T, The (1953)",2,4.0,3.0,1.0,3.5359724137931035
4426,Kiss Me Deadly (1955),2,4.0,3.0,1.0,3.5359724137931035
7352,Wilbur Wants to Kill Himself (2002),2,4.0,4.0,0.0,3.5359724137931035
8813,We Don't Live Here Anymore (2004),2,4.0,3.5,0.5,3.5359724137931035
25886,Random Harvest (1942),2,4.0,3.5,0.5,3.5359724137931035
25898,Day of Wrath (Vredens dag) (1943),2,4.0,4.0,0.0,3.5359724137931035
26704,State of Grace (1990),2,4.0,4.0,0.0,3.5359724137931035
27820,"Story of the Weeping Camel, The (Geschichte vom weinenden Kamel, Die) (2003)",2,4.0,4.0,0.0,3.5359724137931035
86898,"Tree of Life, The (2011)",2,4.0,3.0,1.0,3.5359724137931035
114028,Pride (2014),2,4.0,4.0,0.0,3.5359724137931035
1695,Artemisia (1997),2,4.0,4.0,0.0,3.5359724137931035
1793,Welcome to Woop-Woop (1997),2,4.0,4.0,0.0,3.5359724137931035
4190,Elmer Gantry (1960),2,4.0,4.0,0.0,3.5359724137931035
4711,Theremin: An Electronic Odyssey (1993),2,4.0,4.0,0.0,3.5359724137931035
5023,"Waterdance, The (1992)",2,4.0,4.0,0.0,3.5359724137931035
5398,Requiem for a Heavyweight (1962),2,4.0,4.0,0.0,3.5359724137931035
5619,"Trials of Henry Kissinger, The (2002)",2,4.0,4.0,0.0,3.5359724137931035
7089,Amarcord (1973),2,4.0,4.0,0.0,3.5359724137931035
8167,Captain Blood (1935),2,4.0,4.0,0.0,3.5359724137931035
26612,"Better Tomorrow II, A (Ying hung boon sik II) (1987)",2,4.0,3.0,1.0,3.5359724137931035
74948,Harry Brown (2009),2,4.0,4.0,0.0,3.5359724137931035
164200,Storks (2016),2,4.0,3.5,0.5,3.5359724137931035
165969,HyperNormalisation (2016),2,4.0,3.5,0.5,3.5359724137931035
685,It's My Party (1996),2,4.0,3.0,1.0,3.5359724137931035
1699,"Butcher Boy, The (1997)",2,4.0,3.0,1.0,3.5359724137931035
1929,Grand Hotel (1932),2,4.0,4.0,0.0,3.5359724137931035
2494,"Last Days, The (1998)",2,4.0,4.0,0.0,3.5359724137931035
3078,Liberty Heights (1999),2,4.0,4.0,0.0,3.5359724137931035
3641,"Woman of Paris, A (1923)",2,4.0,3.5,0.5,3.5359724137931035
3823,Wonderland (1999),2,4.0,4.0,0.0,3.5359724137931035
8235,Safety Last! (1923),2,4.0,3.0,1.0,3.5359724137931035
8337,"Caine Mutiny, The (1954)",2,4.0,4.0,0.0,3.5359724137931035
8730,To End All Wars (2001),2,4.0,3.5,0.5,3.5359724137931035
74228,Triangle (2009),2,4.0,3.5,0.5,3.5359724137931035
99437,John Dies at the End (2012),2,4.0,3.5,0.5,3.5359724137931035
127298,A Pigeon Sat on a Branch Reflecting on Existence (2014),2,4.0,3.5,0.5,3.5359724137931035
166291,A Silent Voice (2016),2,4.0,3.0,1.0,3.5359724137931035
695,True Crime (1996),2,4.0,4.0,0.0,3.5359724137931035
2342,Hard Core Logo (1996),2,4.0,3.0,1.0,3.5359724137931035
3746,Butterfly (La lengua de las mariposas) (1999),2,4.0,3.0,1.0,3.5359724137931035
4634,Penn & Teller Get Killed (1989),2,4.0,3.0,1.0,3.5359724137931035
8748,"Yesterday, Today and Tomorrow (Ieri, oggi, domani) (1963)",2,4.0,3.5,0.5,3.5359724137931035
42946,Project A ('A' gai waak) (1983),2,4.0,3.0,1.0,3.5359724137931035
74553,"Secret of Kells, The (2009)",2,4.0,3.5,0.5,3.5359724137931035
81910,"Art of the Steal, The (2009)",2,4.0,4.0,0.0,3.5359724137931035
86628,Kill the Irishman (2011),2,4.0,4.0,0.0,3.5359724137931035
94150,Hysteria (2011),2,4.0,4.0,0.0,3.5359724137931035
2425,"General, The (1998)",2,4.0,4.0,0.0,3.5359724137931035
3402,Turtle Diary (1985),2,4.0,4.0,0.0,3.5359724137931035
5304,"Rome, Open City (a.k.a. Open City) (Roma, città aperta) (1945)",2,4.0,4.0,0.0,3.5359724137931035
6195,Stone Reader (2002),2,4.0,4.0,0.0,3.5359724137931035
6579,"One, Two, Three (1961)",2,4.0,3.5,0.5,3.5359724137931035
7091,Horse Feathers (1932),2,4.0,3.5,0.5,3.5359724137931035
7493,"Three Faces of Eve, The (1957)",2,4.0,4.0,0.0,3.5359724137931035
8016,"Getaway, The (1972)",2,4.0,3.5,0.5,3.5359724137931035
48342,Conversations with Other Women (2005),2,4.0,3.0,1.0,3.5359724137931035
68945,Neon Genesis Evangelion: Death & Rebirth (Shin seiki Evangelion Gekijô-ban: Shito shinsei) (1997),2,4.0,3.5,0.5,3.5359724137931035
82053,Casino Jack (2010),2,4.0,3.0,1.0,3.5359724137931035
98083,Jackass 3.5 (2011),2,4.0,3.0,1.0,3.5359724137931035
115664,The Book of Life (2014),2,4.0,3.5,0.5,3.5359724137931035
363,"Wonderful, Horrible Life of Leni Riefenstahl, The (Macht der Bilder: Leni Riefenstahl, Die) (1993)",2,4.0,4.0,0.0,3.5359724137931035
369,Mrs. Parker and the Vicious Circle (1994),2,4.0,4.0,0.0,3.5359724137931035
1397,Bastard Out of Carolina (1996),2,4.0,4.0,0.0,3.5359724137931035
1564,For Roseanna (Roseanna's Grave) (1997),2,4.0,3.0,1.0,3.5359724137931035
3077,42 Up (1998),2,4.0,4.0,0.0,3.5359724137931035
3569,"Idiots, The (Idioterne) (1998)",2,4.0,3.5,0.5,3.5359724137931035
3790,Groove (2000),2,4.0,4.0,0.0,3.5359724137931035
3989,One Day in September (1999),2,4.0,3.5,0.5,3.5359724137931035
4422,Cries and Whispers (Viskningar och rop) (1972),2,4.0,4.0,0.0,3.5359724137931035
6122,Richard Pryor Live on the Sunset Strip (1982),2,4.0,3.0,1.0,3.5359724137931035
6902,Interstate 60 (2002),2,4.0,4.0,0.0,3.5359724137931035
7773,"Bang, Bang, You're Dead (2002)",2,4.0,4.0,0.0,3.5359724137931035
41527,Paradise Now (2005),2,4.0,4.0,0.0,3.5359724137931035
52668,In the Land of Women (2007),2,4.0,4.0,0.0,3.5359724137931035
66744,"Divo, Il (2008)",2,4.0,4.0,0.0,3.5359724137931035
103624,Fruitvale Station (2013),2,4.0,4.0,0.0,3.5359724137931035
104339,In a World... (2013),2,4.0,3.5,0.5,3.5359724137931035
104875,"History of Future Folk, The (2012)",2,4.0,3.5,0.5,3.5359724137931035
116668,Dead Snow 2: Red vs. Dead (2014) ,2,4.0,3.5,0.5,3.5359724137931035
121,"Boys of St. Vincent, The (1992)",2,4.0,4.0,0.0,3.5359724137931035
779,'Til There Was You (1997),2,4.0,3.0,1.0,3.5359724137931035
2185,I Confess (1953),2,4.0,4.0,0.0,3.5359724137931035
3372,"Bridge at Remagen, The (1969)",2,4.0,4.0,0.0,3.5359724137931035
3787,Shower (Xizao) (1999),2,4.0,3.0,1.0,3.5359724137931035
4055,Panic (2000),2,4.0,3.0,1.0,3.5359724137931035
6448,"Flight of the Phoenix, The (1965)",2,4.0,4.0,0.0,3.5359724137931035
6856,Yankee Doodle Dandy (1942),2,4.0,4.0,0.0,3.5359724137931035
7087,"Passage to India, A (1984)",2,4.0,4.0,0.0,3.5359724137931035
7705,Pat and Mike (1952),2,4.0,4.0,0.0,3.5359724137931035
7756,Alexander Nevsky (Aleksandr Nevskiy) (1938),2,4.0,3.0,1.0,3.5359724137931035
8195,"Avventura, L' (Adventure, The) (1960)",2,4.0,4.0,0.0,3.5359724137931035
27186,Kirikou and the Sorceress (Kirikou et la sorcière) (1998),2,4.0,4.0,0.0,3.5359724137931035
33090,Mutant Aliens (2001),2,4.0,3.0,1.0,3.5359724137931035
53574,"TV Set, The (2006)",2,4.0,4.0,0.0,3.5359724137931035
61406,John Adams (2008),2,4.0,4.0,0.0,3.5359724137931035
63276,Crows Zero (Kurôzu zero) (2007),2,4.0,3.5,0.5,3.5359724137931035
95475,Dragon Ball Z: Cooler's Revenge (Doragon bôru Z 5: Tobikkiri no saikyô tai saikyô) (1991),2,4.0,4.0,0.0,3.5359724137931035
100611,Escape from Planet Earth (2013),2,4.0,3.5,0.5,3.5359724137931035
107953,Dragon Ball Z: Battle of Gods (2013),2,4.0,4.0,0.0,3.5359724137931035
113741,Coherence (2013),2,4.0,4.0,0.0,3.5359724137931035
138204,7 Days in Hell (2015),2,4.0,4.0,0.0,3.5359724137931035
142456,The Brand New Testament (2015),2,4.0,3.5,0.5,3.5359724137931035
1753,Half Baked (1998),16,3.59375,3.5,0.955555303213791,3.535888372093023
4327,"Magnificent Seven, The (1960)",16,3.59375,4.0,0.939061200082295,3.535888372093023
2423,Christmas Vacation (National Lampoon's Christmas Vacation) (1989),30,3.566666666666667,4.0,1.1234866364235143,3.535845614035088
35836,"40-Year-Old Virgin, The (2005)",74,3.5472972972972974,3.5,0.9233053099587921,3.535081188118812
2311,2010: The Year We Make Contact (1984),17,3.588235294117647,4.0,0.6470588235294119,3.535072727272727
5073,"Son's Room, The (Stanza del figlio, La) (2001)",3,3.8333333333333335,4.0,0.6236095644623235,3.5347733333333333
6183,Pillow Talk (1959),3,3.8333333333333335,4.0,0.6236095644623235,3.5347733333333333
6869,Bus 174 (Ônibus 174) (2002),3,3.8333333333333335,4.0,0.6236095644623235,3.5347733333333333
7078,Jezebel (1938),3,3.8333333333333335,4.0,1.0274023338281628,3.5347733333333333
50740,Seven Up! (1964),3,3.8333333333333335,4.0,0.23570226039551584,3.5347733333333333
54372,Tell No One (Ne le dis à personne) (2006),3,3.8333333333333335,4.0,0.23570226039551584,3.5347733333333333
5475,Z (1969),3,3.8333333333333335,4.0,0.23570226039551584,3.5347733333333333
6041,Amen. (2002),3,3.8333333333333335,4.0,0.23570226039551584,3.5347733333333333
31184,Appleseed (Appurushîdo) (2004),3,3.8333333333333335,4.0,0.6236095644623235,3.5347733333333333
59103,"Forbidden Kingdom, The (2008)",3,3.8333333333333335,4.0,0.6236095644623235,3.5347733333333333
70728,Bronson (2009),3,3.8333333333333335,4.0,0.23570226039551584,3.5347733333333333
72720,"Single Man, A (2009)",3,3.8333333333333335,4.0,0.23570226039551584,3.5347733333333333
112006,Tangled Ever After (2012),3,3.8333333333333335,4.0,0.23570226039551584,3.5347733333333333
156387,Sing Street (2016),3,3.8333333333333335,4.0,0.23570226039551584,3.5347733333333333
161580,Bad Moms (2016),3,3.8333333333333335,3.5,0.4714045207910317,3.5347733333333333
1934,You Can't Take It with You (1938),3,3.8333333333333335,3.5,0.8498365855987975,3.5347733333333333
3350,"Raisin in the Sun, A (1961)",3,3.8333333333333335,4.0,0.23570226039551584,3.5347733333333333
4577,Casualties of War (1989),3,3.8333333333333335,4.0,0.6236095644623235,3.5347733333333333
5417,"Fast Runner, The (Atanarjuat) (2001)",3,3.8333333333333335,3.5,0.8498365855987975,3.5347733333333333
6193,Poolhall Junkies (2002),3,3.8333333333333335,3.5,0.4714045207910317,3.5347733333333333
6966,Darkman (1990),3,3.8333333333333335,4.0,0.23570226039551584,3.5347733333333333
7206,Mon Oncle (My Uncle) (1958),3,3.8333333333333335,4.0,0.23570226039551584,3.5347733333333333
31116,Sergeant York (1941),3,3.8333333333333335,4.0,0.6236095644623235,3.5347733333333333
80586,Flipped (2010),3,3.8333333333333335,3.5,0.4714045207910317,3.5347733333333333
95377,One Man Band (2005),3,3.8333333333333335,4.0,0.6236095644623235,3.5347733333333333
112804,I Origins (2014),3,3.8333333333333335,4.5,1.3123346456686351,3.5347733333333333
5137,Scratch (2001),3,3.8333333333333335,3.5,0.8498365855987975,3.5347733333333333
34153,Murderball (2005),3,3.8333333333333335,4.0,0.23570226039551584,3.5347733333333333
70533,Evangelion: 1.0 You Are (Not) Alone (Evangerion shin gekijôban: Jo) (2007),3,3.8333333333333335,4.0,0.23570226039551584,3.5347733333333333
127052,Operation 'Y' & Other Shurik's Adventures (1965),3,3.8333333333333335,4.0,1.0274023338281628,3.5347733333333333
2442,Hilary and Jackie (1998),3,3.8333333333333335,4.0,0.23570226039551584,3.5347733333333333
4195,"Abominable Dr. Phibes, The (1971)",3,3.8333333333333335,3.5,0.8498365855987975,3.5347733333333333
73854,"Rudolph, the Red-Nosed Reindeer (1964)",3,3.8333333333333335,4.0,0.6236095644623235,3.5347733333333333
110882,Locke (2013),3,3.8333333333333335,4.0,0.6236095644623235,3.5347733333333333
115680,Time Lapse (2014),3,3.8333333333333335,4.0,0.23570226039551584,3.5347733333333333
5483,"Kid Stays in the Picture, The (2002)",3,3.8333333333333335,3.5,0.4714045207910317,3.5347733333333333
32554,Memories (Memorîzu) (1995),3,3.8333333333333335,4.0,0.6236095644623235,3.5347733333333333
96606,Samsara (2011),3,3.8333333333333335,4.0,1.0274023338281628,3.5347733333333333
4438,"Fist of Fury (Chinese Connection, The) (Jing wu men) (1972)",3,3.8333333333333335,3.5,0.8498365855987975,3.5347733333333333
26585,"Better Tomorrow, A (Ying hung boon sik) (1986)",3,3.8333333333333335,4.0,0.6236095644623235,3.5347733333333333
49347,Fast Food Nation (2006),3,3.8333333333333335,3.5,0.8498365855987975,3.5347733333333333
3733,"Paper Chase, The (1973)",3,3.8333333333333335,4.0,0.23570226039551584,3.5347733333333333
6335,"Dancer Upstairs, The (2002)",3,3.8333333333333335,4.0,0.6236095644623235,3.5347733333333333
8341,Oliver Twist (1948),3,3.8333333333333335,3.5,0.4714045207910317,3.5347733333333333
30820,"Woodsman, The (2004)",3,3.8333333333333335,3.5,0.4714045207910317,3.5347733333333333
49280,Bobby (2006),3,3.8333333333333335,3.5,0.4714045207910317,3.5347733333333333
94985,Get the Gringo (2012),3,3.8333333333333335,4.0,0.23570226039551584,3.5347733333333333
165639,While You Were Fighting: A Thor Mockumentary (2016),3,3.8333333333333335,4.0,0.23570226039551584,3.5347733333333333
935,"Band Wagon, The (1953)",3,3.8333333333333335,4.0,1.0274023338281628,3.5347733333333333
1946,Marty (1955),3,3.8333333333333335,4.0,0.23570226039551584,3.5347733333333333
4187,Lilies of the Field (1963),3,3.8333333333333335,4.0,0.23570226039551584,3.5347733333333333
4347,Divided We Fall (Musíme si pomáhat) (2000),3,3.8333333333333335,4.0,0.23570226039551584,3.5347733333333333
5613,8 Women (2002),3,3.8333333333333335,4.0,0.23570226039551584,3.5347733333333333
47970,"Last Kiss, The (2006)",3,3.8333333333333335,4.0,0.6236095644623235,3.5347733333333333
85179,Summer Wars (Samâ wôzu) (2009),3,3.8333333333333335,4.0,0.6236095644623235,3.5347733333333333
179817,Darkest Hour (2017),3,3.8333333333333335,4.0,0.6236095644623235,3.5347733333333333
182715,Annihilation (2018),3,3.8333333333333335,4.0,0.23570226039551584,3.5347733333333333
102125,Iron Man 3 (2013),32,3.5625,3.5,0.9662265521087693,3.534630508474576
440,Dave (1993),76,3.5460526315789473,4.0,0.6647992948951396,3.5343999999999998
7293,50 First Dates (2004),47,3.5531914893617023,4.0,0.9466291965031767,3.534367567567567
3639,"Man with the Golden Gun, The (1974)",18,3.5833333333333335,3.5,0.7500000000000001,3.5342933333333333
5349,Spider-Man (2002),122,3.540983606557377,3.5,0.9443320215604095,3.533846979865772
4339,Von Ryan's Express (1965),4,3.75,3.5,0.25,3.533651612903226
7084,"Play It Again, Sam (1972)",4,3.75,3.5,0.5590169943749475,3.533651612903226
49961,Notes on a Scandal (2006),4,3.75,4.0,0.4330127018922193,3.533651612903226
456,Fresh (1994),4,3.75,3.5,1.14564392373896,3.533651612903226
3436,Dying Young (1991),4,3.75,4.0,1.0897247358851683,3.533651612903226
4640,Brother (2000),4,3.75,3.0,0.8291561975888498,3.533651612903226
6785,Seven Brides for Seven Brothers (1954),4,3.75,3.0,0.75,3.533651612903226
27674,11:14 (2003),4,3.75,4.0,0.4330127018922193,3.533651612903226
168492,Call Me by Your Name (2017),4,3.75,3.5,0.5590169943749475,3.533651612903226
1727,"Horse Whisperer, The (1998)",4,3.75,3.5,0.7500000000000001,3.533651612903226
34271,Hustle & Flow (2005),4,3.75,3.5,0.25,3.533651612903226
4518,The Lair of the White Worm (1988),4,3.75,3.5,0.9013878188659973,3.533651612903226
55253,"Lust, Caution (Se, jie) (2007)",4,3.75,3.5,0.25,3.533651612903226
93287,"Big Year, The (2011)",4,3.75,3.5,0.5590169943749475,3.533651612903226
167036,Sing (2016),4,3.75,4.0,0.4330127018922193,3.533651612903226
3093,McCabe & Mrs. Miller (1971),4,3.75,3.5,0.7500000000000001,3.533651612903226
3467,Hud (1963),4,3.75,3.5,0.25,3.533651612903226
49910,Freedom Writers (2007),4,3.75,3.5,0.9013878188659973,3.533651612903226
3728,One False Move (1992),4,3.75,4.0,0.4330127018922193,3.533651612903226
45175,Kinky Boots (2005),4,3.75,4.0,0.4330127018922193,3.533651612903226
47894,"Wind That Shakes the Barley, The (2006)",4,3.75,3.5,0.25,3.533651612903226
4533,"Return of the Living Dead, The (1985)",4,3.75,3.5,0.5590169943749475,3.533651612903226
4912,Funny Girl (1968),4,3.75,3.0,0.82915619758885,3.533651612903226
90531,Shame (2011),4,3.75,3.5,0.5590169943749475,3.533651612903226
127096,Project Almanac (2015),4,3.75,3.5,0.9013878188659974,3.533651612903226
3928,Abbott and Costello Meet Frankenstein (1948),4,3.75,3.5,0.75,3.533651612903226
5147,Wild Strawberries (Smultronstället) (1957),4,3.75,3.0,0.75,3.533651612903226
947,My Man Godfrey (1936),4,3.75,3.5,1.4361406616345072,3.533651612903226
2575,"Dreamlife of Angels, The (Vie rêvée des anges, La) (1998)",4,3.75,3.0,0.82915619758885,3.533651612903226
3606,On the Town (1949),4,3.75,3.5,0.75,3.533651612903226
5544,Time After Time (1979),4,3.75,3.5,0.25,3.533651612903226
6636,"Sure Thing, The (1985)",4,3.75,3.5,0.25,3.533651612903226
7386,"Ten Commandments, The (1956)",4,3.75,3.5,0.5590169943749475,3.533651612903226
30850,"Merchant of Venice, The (2004)",4,3.75,3.5,0.5590169943749475,3.533651612903226
33880,Me and You and Everyone We Know (2005),4,3.75,3.5,0.5590169943749475,3.533651612903226
168266,T2: Trainspotting (2017),4,3.75,3.5,0.25,3.533651612903226
31878,Kung Fu Hustle (Gong fu) (2004),19,3.5789473684210527,4.0,1.2902790181190802,3.5335478260869566
103335,Despicable Me 2 (2013),19,3.5789473684210527,4.0,1.115243163179847,3.5335478260869566
45720,"Devil Wears Prada, The (2006)",34,3.5588235294117645,3.5,0.9759211778257093,3.533495081967213
39183,Brokeback Mountain (2005),34,3.5588235294117645,3.5,0.8724939396583131,3.533495081967213
1429,First Strike (Police Story 4: First Strike) (Ging chaat goo si 4: Ji gaan daan yam mo) (1996),20,3.575,3.5,0.7790218225441442,3.532834042553192
1033,"Fox and the Hound, The (1981)",20,3.575,3.5,0.6378675411086536,3.532834042553192
4623,Major League (1989),20,3.575,3.5,0.7462405778299649,3.532834042553192
2106,Swing Kids (1993),5,3.7,3.0,0.8717797887081348,3.5326
81417,Paranormal Activity 2 (2010),5,3.7,3.5,0.7483314773547882,3.5326
7698,"China Syndrome, The (1979)",5,3.7,3.5,0.24494897427831783,3.5326
62250,Gomorrah (Gomorra) (2008),5,3.7,4.0,1.077032961426901,3.5326
3548,Auntie Mame (1958),5,3.7,4.0,0.8717797887081347,3.5326
4465,"Accused, The (1988)",5,3.7,3.5,0.24494897427831777,3.5326
40414,Joyeux Noël (Merry Christmas) (2005),5,3.7,3.5,0.5099019513592785,3.5326
117851,Penguins of Madagascar (2014),5,3.7,3.5,0.6782329983125269,3.5326
3992,Malèna (2000),5,3.7,3.5,0.5099019513592785,3.5326
45928,Who Killed the Electric Car? (2006),5,3.7,4.0,0.4,3.5326
390,Faster Pussycat! Kill! Kill! (1965),5,3.7,4.0,1.0770329614269007,3.5326
3221,"Draughtsman's Contract, The (1982)",5,3.7,3.5,0.7483314773547883,3.5326
65130,Revolutionary Road (2008),5,3.7,3.5,0.7483314773547882,3.5326
34542,Grizzly Man (2005),5,3.7,3.5,0.24494897427831783,3.5326
3251,Agnes of God (1985),5,3.7,4.0,0.39999999999999997,3.5326
3327,Beyond the Mat (1999),5,3.7,4.0,0.4,3.5326
3682,Magnum Force (1973),5,3.7,4.0,1.077032961426901,3.5326
64285,Wallace and Gromit in 'A Matter of Loaf and Death' (2008),5,3.7,3.5,0.9273618495495703,3.5326
648,Mission: Impossible (1996),162,3.537037037037037,3.5,0.8984821830154225,3.531974603174603
3788,Blow-Up (Blowup) (1966),6,3.6666666666666665,3.5,0.5527707983925666,3.531612121212121
8908,Ladder 49 (2004),6,3.6666666666666665,3.5,0.4714045207910316,3.531612121212121
166635,Passengers (2016),6,3.6666666666666665,3.5,0.3726779962499649,3.531612121212121
179401,Jumanji: Welcome to the Jungle (2017),6,3.6666666666666665,4.0,0.5527707983925666,3.531612121212121
501,Naked (1993),6,3.6666666666666665,3.5,0.9860132971832694,3.531612121212121
3915,Girlfight (2000),6,3.6666666666666665,4.0,0.7453559924999299,3.531612121212121
3032,"Omega Man, The (1971)",6,3.6666666666666665,3.5,0.6871842709362769,3.531612121212121
27721,"Very Long Engagement, A (Un long dimanche de fiançailles) (2004)",6,3.6666666666666665,3.5,0.6871842709362768,3.531612121212121
49932,Inland Empire (2006),6,3.6666666666666665,4.0,1.2801909579781015,3.531612121212121
3550,The Hunger (1983),6,3.6666666666666665,4.0,0.9428090415820632,3.531612121212121
45028,"Prairie Home Companion, A (2006)",6,3.6666666666666665,3.5,0.3726779962499649,3.531612121212121
1024,"Three Caballeros, The (1945)",6,3.6666666666666665,4.0,0.9428090415820632,3.531612121212121
6536,Sinbad: Legend of the Seven Seas (2003),6,3.6666666666666665,3.5,0.23570226039551587,3.531612121212121
116799,Inherent Vice (2014),6,3.6666666666666665,4.0,0.6871842709362768,3.531612121212121
5792,Roger Dodger (2002),6,3.6666666666666665,3.5,0.7993052538854533,3.531612121212121
8528,Dodgeball: A True Underdog Story (2004),39,3.551282051282051,4.0,0.998684209956433,3.5309575757575757
2908,Boys Don't Cry (1999),39,3.551282051282051,4.0,1.0669563216186249,3.5309575757575757
158872,Sausage Party (2016),7,3.642857142857143,4.0,1.381362828986694,3.5306823529411764
1948,Tom Jones (1963),7,3.642857142857143,4.0,0.44031528592635544,3.5306823529411764
4450,Bully (2001),7,3.642857142857143,4.0,1.2163847404233143,3.5306823529411764
5446,Rabbit-Proof Fence (2002),7,3.642857142857143,3.5,0.6388765649999399,3.5306823529411764
4649,Wet Hot American Summer (2001),7,3.642857142857143,4.0,0.989743318610787,3.5306823529411764
65682,Underworld: Rise of the Lycans (2009),7,3.642857142857143,3.5,0.6925256939166186,3.5306823529411764
106766,Inside Llewyn Davis (2013),7,3.642857142857143,4.0,0.832993127835043,3.5306823529411764
4681,"War of the Roses, The (1989)",7,3.642857142857143,4.0,0.44031528592635544,3.5306823529411764
2395,Rushmore (1998),56,3.544642857142857,3.5,1.1467219806999465,3.5306409638554213
471,"Hudsucker Proxy, The (1994)",40,3.55,4.0,1.0943034314119644,3.530495522388059
448,Fearless (1993),8,3.625,4.0,0.48412291827592707,3.5298057142857147
1232,Stalker (1979),8,3.625,3.5,1.0231690964840563,3.5298057142857147
1966,Metropolitan (1990),8,3.625,4.0,0.9921567416492214,3.5298057142857147
2155,"Slums of Beverly Hills, The (1998)",8,3.625,3.0,0.6959705453537527,3.5298057142857147
3959,"Time Machine, The (1960)",8,3.625,3.0,0.81967981553775,3.5298057142857147
6731,Day of the Dead (1985),8,3.625,3.5,0.960143218483576,3.5298057142857147
6303,"Andromeda Strain, The (1971)",8,3.625,3.5,0.649519052838329,3.5298057142857147
482,Killing Zoe (1994),8,3.625,3.5,0.4145780987944249,3.5298057142857147
3061,Holiday Inn (1942),8,3.625,4.0,1.1110243021644486,3.5298057142857147
161131,War Dogs (2016),8,3.625,3.5,0.5448623679425842,3.5298057142857147
86882,Midnight in Paris (2011),25,3.56,3.5,0.9090654541890809,3.5296769230769236
3476,Jacob's Ladder (1990),26,3.5576923076923075,4.0,1.0948034867300218,3.5291169811320753
7285,Thirteen (2003),9,3.611111111111111,3.5,0.5665577237325317,3.5289777777777775
5540,Clash of the Titans (1981),9,3.611111111111111,3.5,0.9060836905722273,3.5289777777777775
1268,Pump Up the Volume (1990),9,3.611111111111111,4.0,0.7370277311900888,3.5289777777777775
3515,Me Myself I (2000),9,3.611111111111111,4.0,0.4581228472908511,3.5289777777777775
37857,MirrorMask (2005),9,3.611111111111111,3.5,0.6573421981221795,3.5289777777777775
509,"Piano, The (1993)",61,3.540983606557377,3.5,0.9888521328868445,3.5289
151,Rob Roy (1995),44,3.5454545454545454,3.5,0.9403709484353273,3.5287774647887318
3072,Moonstruck (1987),27,3.5555555555555554,4.0,1.0570165328022472,3.5285777777777776
40629,Pride & Prejudice (2005),27,3.5555555555555554,3.5,1.11665284679121,3.5285777777777776
84392,"Lincoln Lawyer, The (2011)",10,3.6,3.5,0.7348469228349535,3.528194594594594
6305,Fahrenheit 451 (1966),10,3.6,3.5,0.7348469228349533,3.528194594594594
60756,Step Brothers (2008),28,3.5535714285714284,3.5,0.8898162502357854,3.5280581818181815
112,Rumble in the Bronx (Hont faan kui) (1995),46,3.5434782608695654,3.5,0.9197476435350512,3.52798904109589
1517,Austin Powers: International Man of Mystery (1997),100,3.535,3.5,0.886721489533213,3.5278992125984256
454,"Firm, The (1993)",101,3.5346534653465347,3.5,0.8213048834610095,3.52768125
4326,Mississippi Burning (1988),11,3.590909090909091,3.5,0.46798318822668183,3.5274526315789476
1194,Cheech and Chong's Up in Smoke (1978),11,3.590909090909091,4.0,1.2213662584131275,3.5274526315789476
5049,48 Hrs. (1982),11,3.590909090909091,3.5,0.7925270806437588,3.5274526315789476
52435,How the Grinch Stole Christmas! (1966),11,3.590909090909091,3.5,0.8743356391668794,3.5274526315789476
2403,First Blood (Rambo: First Blood) (1982),30,3.55,3.5,0.8976822006330154,3.527073684210526
538,Six Degrees of Separation (1993),12,3.5833333333333335,3.0,0.9753916592266353,3.526748717948718
2867,Fright Night (1985),12,3.5833333333333335,4.0,1.0374916331657276,3.526748717948718
6867,"Station Agent, The (2003)",12,3.5833333333333335,4.0,0.8122328620674136,3.526748717948718
41571,Memoirs of a Geisha (2005),12,3.5833333333333335,3.5,0.39965262694272663,3.526748717948718
125,Flirting With Disaster (1996),12,3.5833333333333335,4.0,1.2047360245667467,3.526748717948718
88140,Captain America: The First Avenger (2011),32,3.546875,3.5,0.653827373528365,3.5261559322033897
2728,Spartacus (1960),13,3.576923076923077,3.5,0.7297563831157798,3.5260800000000003
157296,Finding Dory (2016),13,3.576923076923077,4.0,0.9166442529086911,3.5260800000000003
45950,"Inconvenient Truth, An (2006)",13,3.576923076923077,3.5,0.6153846153846154,3.5260800000000003
225,Disclosure (1994),52,3.5384615384615383,3.0,0.7773608819772208,3.52586329113924
610,Heavy Metal (1981),33,3.5454545454545454,4.0,0.9403709484353273,3.52572
377,Speed (1994),171,3.5292397660818713,3.5,0.9314322781131522,3.525470707070707
609,Homeward Bound II: Lost in San Francisco (1996),14,3.5714285714285716,4.0,0.7284313590846834,3.5254439024390245
2140,"Dark Crystal, The (1982)",34,3.5441176470588234,3.5,0.8077533026387917,3.5252983606557375
94677,"Dictator, The (2012)",17,3.5588235294117645,4.0,1.0273087762689987,3.5237090909090902
3267,"Mariachi, El (1992)",18,3.5555555555555554,3.5,0.7617394000445604,3.523182222222222
34072,"March of the Penguins (Marche de l'empereur, La) (2005)",18,3.5555555555555554,3.5,0.6849348892187752,3.523182222222222
4448,"Score, The (2001)",20,3.55,4.0,0.6304760106459246,3.522195744680851
37729,Corpse Bride (2005),44,3.534090909090909,3.5,0.669104959091615,3.5217352112676057
3070,"Adventures of Buckaroo Banzai Across the 8th Dimension, The (1984)",21,3.5476190476190474,3.0,0.9624468062575112,3.521733333333333
2989,For Your Eyes Only (1981),21,3.5476190476190474,4.0,0.9245946589975046,3.521733333333333
2137,Charlotte's Web (1973),21,3.5476190476190474,3.5,0.9624468062575111,3.521733333333333
3408,Erin Brockovich (2000),70,3.5285714285714285,3.5,0.7740695533796609,3.521063917525773
562,Welcome to the Dollhouse (1995),23,3.5434782608695654,4.0,0.8957999033928918,3.5208640000000004
1476,Private Parts (1997),26,3.5384615384615383,3.5,0.9499299257868052,3.5196830188679242
55,Georgia (1995),1,4.0,4.0,0.0,3.5193999999999996
824,Kaspar Hauser (1993),1,4.0,4.0,0.0,3.5193999999999996
889,1-900 (06) (1994),1,4.0,4.0,0.0,3.5193999999999996
1565,Head Above Water (1996),1,4.0,4.0,0.0,3.5193999999999996
2304,Love Is the Devil (1998),1,4.0,4.0,0.0,3.5193999999999996
2894,Romance (1999),1,4.0,4.0,0.0,3.5193999999999996
2897,And the Ship Sails On (E la nave va) (1983),1,4.0,4.0,0.0,3.5193999999999996
3057,Where's Marlowe? (1998),1,4.0,4.0,0.0,3.5193999999999996
3295,Raining Stones (1993),1,4.0,4.0,0.0,3.5193999999999996
3378,"Ogre, The (Unhold, Der) (1996)",1,4.0,4.0,0.0,3.5193999999999996
3761,"Blood In, Blood Out (1993)",1,4.0,4.0,0.0,3.5193999999999996
4237,"Gleaners & I, The (Les glaneurs et la glaneuse) (2000)",1,4.0,4.0,0.0,3.5193999999999996
4445,T-Rex: Back to the Cretaceous (1998),1,4.0,4.0,0.0,3.5193999999999996
4946,"Eye for an Eye, An (1981)",1,4.0,4.0,0.0,3.5193999999999996
5178,Fun (1994),1,4.0,4.0,0.0,3.5193999999999996
5269,"Piano Teacher, The (La pianiste) (2001)",1,4.0,4.0,0.0,3.5193999999999996
5285,Lucky Break (2001),1,4.0,4.0,0.0,3.5193999999999996
5733,"Eyewitness (Janitor, The) (1981)",1,4.0,4.0,0.0,3.5193999999999996
5742,First Monday in October (1981),1,4.0,4.0,0.0,3.5193999999999996
5856,"Do You Remember Dolly Bell? (Sjecas li se, Dolly Bell) (1981)",1,4.0,4.0,0.0,3.5193999999999996
5896,New Waterford Girl (1999),1,4.0,4.0,0.0,3.5193999999999996
5986,Fat City (1972),1,4.0,4.0,0.0,3.5193999999999996
6181,"Red Badge of Courage, The (1951)",1,4.0,4.0,0.0,3.5193999999999996
6228,"Talk of the Town, The (1942)",1,4.0,4.0,0.0,3.5193999999999996
6232,Born Free (1966),1,4.0,4.0,0.0,3.5193999999999996
6452,"Long, Hot Summer, The (1958)",1,4.0,4.0,0.0,3.5193999999999996
6551,"Anarchist Cookbook, The (2002)",1,4.0,4.0,0.0,3.5193999999999996
6604,Hawks and Sparrows (Uccellacci e Uccellini) (1966),1,4.0,4.0,0.0,3.5193999999999996
7032,Revenge (1990),1,4.0,4.0,0.0,3.5193999999999996
7219,They Drive by Night (1940),1,4.0,4.0,0.0,3.5193999999999996
7238,Ashes and Diamonds (Popiól i diament) (1958),1,4.0,4.0,0.0,3.5193999999999996
7345,Agent Cody Banks 2: Destination London (2004),1,4.0,4.0,0.0,3.5193999999999996
7943,"Killers, The (1946)",1,4.0,4.0,0.0,3.5193999999999996
8190,"Americanization of Emily, The (1964)",1,4.0,4.0,0.0,3.5193999999999996
8239,Viridiana (1961),1,4.0,4.0,0.0,3.5193999999999996
8577,Comandante (2003),1,4.0,4.0,0.0,3.5193999999999996
31038,Smooth Talk (1985),1,4.0,4.0,0.0,3.5193999999999996
32139,"Agony and the Ecstasy, The (1965)",1,4.0,4.0,0.0,3.5193999999999996
32234,Julia (1977),1,4.0,4.0,0.0,3.5193999999999996
38198,Darwin's Nightmare (2004),1,4.0,4.0,0.0,3.5193999999999996
41014,"Bird with the Crystal Plumage, The (Uccello dalle piume di cristallo, L') (1970)",1,4.0,4.0,0.0,3.5193999999999996
55112,Shanghai Kiss (2007),1,4.0,4.0,0.0,3.5193999999999996
55156,"Unreasonable Man, An (2006)",1,4.0,4.0,0.0,3.5193999999999996
56869,Drained (O cheiro do Ralo) (2006),1,4.0,4.0,0.0,3.5193999999999996
59549,Shelter (2007),1,4.0,4.0,0.0,3.5193999999999996
66090,Eden Lake (2008),1,4.0,4.0,0.0,3.5193999999999996
68347,Sin Nombre (2009),1,4.0,4.0,0.0,3.5193999999999996
68872,Paisan (Paisà) (1946),1,4.0,4.0,0.0,3.5193999999999996
69140,Sweeney Todd (2006),1,4.0,4.0,0.0,3.5193999999999996
69224,Marius and Jeanette (Marius et Jeannette) (1997),1,4.0,4.0,0.0,3.5193999999999996
70208,"Perfect Getaway, A (2009)",1,4.0,4.0,0.0,3.5193999999999996
73876,Undisputed II: Last Man Standing (2006),1,4.0,4.0,0.0,3.5193999999999996
80748,Alice in Wonderland (1933),1,4.0,4.0,0.0,3.5193999999999996
93790,Detachment (2011),1,4.0,4.0,0.0,3.5193999999999996
94325,"Lucky One, The (2012)",1,4.0,4.0,0.0,3.5193999999999996
102602,Mimino (1977),1,4.0,4.0,0.0,3.5193999999999996
107780,Cats (1998),1,4.0,4.0,0.0,3.5193999999999996
109596,Wrinkles (Arrugas) (2011),1,4.0,4.0,0.0,3.5193999999999996
126142,The Cave of the Golden Rose (1991),1,4.0,4.0,0.0,3.5193999999999996
127130,Mistress America (2015),1,4.0,4.0,0.0,3.5193999999999996
127184,Eden (2014),1,4.0,4.0,0.0,3.5193999999999996
134849,Duck Amuck (1953),1,4.0,4.0,0.0,3.5193999999999996
141810,Autumn Marathon (1979),1,4.0,4.0,0.0,3.5193999999999996
144606,Confessions of a Dangerous Mind (2002),1,4.0,4.0,0.0,3.5193999999999996
161966,Elle (2016),1,4.0,4.0,0.0,3.5193999999999996
163056,Shin Godzilla (2016),1,4.0,4.0,0.0,3.5193999999999996
165483,Joe Rogan: Triggered (2016),1,4.0,4.0,0.0,3.5193999999999996
168026,Marvel One-Shot: Agent Carter (2013),1,4.0,4.0,0.0,3.5193999999999996
170907,Betting on Zero (2016),1,4.0,4.0,0.0,3.5193999999999996
173205,The Meyerowitz Stories (2017),1,4.0,4.0,0.0,3.5193999999999996
182299,Porky's Hare Hunt (1938),1,4.0,4.0,0.0,3.5193999999999996
184257,Making a Murderer (2015),1,4.0,4.0,0.0,3.5193999999999996
184997,"Love, Simon (2018)",1,4.0,4.0,0.0,3.5193999999999996
190209,Jeff Ross Roasts the Border (2017),1,4.0,4.0,0.0,3.5193999999999996
563,Germinal (1993),1,4.0,4.0,0.0,3.5193999999999996
757,Ashes of Time (Dung che sai duk) (1994),1,4.0,4.0,0.0,3.5193999999999996
791,"Last Klezmer: Leopold Kozlowski, His Life and Music, The (1994)",1,4.0,4.0,0.0,3.5193999999999996
1613,Star Maps (1997),1,4.0,4.0,0.0,3.5193999999999996
1739,3 Ninjas: High Noon On Mega Mountain (1998),1,4.0,4.0,0.0,3.5193999999999996
2362,Glen or Glenda (1953),1,4.0,4.0,0.0,3.5193999999999996
2388,Steam: The Turkish Bath (Hamam) (1997),1,4.0,4.0,0.0,3.5193999999999996
2609,"King of Masks, The (Bian Lian) (1996)",1,4.0,4.0,0.0,3.5193999999999996
2744,Otello (1986),1,4.0,4.0,0.0,3.5193999999999996
3008,Last Night (1998),1,4.0,4.0,0.0,3.5193999999999996
3013,Bride of Re-Animator (1990),1,4.0,4.0,0.0,3.5193999999999996
3056,Oxygen (1999),1,4.0,4.0,0.0,3.5193999999999996
3414,Love Is a Many-Splendored Thing (1955),1,4.0,4.0,0.0,3.5193999999999996
3808,"Two Women (Ciociara, La) (1960)",1,4.0,4.0,0.0,3.5193999999999996
4184,"Bishop's Wife, The (1947)",1,4.0,4.0,0.0,3.5193999999999996
4695,Who'll Stop the Rain (1978),1,4.0,4.0,0.0,3.5193999999999996
4717,"Battle Creek Brawl (Big Brawl, The) (1980)",1,4.0,4.0,0.0,3.5193999999999996
4830,Brubaker (1980),1,4.0,4.0,0.0,3.5193999999999996
5012,Yentl (1983),1,4.0,4.0,0.0,3.5193999999999996
5300,3:10 to Yuma (1957),1,4.0,4.0,0.0,3.5193999999999996
5802,"World of Henry Orient, The (1964)",1,4.0,4.0,0.0,3.5193999999999996
5839,My Father's Glory (La gloire de mon père) (1990),1,4.0,4.0,0.0,3.5193999999999996
6070,Tokyo Decadence (Topâzu) (1992),1,4.0,4.0,0.0,3.5193999999999996
6101,Missing (1982),1,4.0,4.0,0.0,3.5193999999999996
6107,"Night of the Shooting Stars (Notte di San Lorenzo, La) (1982)",1,4.0,4.0,0.0,3.5193999999999996
6246,Talent for the Game (1991),1,4.0,4.0,0.0,3.5193999999999996
6279,"Good Thief, The (2002)",1,4.0,4.0,0.0,3.5193999999999996
6422,Shenandoah (1965),1,4.0,4.0,0.0,3.5193999999999996
6679,Revolution OS (2001),1,4.0,4.0,0.0,3.5193999999999996
6689,"Battle of Shaker Heights, The (2003)",1,4.0,4.0,0.0,3.5193999999999996
6768,Luther (2003),1,4.0,4.0,0.0,3.5193999999999996
6789,"Apartment, The (Appartement, L') (1996)",1,4.0,4.0,0.0,3.5193999999999996
7088,Black Orpheus (Orfeu Negro) (1959),1,4.0,4.0,0.0,3.5193999999999996
7134,"Element of Crime, The (Forbrydelsens Element) (1984)",1,4.0,4.0,0.0,3.5193999999999996
8191,Anne of the Thousand Days (1969),1,4.0,4.0,0.0,3.5193999999999996
25752,"Freshman, The (1925)",1,4.0,4.0,0.0,3.5193999999999996
25773,Little Caesar (1931),1,4.0,4.0,0.0,3.5193999999999996
26158,Closely Watched Trains (Ostre sledované vlaky) (1966),1,4.0,4.0,0.0,3.5193999999999996
26237,Zabriskie Point (1970),1,4.0,4.0,0.0,3.5193999999999996
26357,Trilogy of Terror (1975),1,4.0,4.0,0.0,3.5193999999999996
27178,In July (Im Juli) (2000),1,4.0,4.0,0.0,3.5193999999999996
27369,Daria: Is It Fall Yet? (2000),1,4.0,4.0,0.0,3.5193999999999996
31702,Turtles Can Fly (Lakposhtha hâm parvaz mikonand) (2004),1,4.0,4.0,0.0,3.5193999999999996
32862,With Six You Get Eggroll (1968),1,4.0,4.0,0.0,3.5193999999999996
32917,Boccaccio '70 (1962),1,4.0,4.0,0.0,3.5193999999999996
35807,"Teahouse of the August Moon, The (1956)",1,4.0,4.0,0.0,3.5193999999999996
38164,"All This, and Heaven Too (1940)",1,4.0,4.0,0.0,3.5193999999999996
41712,"Room for Romeo Brass, A (1999)",1,4.0,4.0,0.0,3.5193999999999996
48741,"U.S. vs. John Lennon, The (2006)",1,4.0,4.0,0.0,3.5193999999999996
52784,Sharkwater (2006),1,4.0,4.0,0.0,3.5193999999999996
53447,Paranoid Park (2007),1,4.0,4.0,0.0,3.5193999999999996
54910,Behind the Mask: The Rise of Leslie Vernon (2006),1,4.0,4.0,0.0,3.5193999999999996
57147,Cassandra's Dream (2007),1,4.0,4.0,0.0,3.5193999999999996
58297,Doomsday (2008),1,4.0,4.0,0.0,3.5193999999999996
60832,Pathology (2008),1,4.0,4.0,0.0,3.5193999999999996
65740,Revenge of the Nerds IV: Nerds in Love (1994),1,4.0,4.0,0.0,3.5193999999999996
68536,Stanley Kubrick: A Life in Pictures (2001),1,4.0,4.0,0.0,3.5193999999999996
68597,Scorpio (1973),1,4.0,4.0,0.0,3.5193999999999996
69304,Imagine That (2009),1,4.0,4.0,0.0,3.5193999999999996
71970,"Princess and the Pirate, The (1944)",1,4.0,4.0,0.0,3.5193999999999996
76054,Oceans (Océans) (2009),1,4.0,4.0,0.0,3.5193999999999996
77177,Wild China (2008),1,4.0,4.0,0.0,3.5193999999999996
79073,When You're Strange (2009),1,4.0,4.0,0.0,3.5193999999999996
80478,"Man Vanishes, A (Ningen Johatsu) (1967)",1,4.0,4.0,0.0,3.5193999999999996
80584,"Patrik Age 1.5 (Patrik 1,5) (2008)",1,4.0,4.0,0.0,3.5193999999999996
84240,Even the Rain (También la lluvia) (2010),1,4.0,4.0,0.0,3.5193999999999996
89580,Neds (2010),1,4.0,4.0,0.0,3.5193999999999996
90863,George Harrison: Living in the Material World (2011),1,4.0,4.0,0.0,3.5193999999999996
95135,Your Sister's Sister (2011),1,4.0,4.0,0.0,3.5193999999999996
95519,Dragon Ball Z: Bojack Unbound (Doragon bôru Z 9: Ginga girigiri!! Butchigiri no sugoi yatsu) (1993),1,4.0,4.0,0.0,3.5193999999999996
96411,6 Days to Air: The Making of South Park (2011),1,4.0,4.0,0.0,3.5193999999999996
101895,42 (2013),1,4.0,4.0,0.0,3.5193999999999996
107410,Guest from the Future (Gostya iz buduschego) (1985),1,4.0,4.0,0.0,3.5193999999999996
109313,Chouchou (2003),1,4.0,4.0,0.0,3.5193999999999996
110718,Fading Gigolo (2013),1,4.0,4.0,0.0,3.5193999999999996
118862,Closer to the Moon (2013),1,4.0,4.0,0.0,3.5193999999999996
130444,Ruby Red (2013),1,4.0,4.0,0.0,3.5193999999999996
130578,"Gunman, The (2015)",1,4.0,4.0,0.0,3.5193999999999996
135198,The Hairdresser (2010),1,4.0,4.0,0.0,3.5193999999999996
141400,Invincible Shaolin (1978),1,4.0,4.0,0.0,3.5193999999999996
147002,Eros (2004),1,4.0,4.0,0.0,3.5193999999999996
147282,What Men Still Talk About (2011),1,4.0,4.0,0.0,3.5193999999999996
148982,Devil Dog: The Hound of Hell (1978),1,4.0,4.0,0.0,3.5193999999999996
151695,The Survivalist (2015),1,4.0,4.0,0.0,3.5193999999999996
154358,The Barkley Marathons: The Race That Eats Its Young (2015),1,4.0,4.0,0.0,3.5193999999999996
155168,Fraktus (2012),1,4.0,4.0,0.0,3.5193999999999996
170357,Dave Chappelle: The Age of Spin (2017),1,4.0,4.0,0.0,3.5193999999999996
170399,CHiPS (2017),1,4.0,4.0,0.0,3.5193999999999996
170993,Mini's First Time (2006),1,4.0,4.0,0.0,3.5193999999999996
171023,The Hero (2017),1,4.0,4.0,0.0,3.5193999999999996
173209,War Machine (2017),1,4.0,4.0,0.0,3.5193999999999996
174045,Goon: Last of the Enforcers (2017),1,4.0,4.0,0.0,3.5193999999999996
176329,Ari Shaffir: Double Negative (2017),1,4.0,4.0,0.0,3.5193999999999996
176423,Icarus (2017),1,4.0,4.0,0.0,3.5193999999999996
179813,LBJ (2017),1,4.0,4.0,0.0,3.5193999999999996
385,"Man of No Importance, A (1994)",1,4.0,4.0,0.0,3.5193999999999996
1655,Phantoms (1998),1,4.0,4.0,0.0,3.5193999999999996
1900,"Children of Heaven, The (Bacheha-Ye Aseman) (1997)",1,4.0,4.0,0.0,3.5193999999999996
1990,Prom Night IV: Deliver Us From Evil (1992),1,4.0,4.0,0.0,3.5193999999999996
2503,"Apple, The (Sib) (1998)",1,4.0,4.0,0.0,3.5193999999999996
2738,Crimes of the Heart (1986),1,4.0,4.0,0.0,3.5193999999999996
2852,"Soldier's Story, A (1984)",1,4.0,4.0,0.0,3.5193999999999996
3323,Chain of Fools (2000),1,4.0,4.0,0.0,3.5193999999999996
3403,Raise the Titanic (1980),1,4.0,4.0,0.0,3.5193999999999996
3449,"Good Mother, The (1988)",1,4.0,4.0,0.0,3.5193999999999996
3568,Smiling Fish and Goat on Fire (1999),1,4.0,4.0,0.0,3.5193999999999996
3634,Seven Days in May (1964),1,4.0,4.0,0.0,3.5193999999999996
3640,"King in New York, A (1957)",1,4.0,4.0,0.0,3.5193999999999996
5068,Beijing Bicycle (Shiqi sui de dan che) (2001),1,4.0,4.0,0.0,3.5193999999999996
5348,Hollywood Ending (2002),1,4.0,4.0,0.0,3.5193999999999996
5493,In Like Flint (1967),1,4.0,4.0,0.0,3.5193999999999996
5699,Tom Horn (1980),1,4.0,4.0,0.0,3.5193999999999996
5840,"My Mother's Castle (Château de ma mère, Le) (1990)",1,4.0,4.0,0.0,3.5193999999999996
6429,Winchester '73 (1950),1,4.0,4.0,0.0,3.5193999999999996
6553,"Embalmer, The (Imbalsamatore, L') (2002)",1,4.0,4.0,0.0,3.5193999999999996
6656,Attack of the Puppet People (1958),1,4.0,4.0,0.0,3.5193999999999996
6939,Gloomy Sunday (Ein Lied von Liebe und Tod) (1999),1,4.0,4.0,0.0,3.5193999999999996
6948,Tupac: Resurrection (2003),1,4.0,4.0,0.0,3.5193999999999996
7053,Roberta (1935),1,4.0,4.0,0.0,3.5193999999999996
7062,Birdman of Alcatraz (1962),1,4.0,4.0,0.0,3.5193999999999996
7251,Where the Day Takes You (1992),1,4.0,4.0,0.0,3.5193999999999996
7266,"Lost Skeleton of Cadavra, The (2002)",1,4.0,4.0,0.0,3.5193999999999996
7749,Weekend (a.k.a. Le Week-end) (Week End) (1967),1,4.0,4.0,0.0,3.5193999999999996
7926,High and Low (Tengoku to jigoku) (1963),1,4.0,4.0,0.0,3.5193999999999996
8125,Sunrise: A Song of Two Humans (1927),1,4.0,4.0,0.0,3.5193999999999996
8601,Zero de conduite (Zero for Conduct) (Zéro de conduite: Jeunes diables au collège) (1933),1,4.0,4.0,0.0,3.5193999999999996
25833,Camille (1936),1,4.0,4.0,0.0,3.5193999999999996
26347,"Irony of Fate, or Enjoy Your Bath! (Ironiya sudby, ili S legkim parom!) (1975)",1,4.0,4.0,0.0,3.5193999999999996
26453,Smiley's People (1982),1,4.0,4.0,0.0,3.5193999999999996
26527,What Have I Done to Deserve This? (¿Qué he hecho yo para merecer esto!!) (1984),1,4.0,4.0,0.0,3.5193999999999996
31030,I Remember Mama (1948),1,4.0,4.0,0.0,3.5193999999999996
32728,"Little Girl Who Lives Down the Lane, The (1976)",1,4.0,4.0,0.0,3.5193999999999996
34359,Georgy Girl (1966),1,4.0,4.0,0.0,3.5193999999999996
43289,"Bird People in China, The (Chûgoku no chôjin) (1998)",1,4.0,4.0,0.0,3.5193999999999996
47202,"Secret Life of Words, The (2005)",1,4.0,4.0,0.0,3.5193999999999996
47646,Idlewild (2006),1,4.0,4.0,0.0,3.5193999999999996
49265,Shooting Dogs (a.k.a. Beyond the Gates) (2005),1,4.0,4.0,0.0,3.5193999999999996
51357,Citizen X (1995),1,4.0,4.0,0.0,3.5193999999999996
51562,Babylon 5: The Gathering (1993),1,4.0,4.0,0.0,3.5193999999999996
56389,My Blueberry Nights (2007),1,4.0,4.0,0.0,3.5193999999999996
57421,Hatchet (2006),1,4.0,4.0,0.0,3.5193999999999996
58191,Taxi to the Dark Side (2007),1,4.0,4.0,0.0,3.5193999999999996
61257,I.O.U.S.A. (a.k.a. IOUSA) (2008),1,4.0,4.0,0.0,3.5193999999999996
63826,Splinter (2008),1,4.0,4.0,0.0,3.5193999999999996
66320,"11th Hour, The (2007)",1,4.0,4.0,0.0,3.5193999999999996
67508,"Baader Meinhof Komplex, Der (2008)",1,4.0,4.0,0.0,3.5193999999999996
72982,Alice (2009),1,4.0,4.0,0.0,3.5193999999999996
79501,Deadly Outlaw: Rekka (a.k.a. Violent Fire) (Jitsuroku Andô Noboru kyôdô-den: Rekka) (2002),1,4.0,4.0,0.0,3.5193999999999996
81786,Certified Copy (Copie conforme) (2010),1,4.0,4.0,0.0,3.5193999999999996
94661,Rocket Singh: Salesman of the Year (2009),1,4.0,4.0,0.0,3.5193999999999996
95499,Dragon Ball Z: Broly - The Legendary Super Saiyan (Doragon bôru Z 8: Moetsukiro!! Nessen retsusen-chô gekisen) (1993),1,4.0,4.0,0.0,3.5193999999999996
95771,Dragon Ball Z: Broly Second Coming (Doragon bôru Z 10: Kiken na futari! Sûpâ senshi wa nemurenai) (1994),1,4.0,4.0,0.0,3.5193999999999996
97870,"Sessions, The (Surrogate, The) (2012)",1,4.0,4.0,0.0,3.5193999999999996
98361,Byzantium (2012),1,4.0,4.0,0.0,3.5193999999999996
107999,Dragon ball Z 04: Lord Slug (1991),1,4.0,4.0,0.0,3.5193999999999996
137595,Magic Mike XXL (2015),1,4.0,4.0,0.0,3.5193999999999996
140289,Men & Chicken (2015),1,4.0,4.0,0.0,3.5193999999999996
168090,Kizumonogatari II: Passionate Blood (2016),1,4.0,4.0,0.0,3.5193999999999996
176805,Little Boxes (2017),1,4.0,4.0,0.0,3.5193999999999996
183611,Game Night (2018),1,4.0,4.0,0.0,3.5193999999999996
241,Fluke (1995),1,4.0,4.0,0.0,3.5193999999999996
722,"Haunted World of Edward D. Wood Jr., The (1996)",1,4.0,4.0,0.0,3.5193999999999996
1656,Swept from the Sea (1997),1,4.0,4.0,0.0,3.5193999999999996
1771,Night Flier (1997),1,4.0,4.0,0.0,3.5193999999999996
2156,"Best Man, The (Testimone dello sposo, Il) (1998)",1,4.0,4.0,0.0,3.5193999999999996
2298,Strangeland (1998),1,4.0,4.0,0.0,3.5193999999999996
2612,Mildred Pierce (1945),1,4.0,4.0,0.0,3.5193999999999996
2983,"Ipcress File, The (1965)",1,4.0,4.0,0.0,3.5193999999999996
3171,Room at the Top (1959),1,4.0,4.0,0.0,3.5193999999999996
3344,Blood Feast (1963),1,4.0,4.0,0.0,3.5193999999999996
3586,The Idolmaker (1980),1,4.0,4.0,0.0,3.5193999999999996
3756,"Golden Bowl, The (2000)",1,4.0,4.0,0.0,3.5193999999999996
3888,Skipped Parts (2000),1,4.0,4.0,0.0,3.5193999999999996
4032,"Everlasting Piece, An (2000)",1,4.0,4.0,0.0,3.5193999999999996
4083,Best Seller (1987),1,4.0,4.0,0.0,3.5193999999999996
4323,"Horse Soldiers, The (1959)",1,4.0,4.0,0.0,3.5193999999999996
4404,Faust (1926),1,4.0,4.0,0.0,3.5193999999999996
4766,"Our Lady of the Assassins (Virgen de los sicarios, La) (2000)",1,4.0,4.0,0.0,3.5193999999999996
4840,"Last Metro, The (Dernier métro, Le) (1980)",1,4.0,4.0,0.0,3.5193999999999996
5109,Return to Never Land (2002),1,4.0,4.0,0.0,3.5193999999999996
5121,Stroszek (1977),1,4.0,4.0,0.0,3.5193999999999996
5365,"Lady and the Duke, The (Anglaise et le duc, L') (2001)",1,4.0,4.0,0.0,3.5193999999999996
5503,"Last Kiss, The (Ultimo bacio, L') (2001)",1,4.0,4.0,0.0,3.5193999999999996
5829,Men with Brooms (2002),1,4.0,4.0,0.0,3.5193999999999996
6064,"Harder They Fall, The (1956)",1,4.0,4.0,0.0,3.5193999999999996
6386,Nevada Smith (1966),1,4.0,4.0,0.0,3.5193999999999996
6573,Avanti! (1972),1,4.0,4.0,0.0,3.5193999999999996
6644,"Green Ray, The (Rayon vert, Le) (1986)",1,4.0,4.0,0.0,3.5193999999999996
6671,"Angel at My Table, An (1990)",1,4.0,4.0,0.0,3.5193999999999996
6938,Billabong Odyssey (2003),1,4.0,4.0,0.0,3.5193999999999996
7038,Things You Can Tell Just by Looking at Her (2000),1,4.0,4.0,0.0,3.5193999999999996
7061,Dark Victory (1939),1,4.0,4.0,0.0,3.5193999999999996
7984,From Beyond (1986),1,4.0,4.0,0.0,3.5193999999999996
8588,Killing Me Softly (2002),1,4.0,4.0,0.0,3.5193999999999996
8954,Lightning in a Bottle (2004),1,4.0,4.0,0.0,3.5193999999999996
25757,"Jazz Singer, The (1927)",1,4.0,4.0,0.0,3.5193999999999996
26231,Performance (1970),1,4.0,4.0,0.0,3.5193999999999996
26394,"Turning Point, The (1977)",1,4.0,4.0,0.0,3.5193999999999996
27246,If These Walls Could Talk 2 (2000),1,4.0,4.0,0.0,3.5193999999999996
31909,Dr. Giggles (1992),1,4.0,4.0,0.0,3.5193999999999996
36477,"Baxter, The (2005)",1,4.0,4.0,0.0,3.5193999999999996
49688,"Dam Busters, The (1955)",1,4.0,4.0,0.0,3.5193999999999996
58351,City of Men (Cidade dos Homens) (2007),1,4.0,4.0,0.0,3.5193999999999996
59995,Boy A (2007),1,4.0,4.0,0.0,3.5193999999999996
60389,Battle for Haditha (2007),1,4.0,4.0,0.0,3.5193999999999996
62834,Babylon 5: The Legend of the Rangers: To Live and Die in Starlight (2002),1,4.0,4.0,0.0,3.5193999999999996
63515,The Island (2006),1,4.0,4.0,0.0,3.5193999999999996
71453,"Blood of the Beasts (Sang des bêtes, Le) (1949)",1,4.0,4.0,0.0,3.5193999999999996
74624,Agora (2009),1,4.0,4.0,0.0,3.5193999999999996
77893,Merantau (2009),1,4.0,4.0,0.0,3.5193999999999996
80572,I'm Still Here (2010),1,4.0,4.0,0.0,3.5193999999999996
86922,Nothing to Declare (Rien à déclarer) (2010),1,4.0,4.0,0.0,3.5193999999999996
95965,Dragon Ball Z: Bardock - The Father of Goku (Doragon bôru Z: Tatta hitori no saishuu kessen - Furiiza ni itonda Z senshi Kakarotto no chichi) (1990),1,4.0,4.0,0.0,3.5193999999999996
97188,Sinister (2012),1,4.0,4.0,0.0,3.5193999999999996
102066,Resolution (2012),1,4.0,4.0,0.0,3.5193999999999996
117867,'71 (2014),1,4.0,4.0,0.0,3.5193999999999996
130452,While We're Young (2014),1,4.0,4.0,0.0,3.5193999999999996
130842,Power/Rangers (2015),1,4.0,4.0,0.0,3.5193999999999996
133879,Carry On Don't Lose Your Head (1966),1,4.0,4.0,0.0,3.5193999999999996
140541,The Electric Hotel (1908),1,4.0,4.0,0.0,3.5193999999999996
141846,Steve Jobs: The Man in the Machine (2015),1,4.0,4.0,0.0,3.5193999999999996
146244,Dil To Pagal Hai (1997),1,4.0,4.0,0.0,3.5193999999999996
149330,A Cosmic Christmas (1977),1,4.0,4.0,0.0,3.5193999999999996
152591,Ip Man 3 (2015),1,4.0,4.0,0.0,3.5193999999999996
157369,Bakuman (2015),1,4.0,4.0,0.0,3.5193999999999996
163527,Comedy Central Roast of David Hasselhoff (2010),1,4.0,4.0,0.0,3.5193999999999996
179511,Emerald Green (2016),1,4.0,4.0,0.0,3.5193999999999996
180045,Molly's Game (2017),1,4.0,4.0,0.0,3.5193999999999996
263,Ladybird Ladybird (1994),1,4.0,4.0,0.0,3.5193999999999996
803,Walking and Talking (1996),1,4.0,4.0,0.0,3.5193999999999996
1121,Glory Daze (1995),1,4.0,4.0,0.0,3.5193999999999996
1477,Love Jones (1997),1,4.0,4.0,0.0,3.5193999999999996
2481,My Name Is Joe (1998),1,4.0,4.0,0.0,3.5193999999999996
2493,"Harmonists, The (1997)",1,4.0,4.0,0.0,3.5193999999999996
2632,"Saragossa Manuscript, The (Rekopis znaleziony w Saragossie) (1965)",1,4.0,4.0,0.0,3.5193999999999996
2848,"Othello (Tragedy of Othello: The Moor of Venice, The) (1952)",1,4.0,4.0,0.0,3.5193999999999996
3002,My Best Fiend (Mein liebster Feind) (1999),1,4.0,4.0,0.0,3.5193999999999996
3329,The Year My Voice Broke (1987),1,4.0,4.0,0.0,3.5193999999999996
3900,Crime and Punishment in Suburbia (2000),1,4.0,4.0,0.0,3.5193999999999996
5114,"Bad and the Beautiful, The (1952)",1,4.0,4.0,0.0,3.5193999999999996
5373,"Cranes Are Flying, The (Letyat zhuravli) (1957)",1,4.0,4.0,0.0,3.5193999999999996
5601,"Yearling, The (1946)",1,4.0,4.0,0.0,3.5193999999999996
5741,"Woman Next Door, The (Femme d'à côté, La) (1981)",1,4.0,4.0,0.0,3.5193999999999996
6119,Santa Claus Is a Stinker (Le Père Noël est une ordure) (1982),1,4.0,4.0,0.0,3.5193999999999996
6237,"Glenn Miller Story, The (1953)",1,4.0,4.0,0.0,3.5193999999999996
6417,Live Wire (1992),1,4.0,4.0,0.0,3.5193999999999996
6427,"Railway Children, The (1970)",1,4.0,4.0,0.0,3.5193999999999996
6583,"Blood of Heroes, The (Salute of the Jugger, The) (1989)",1,4.0,4.0,0.0,3.5193999999999996
6961,Damage (Fatale) (1992),1,4.0,4.0,0.0,3.5193999999999996
6971,Europa (Zentropa) (1991),1,4.0,4.0,0.0,3.5193999999999996
7264,An Amazing Couple (2002),1,4.0,4.0,0.0,3.5193999999999996
7364,Intermission (2003),1,4.0,4.0,0.0,3.5193999999999996
8010,"Power of One, The (1992)",1,4.0,4.0,0.0,3.5193999999999996
8424,"Divorcee, The (1930)",1,4.0,4.0,0.0,3.5193999999999996
8670,"Testament of Dr. Mabuse, The (Das Testament des Dr. Mabuse) (1933)",1,4.0,4.0,0.0,3.5193999999999996
8933,"Decline of the American Empire, The (Déclin de l'empire américain, Le) (1986)",1,4.0,4.0,0.0,3.5193999999999996
26777,"Stolen Children (Ladro di bambini, Il) (1992)",1,4.0,4.0,0.0,3.5193999999999996
36289,Asterix & Obelix vs. Caesar (Astérix et Obélix contre César) (1999),1,4.0,4.0,0.0,3.5193999999999996
44937,"Child, The (L'enfant) (2005)",1,4.0,4.0,0.0,3.5193999999999996
48001,"Bow, The (Hwal) (2005)",1,4.0,4.0,0.0,3.5193999999999996
52867,"Ex, The (2007)",1,4.0,4.0,0.0,3.5193999999999996
56915,"Water Horse: Legend of the Deep, The (2007)",1,4.0,4.0,0.0,3.5193999999999996
58964,Inside (À l'intérieur) (2007),1,4.0,4.0,0.0,3.5193999999999996
60303,Strange Circus (Kimyô na sâkasu) (2005),1,4.0,4.0,0.0,3.5193999999999996
68886,I Do: How to Get Married and Stay Single (Prête-moi ta main) (2006),1,4.0,4.0,0.0,3.5193999999999996
71466,City Island (2009),1,4.0,4.0,0.0,3.5193999999999996
78746,Best Worst Movie (2009),1,4.0,4.0,0.0,3.5193999999999996
82527,Barney's Version (2010),1,4.0,4.0,0.0,3.5193999999999996
84553,Pekka ja Pätkä salapoliiseina (1957),1,4.0,4.0,0.0,3.5193999999999996
85213,"Sunset Limited, The (2011)",1,4.0,4.0,0.0,3.5193999999999996
86000,Boy (2010),1,4.0,4.0,0.0,3.5193999999999996
88069,Delhi Belly (2011),1,4.0,4.0,0.0,3.5193999999999996
89047,Hesher (2010),1,4.0,4.0,0.0,3.5193999999999996
89072,Stake Land (2010),1,4.0,4.0,0.0,3.5193999999999996
90353,Beautiful Boy (2010),1,4.0,4.0,0.0,3.5193999999999996
91233,Lifted (2006),1,4.0,4.0,0.0,3.5193999999999996
93512,"Jeff, Who Lives at Home (2012)",1,4.0,4.0,0.0,3.5193999999999996
96917,House at the End of the Street (2012),1,4.0,4.0,0.0,3.5193999999999996
102742,Tie Xi Qu: West of the Tracks (Tiexi qu) (2003),1,4.0,4.0,0.0,3.5193999999999996
105835,"Double, The (2013)",1,4.0,4.0,0.0,3.5193999999999996
113394,"Pretty One, The (2013)",1,4.0,4.0,0.0,3.5193999999999996
115969,Generation War (2013),1,4.0,4.0,0.0,3.5193999999999996
117364,Virunga (2014),1,4.0,4.0,0.0,3.5193999999999996
129313,Reality (2014),1,4.0,4.0,0.0,3.5193999999999996
130482,Too Late for Tears (1949),1,4.0,4.0,0.0,3.5193999999999996
133645,Carol (2015),1,4.0,4.0,0.0,3.5193999999999996
143525,Chasuke's Journey (2015),1,4.0,4.0,0.0,3.5193999999999996
149146,Parasyte: Part 2 (2015),1,4.0,4.0,0.0,3.5193999999999996
153408,Tears for Sale (2008),1,4.0,4.0,0.0,3.5193999999999996
159779,A Midsummer Night's Dream (2016),1,4.0,4.0,0.0,3.5193999999999996
162968,Kizumonogatari Part 1: Tekketsu (2016),1,4.0,4.0,0.0,3.5193999999999996
165843,Risk (2016),1,4.0,4.0,0.0,3.5193999999999996
166203,Sapphire Blue (2014),1,4.0,4.0,0.0,3.5193999999999996
175199,Annabelle: Creation (2017),1,4.0,4.0,0.0,3.5193999999999996
184931,Death Wish (2018),1,4.0,4.0,0.0,3.5193999999999996
108,Catwalk (1996),1,4.0,4.0,0.0,3.5193999999999996
285,Beyond Bedlam (1993),1,4.0,4.0,0.0,3.5193999999999996
301,Picture Bride (Bijo photo) (1994),1,4.0,4.0,0.0,3.5193999999999996
324,"Sum of Us, The (1994)",1,4.0,4.0,0.0,3.5193999999999996
1116,"Single Girl, A (Fille seule, La) (1995)",1,4.0,4.0,0.0,3.5193999999999996
1473,Best Men (1997),1,4.0,4.0,0.0,3.5193999999999996
1549,Rough Magic (1995),1,4.0,4.0,0.0,3.5193999999999996
2435,Hurlyburly (1998),1,4.0,4.0,0.0,3.5193999999999996
2751,From the Hip (1987),1,4.0,4.0,0.0,3.5193999999999996
2839,West Beirut (West Beyrouth) (1998),1,4.0,4.0,0.0,3.5193999999999996
3357,East-West (Est-ouest) (1999),1,4.0,4.0,0.0,3.5193999999999996
3711,Sarafina! (1992),1,4.0,4.0,0.0,3.5193999999999996
3816,"Official Story, The (La historia oficial) (1985)",1,4.0,4.0,0.0,3.5193999999999996
3857,Bless the Child (2000),1,4.0,4.0,0.0,3.5193999999999996
3914,"Broken Hearts Club, The (2000)",1,4.0,4.0,0.0,3.5193999999999996
4500,Drowning by Numbers (1988),1,4.0,4.0,0.0,3.5193999999999996
4581,Dad (1989),1,4.0,4.0,0.0,3.5193999999999996
4583,Disorganized Crime (1989),1,4.0,4.0,0.0,3.5193999999999996
4660,Scenes from the Class Struggle in Beverly Hills (1989),1,4.0,4.0,0.0,3.5193999999999996
4759,Two Can Play That Game (2001),1,4.0,4.0,0.0,3.5193999999999996
5237,Taps (1981),1,4.0,4.0,0.0,3.5193999999999996
5422,"Emperor's New Clothes, The (2001)",1,4.0,4.0,0.0,3.5193999999999996
5489,Nosferatu the Vampyre (Nosferatu: Phantom der Nacht) (1979),1,4.0,4.0,0.0,3.5193999999999996
5838,Madame Bovary (1991),1,4.0,4.0,0.0,3.5193999999999996
5953,Devils on the Doorstep (Guizi lai le) (2000),1,4.0,4.0,0.0,3.5193999999999996
6049,Ethan Frome (1993),1,4.0,4.0,0.0,3.5193999999999996
6067,Ordinary Decent Criminal (2000),1,4.0,4.0,0.0,3.5193999999999996
6123,Sunless (Sans Soleil) (1983),1,4.0,4.0,0.0,3.5193999999999996
6285,Levity (2003),1,4.0,4.0,0.0,3.5193999999999996
6415,Intervista (1987),1,4.0,4.0,0.0,3.5193999999999996
6816,Three O'Clock High (1987),1,4.0,4.0,0.0,3.5193999999999996
6935,"Revolution Will Not Be Televised, The (a.k.a. Chavez: Inside the Coup) (2003)",1,4.0,4.0,0.0,3.5193999999999996
7055,Swing Time (1936),1,4.0,4.0,0.0,3.5193999999999996
7335,Pickup on South Street (1953),1,4.0,4.0,0.0,3.5193999999999996
7560,Fail-Safe (1964),1,4.0,4.0,0.0,3.5193999999999996
8225,Night of the Living Dead (1990),1,4.0,4.0,0.0,3.5193999999999996
8456,Investigation of a Citizen Above Suspicion (Indagine su un cittadino al di sopra di ogni sospetto) (1970),1,4.0,4.0,0.0,3.5193999999999996
8463,Johnny Belinda (1948),1,4.0,4.0,0.0,3.5193999999999996
8593,Juice (1992),1,4.0,4.0,0.0,3.5193999999999996
26038,Teacher's Pet (1958),1,4.0,4.0,0.0,3.5193999999999996
26599,"Law of Desire (Ley del deseo, La) (1987)",1,4.0,4.0,0.0,3.5193999999999996
26693,It (1990),1,4.0,4.0,0.0,3.5193999999999996
27134,Dark Portals: The Chronicles of Vidocq  (Vidocq) (2001),1,4.0,4.0,0.0,3.5193999999999996
27329,Paradise Lost 2: Revelations (2000),1,4.0,4.0,0.0,3.5193999999999996
31545,"Trou, Le (Hole, The) (Night Watch, The) (1960)",1,4.0,4.0,0.0,3.5193999999999996
31903,Zelary (2003),1,4.0,4.0,0.0,3.5193999999999996
31925,Royal Flash (1975),1,4.0,4.0,0.0,3.5193999999999996
47566,Born to Kill (1947),1,4.0,4.0,0.0,3.5193999999999996
50610,Beer League (2006),1,4.0,4.0,0.0,3.5193999999999996
59667,Nina's Heavenly Delights (2006),1,4.0,4.0,0.0,3.5193999999999996
61394,"Onion Movie, The (2008)",1,4.0,4.0,0.0,3.5193999999999996
65596,Mesrine: Killer Instinct (L'instinct de mort) (2008),1,4.0,4.0,0.0,3.5193999999999996
79684,Paper Man (2009),1,4.0,4.0,0.0,3.5193999999999996
81520,Undisputed III: Redemption (2010),1,4.0,4.0,0.0,3.5193999999999996
83976,"Trip, The (2010)",1,4.0,4.0,0.0,3.5193999999999996
84696,Burke and Hare (2010),1,4.0,4.0,0.0,3.5193999999999996
91337,Play the Game (2009),1,4.0,4.0,0.0,3.5193999999999996
91666,Last Holiday (1950),1,4.0,4.0,0.0,3.5193999999999996
92348,Puss in Boots (Nagagutsu o haita neko) (1969),1,4.0,4.0,0.0,3.5193999999999996
95165,Dragon Ball Z the Movie: The World's Strongest (a.k.a. Dragon Ball Z: The Strongest Guy in The World) (Doragon bôru Z: Kono yo de ichiban tsuyoi yatsu) (1990),1,4.0,4.0,0.0,3.5193999999999996
96567,"Words, The (2012)",1,4.0,4.0,0.0,3.5193999999999996
97757,'Hellboy': The Seeds of Creation (2004),1,4.0,4.0,0.0,3.5193999999999996
100277,Tabu (2012),1,4.0,4.0,0.0,3.5193999999999996
100579,Universal Soldier: Day of Reckoning (2012),1,4.0,4.0,0.0,3.5193999999999996
103606,Stuck in Love (2012),1,4.0,4.0,0.0,3.5193999999999996
107159,Zatoichi and the Chest of Gold (Zatôichi senryô-kubi) (Zatôichi 6) (1964),1,4.0,4.0,0.0,3.5193999999999996
107447,Wrong Cops (2013),1,4.0,4.0,0.0,3.5193999999999996
110387,"Unknown Known, The (2013)",1,4.0,4.0,0.0,3.5193999999999996
121171,Red Army (2014),1,4.0,4.0,0.0,3.5193999999999996
124853,Why Man Creates (1968),1,4.0,4.0,0.0,3.5193999999999996
126577,"Daddy, I'm A Zombie (2012)",1,4.0,4.0,0.0,3.5193999999999996
128902,The Forgotten Space (2010),1,4.0,4.0,0.0,3.5193999999999996
131796,Woman in Gold (2015),1,4.0,4.0,0.0,3.5193999999999996
133115,We Could Be King (2014),1,4.0,4.0,0.0,3.5193999999999996
135815,The Magnificent Ruffians (1979),1,4.0,4.0,0.0,3.5193999999999996
139994,Fracchia contro Dracula (1985),1,4.0,4.0,0.0,3.5193999999999996
140267,The Witch (2015),1,4.0,4.0,0.0,3.5193999999999996
140561,Jeff Ross Roasts Criminals: Live at Brazos County Jail (2015),1,4.0,4.0,0.0,3.5193999999999996
147657,Masked Avengers (1981),1,4.0,4.0,0.0,3.5193999999999996
148978,Blue Exorcist: The Movie (2012),1,4.0,4.0,0.0,3.5193999999999996
150993,Anacleto: Agente secreto (2015),1,4.0,4.0,0.0,3.5193999999999996
164707,Go Figure (2005),1,4.0,4.0,0.0,3.5193999999999996
170411,Dave Chappelle: Deep in the Heart of Texas (2017),1,4.0,4.0,0.0,3.5193999999999996
174479,Unedited Footage of a Bear (2014),1,4.0,4.0,0.0,3.5193999999999996
193571,Silver Spoon (2014),1,4.0,4.0,0.0,3.5193999999999996
106,Nobody Loves Me (Keiner liebt mich) (1994),1,4.0,4.0,0.0,3.5193999999999996
679,"Run of the Country, The (1995)",1,4.0,4.0,0.0,3.5193999999999996
1144,"Line King: The Al Hirschfeld Story, The (1996)",1,4.0,4.0,0.0,3.5193999999999996
2737,Assassination (1987),1,4.0,4.0,0.0,3.5193999999999996
3010,Rosetta (1999),1,4.0,4.0,0.0,3.5193999999999996
3648,"Abominable Snowman, The (Abominable Snowman of the Himalayas, The) (1957)",1,4.0,4.0,0.0,3.5193999999999996
3894,Solas (1999),1,4.0,4.0,0.0,3.5193999999999996
4078,Amazing Grace and Chuck (1987),1,4.0,4.0,0.0,3.5193999999999996
4611,Johnny Handsome (1989),1,4.0,4.0,0.0,3.5193999999999996
4615,Last Exit to Brooklyn (1989),1,4.0,4.0,0.0,3.5193999999999996
4883,"Town is Quiet, The (Ville est tranquille, La) (2000)",1,4.0,4.0,0.0,3.5193999999999996
4981,Clockwise (1986),1,4.0,4.0,0.0,3.5193999999999996
5071,Maelström (2000),1,4.0,4.0,0.0,3.5193999999999996
5240,Running Scared (1980),1,4.0,4.0,0.0,3.5193999999999996
6241,Pauline at the Beach (Pauline à la Plage) (1983),1,4.0,4.0,0.0,3.5193999999999996
6588,And Now... Ladies and Gentlemen... (2002),1,4.0,4.0,0.0,3.5193999999999996
6927,"Human Stain, The (2003)",1,4.0,4.0,0.0,3.5193999999999996
6984,"Tale of Two Cities, A (1935)",1,4.0,4.0,0.0,3.5193999999999996
7070,Red River (1948),1,4.0,4.0,0.0,3.5193999999999996
8147,Charly (1968),1,4.0,4.0,0.0,3.5193999999999996
8331,"Man Who Came to Dinner, The (1942)",1,4.0,4.0,0.0,3.5193999999999996
8690,Slaughterhouse-Five (1972),1,4.0,4.0,0.0,3.5193999999999996
8938,Tarnation (2003),1,4.0,4.0,0.0,3.5193999999999996
25753,Greed (1924),1,4.0,4.0,0.0,3.5193999999999996
26645,Life Is a Long Quiet River (La vie est un long fleuve tranquille) (1988),1,4.0,4.0,0.0,3.5193999999999996
26732,Johnny Stecchino (1991),1,4.0,4.0,0.0,3.5193999999999996
27022,Thursday (1998),1,4.0,4.0,0.0,3.5193999999999996
27708,Helen of Troy (2003),1,4.0,4.0,0.0,3.5193999999999996
31610,Purple Butterfly (Zi hudie) (2003),1,4.0,4.0,0.0,3.5193999999999996
33237,San Francisco (1936),1,4.0,4.0,0.0,3.5193999999999996
37444,Frankenstein 90 (1984),1,4.0,4.0,0.0,3.5193999999999996
43914,Winter Passing (2005),1,4.0,4.0,0.0,3.5193999999999996
44189,Ask the Dust (2006),1,4.0,4.0,0.0,3.5193999999999996
48045,Fear City: A Family-Style Comedy (La cité de la peur) (1994),1,4.0,4.0,0.0,3.5193999999999996
49917,When the Levees Broke: A Requiem in Four Acts (2006),1,4.0,4.0,0.0,3.5193999999999996
55492,"Last Winter, The (2006)",1,4.0,4.0,0.0,3.5193999999999996
61167,Henry Poole is Here (2008),1,4.0,4.0,0.0,3.5193999999999996
65631,Battle in Seattle (2007),1,4.0,4.0,0.0,3.5193999999999996
65738,Revenge of the Nerds III: The Next Generation (1992),1,4.0,4.0,0.0,3.5193999999999996
79333,Watch Out for the Automobile (Beregis avtomobilya) (1966),1,4.0,4.0,0.0,3.5193999999999996
81191,Waiting for 'Superman' (2010),1,4.0,4.0,0.0,3.5193999999999996
81512,Hereafter (2010),1,4.0,4.0,0.0,3.5193999999999996
81831,"First Beautiful Thing, The (La prima cosa bella) (2010)",1,4.0,4.0,0.0,3.5193999999999996
88345,Mike's New Car (2002),1,4.0,4.0,0.0,3.5193999999999996
89678,Northanger Abbey (2007),1,4.0,4.0,0.0,3.5193999999999996
91860,"Way South, The (De weg naar het zuiden) (1981)",1,4.0,4.0,0.0,3.5193999999999996
94735,Walking with Monsters (2005),1,4.0,4.0,0.0,3.5193999999999996
100044,Human Planet (2011),1,4.0,4.0,0.0,3.5193999999999996
106889,Tim's Vermeer (2013),1,4.0,4.0,0.0,3.5193999999999996
110586,Calvary (2014),1,4.0,4.0,0.0,3.5193999999999996
110746,Hatchet III (2013),1,4.0,4.0,0.0,3.5193999999999996
114066,"20,000 Days on Earth (2014)",1,4.0,4.0,0.0,3.5193999999999996
116724,You Are the Apple of My Eye (2011),1,4.0,4.0,0.0,3.5193999999999996
128594,Boy Meets Girl (2015),1,4.0,4.0,0.0,3.5193999999999996
141820,Old Men: Robbers (1971),1,4.0,4.0,0.0,3.5193999999999996
154975,Merci Patron ! (2016),1,4.0,4.0,0.0,3.5193999999999996
156781,Jimmy Carr: Telling Jokes (2009),1,4.0,4.0,0.0,3.5193999999999996
163639,DC Super Hero Girls: Hero of the Year (2016),1,4.0,4.0,0.0,3.5193999999999996
175401,Wolf and Calf (1984),1,4.0,4.0,0.0,3.5193999999999996
182297,Porky in Wackyland (1938),1,4.0,4.0,0.0,3.5193999999999996
182639,The Second Renaissance Part II (2003),1,4.0,4.0,0.0,3.5193999999999996
183199,Quest (2017),1,4.0,4.0,0.0,3.5193999999999996
184721,First Reformed (2017),1,4.0,4.0,0.0,3.5193999999999996
600,Love and a .45 (1994),1,4.0,4.0,0.0,3.5193999999999996
602,"Great Day in Harlem, A (1994)",1,4.0,4.0,0.0,3.5193999999999996
956,Penny Serenade (1941),1,4.0,4.0,0.0,3.5193999999999996
961,Little Lord Fauntleroy (1936),1,4.0,4.0,0.0,3.5193999999999996
1423,Hearts and Minds (1996),1,4.0,4.0,0.0,3.5193999999999996
1458,Touch (1997),1,4.0,4.0,0.0,3.5193999999999996
1496,Anna Karenina (1997),1,4.0,4.0,0.0,3.5193999999999996
1659,Hurricane Streets (1997),1,4.0,4.0,0.0,3.5193999999999996
2037,Candleshoe (1977),1,4.0,4.0,0.0,3.5193999999999996
2257,No Small Affair (1984),1,4.0,4.0,0.0,3.5193999999999996
2865,Sugar Town (1999),1,4.0,4.0,0.0,3.5193999999999996
3125,"End of the Affair, The (1999)",1,4.0,4.0,0.0,3.5193999999999996
3492,"Son of the Sheik, The (1926)",1,4.0,4.0,0.0,3.5193999999999996
3674,For the Love of Benji (1977),1,4.0,4.0,0.0,3.5193999999999996
3720,Sunshine (1999),1,4.0,4.0,0.0,3.5193999999999996
3737,Lonely Are the Brave (1962),1,4.0,4.0,0.0,3.5193999999999996
3920,"Faraway, So Close (In weiter Ferne, so nah!) (1993)",1,4.0,4.0,0.0,3.5193999999999996
4243,Brigham City (2001),1,4.0,4.0,0.0,3.5193999999999996
4395,Big Deal on Madonna Street (I Soliti Ignoti) (1958),1,4.0,4.0,0.0,3.5193999999999996
4434,"10th Victim, The (La decima vittima) (1965)",1,4.0,4.0,0.0,3.5193999999999996
4458,Africa: The Serengeti (1994),1,4.0,4.0,0.0,3.5193999999999996
4459,Alaska: Spirit of the Wild (1997),1,4.0,4.0,0.0,3.5193999999999996
4970,"Blue Angel, The (Blaue Engel, Der) (1930)",1,4.0,4.0,0.0,3.5193999999999996
5322,World Traveler (2001),1,4.0,4.0,0.0,3.5193999999999996
5968,Miami Blues (1990),1,4.0,4.0,0.0,3.5193999999999996
6178,"Patch of Blue, A (1965)",1,4.0,4.0,0.0,3.5193999999999996
7031,"Real McCoy, The (1993)",1,4.0,4.0,0.0,3.5193999999999996
7141,My Flesh and Blood (2003),1,4.0,4.0,0.0,3.5193999999999996
7217,Dark Passage (1947),1,4.0,4.0,0.0,3.5193999999999996
7304,Allegro non troppo (1977),1,4.0,4.0,0.0,3.5193999999999996
7479,Watch on the Rhine (1943),1,4.0,4.0,0.0,3.5193999999999996
7487,Henry & June (1990),1,4.0,4.0,0.0,3.5193999999999996
7620,Monster in a Box (1992),1,4.0,4.0,0.0,3.5193999999999996
7714,Camelot (1967),1,4.0,4.0,0.0,3.5193999999999996
7936,Shame (Skammen) (1968),1,4.0,4.0,0.0,3.5193999999999996
8019,Dark Water (Honogurai mizu no soko kara) (2002),1,4.0,4.0,0.0,3.5193999999999996
8117,In China They Eat Dogs (I Kina spiser de hunde) (1999),1,4.0,4.0,0.0,3.5193999999999996
8118,Delta Force 2 (Delta Force 2: The Colombian Connection) (1990),1,4.0,4.0,0.0,3.5193999999999996
8241,Masterminds (1997),1,4.0,4.0,0.0,3.5193999999999996
8338,Black Narcissus (1947),1,4.0,4.0,0.0,3.5193999999999996
8426,Robot Carnival (Roboto kânibauru) (1987),1,4.0,4.0,0.0,3.5193999999999996
8535,De-Lovely (2004),1,4.0,4.0,0.0,3.5193999999999996
8754,"Prime of Miss Jean Brodie, The (1969)",1,4.0,4.0,0.0,3.5193999999999996
8875,"Come Back, Little Sheba (1952)",1,4.0,4.0,0.0,3.5193999999999996
8998,That's Entertainment (1974),1,4.0,4.0,0.0,3.5193999999999996
26236,"White Sun of the Desert, The (Beloe solntse pustyni) (1970)",1,4.0,4.0,0.0,3.5193999999999996
26303,Sisters (1973),1,4.0,4.0,0.0,3.5193999999999996
26308,Turkish Delight (Turks fruit) (1973),1,4.0,4.0,0.0,3.5193999999999996
26313,California Split (1974),1,4.0,4.0,0.0,3.5193999999999996
26429,Love at First Bite (1979),1,4.0,4.0,0.0,3.5193999999999996
32179,Elevator to the Gallows (a.k.a. Frantic) (Ascenseur pour l'échafaud) (1958),1,4.0,4.0,0.0,3.5193999999999996
42176,"Ear, The (Ucho) (1970)",1,4.0,4.0,0.0,3.5193999999999996
48262,"Bridge, The (2006)",1,4.0,4.0,0.0,3.5193999999999996
56169,Awake (2007),1,4.0,4.0,0.0,3.5193999999999996
57502,Cat Soup (Nekojiru-so) (2001),1,4.0,4.0,0.0,3.5193999999999996
59985,Chaos Theory (2007),1,4.0,4.0,0.0,3.5193999999999996
60818,Hogfather (Terry Pratchett's Hogfather) (2006),1,4.0,4.0,0.0,3.5193999999999996
69712,My Sister's Keeper (2009),1,4.0,4.0,0.0,3.5193999999999996
72714,Earthlings (2006),1,4.0,4.0,0.0,3.5193999999999996
74677,"Yes Men Fix the World, The (2009)",1,4.0,4.0,0.0,3.5193999999999996
74683,Mike Bassett: England Manager (2001),1,4.0,4.0,0.0,3.5193999999999996
80094,"Last Exorcism, The (2010)",1,4.0,4.0,0.0,3.5193999999999996
84952,Confessions (Kokuhaku) (2010),1,4.0,4.0,0.0,3.5193999999999996
90769,Starsuckers (2009),1,4.0,4.0,0.0,3.5193999999999996
93040,"Civil War, The (1990)",1,4.0,4.0,0.0,3.5193999999999996
95473,Dragon Ball Z: The Return of Cooler (Doragon bôru Z 6: Gekitotsu! Hyakuoku pawâ no senshi) (1992),1,4.0,4.0,0.0,3.5193999999999996
95780,Dragon Ball Z: Bio-Broly (Doragon bôru Z 11: Sûpâ senshi gekiha! Katsu no wa ore da) (1994),1,4.0,4.0,0.0,3.5193999999999996
97904,Smashed (2012),1,4.0,4.0,0.0,3.5193999999999996
99030,Wrong (2012),1,4.0,4.0,0.0,3.5193999999999996
99191,Campfire Tales (1997),1,4.0,4.0,0.0,3.5193999999999996
99853,Codependent Lesbian Space Alien Seeks Same (2011),1,4.0,4.0,0.0,3.5193999999999996
104078,Alan Partridge: Alpha Papa (2013),1,4.0,4.0,0.0,3.5193999999999996
110281,King of Comedy (Hei kek ji wong) (1999),1,4.0,4.0,0.0,3.5193999999999996
113280,White Frog (2012),1,4.0,4.0,0.0,3.5193999999999996
113565,"Sacrament, The (2013)",1,4.0,4.0,0.0,3.5193999999999996
113862,"Guest, The (2014)",1,4.0,4.0,0.0,3.5193999999999996
118706,Black Sea (2015),1,4.0,4.0,0.0,3.5193999999999996
118896,Mommy (2014),1,4.0,4.0,0.0,3.5193999999999996
120807,John Mulaney: New In Town (2012),1,4.0,4.0,0.0,3.5193999999999996
126426,Solyaris (1968),1,4.0,4.0,0.0,3.5193999999999996
127180,"Story of Film: An Odyssey, The (2011)",1,4.0,4.0,0.0,3.5193999999999996
128097,Jim Norton: American Degenerate (2013),1,4.0,4.0,0.0,3.5193999999999996
128366,Patton Oswalt: Tragedy Plus Comedy Equals Time (2014),1,4.0,4.0,0.0,3.5193999999999996
128908,Cloudburst (2011),1,4.0,4.0,0.0,3.5193999999999996
130073,Cinderella (2015),1,4.0,4.0,0.0,3.5193999999999996
137859,Dragon Ball Z Gaiden: The Plot to Destroy the Saiyans (1993),1,4.0,4.0,0.0,3.5193999999999996
137863,Dragon Ball Z: Resurrection of F (2015),1,4.0,4.0,0.0,3.5193999999999996
142598,Last Shift (2014),1,4.0,4.0,0.0,3.5193999999999996
145418,Trumbo (2015),1,4.0,4.0,0.0,3.5193999999999996
146986,Le Maître d'école (1981),1,4.0,4.0,0.0,3.5193999999999996
167570,The OA,1,4.0,4.0,0.0,3.5193999999999996
168144,Joe Rogan: Live (2006),1,4.0,4.0,0.0,3.5193999999999996
168632,Bill Burr: Walk Your Way Out (2017),1,4.0,4.0,0.0,3.5193999999999996
178613,Dave Chappelle: Killin' Them Softly (2000),1,4.0,4.0,0.0,3.5193999999999996
193573,Love Live! The School Idol Movie (2015),1,4.0,4.0,0.0,3.5193999999999996
193581,Black Butler: Book of the Atlantic (2017),1,4.0,4.0,0.0,3.5193999999999996
77,Nico Icon (1995),1,4.0,4.0,0.0,3.5193999999999996
451,Flesh and Bone (1993),1,4.0,4.0,0.0,3.5193999999999996
526,"Savage Nights (Nuits fauves, Les) (1992)",1,4.0,4.0,0.0,3.5193999999999996
583,Dear Diary (Caro Diario) (1994),1,4.0,4.0,0.0,3.5193999999999996
632,Land and Freedom (Tierra y libertad) (1995),1,4.0,4.0,0.0,3.5193999999999996
1137,Hustler White (1996),1,4.0,4.0,0.0,3.5193999999999996
1475,Kama Sutra: A Tale of Love (1996),1,4.0,4.0,0.0,3.5193999999999996
1902,Dream for an Insomniac (1996),1,4.0,4.0,0.0,3.5193999999999996
1940,Gentleman's Agreement (1947),1,4.0,4.0,0.0,3.5193999999999996
2104,Tex (1982),1,4.0,4.0,0.0,3.5193999999999996
2358,Savior (1998),1,4.0,4.0,0.0,3.5193999999999996
2820,Hamlet (1964),1,4.0,4.0,0.0,3.5193999999999996
3374,Daughters of the Dust (1991),1,4.0,4.0,0.0,3.5193999999999996
3410,Soft Fruit (1999),1,4.0,4.0,0.0,3.5193999999999996
3459,Gothic (1986),1,4.0,4.0,0.0,3.5193999999999996
3474,Retroactive (1997),1,4.0,4.0,0.0,3.5193999999999996
3713,"Long Walk Home, The (1990)",1,4.0,4.0,0.0,3.5193999999999996
3832,"Black Sabbath (Tre volti della paura, I) (1963)",1,4.0,4.0,0.0,3.5193999999999996
3845,And God Created Woman (Et Dieu... créa la femme) (1956),1,4.0,4.0,0.0,3.5193999999999996
4046,Friendly Persuasion (1956),1,4.0,4.0,0.0,3.5193999999999996
4171,Long Night's Journey Into Day (2000),1,4.0,4.0,0.0,3.5193999999999996
4325,"Night, The (Notte, La) (1960)",1,4.0,4.0,0.0,3.5193999999999996
4410,Something Wild (1986),1,4.0,4.0,0.0,3.5193999999999996
4475,"Beast of War, The (Beast, The) (1988)",1,4.0,4.0,0.0,3.5193999999999996
4562,Without a Clue (1988),1,4.0,4.0,0.0,3.5193999999999996
4785,"Great Silence, The (Grande silenzio, Il) (1969)",1,4.0,4.0,0.0,3.5193999999999996
4917,MacArthur (1977),1,4.0,4.0,0.0,3.5193999999999996
4945,"Enforcer, The (1976)",1,4.0,4.0,0.0,3.5193999999999996
5239,Rude Boy (1980),1,4.0,4.0,0.0,3.5193999999999996
5532,Amy's O (a.k.a. Amy's Orgasm) (2001),1,4.0,4.0,0.0,3.5193999999999996
6571,"Mondays in the Sun (Lunes al sol, Los) (2002)",1,4.0,4.0,0.0,3.5193999999999996
6592,"Secret Lives of Dentists, The (2002)",1,4.0,4.0,0.0,3.5193999999999996
6775,Life and Debt (2001),1,4.0,4.0,0.0,3.5193999999999996
6782,Leningrad Cowboys Go America (1989),1,4.0,4.0,0.0,3.5193999999999996
7492,Martin (1977),1,4.0,4.0,0.0,3.5193999999999996
7713,Cat People (1942),1,4.0,4.0,0.0,3.5193999999999996
7745,"Scent of Green Papaya, The (Mùi du du xhan - L'odeur de la papaye verte) (1993)",1,4.0,4.0,0.0,3.5193999999999996
7811,Babylon 5: The River of Souls (1998),1,4.0,4.0,0.0,3.5193999999999996
8158,Rush (1991),1,4.0,4.0,0.0,3.5193999999999996
8197,Hiroshima Mon Amour (1959),1,4.0,4.0,0.0,3.5193999999999996
8378,"Doctor, The (1991)",1,4.0,4.0,0.0,3.5193999999999996
8979,Guerrilla: The Taking of Patty Hearst (2004),1,4.0,4.0,0.0,3.5193999999999996
25834,Captains Courageous (1937),1,4.0,4.0,0.0,3.5193999999999996
25865,"Letter, The (1940)",1,4.0,4.0,0.0,3.5193999999999996
25952,"Letter to Three Wives, A (1949)",1,4.0,4.0,0.0,3.5193999999999996
25963,"Young and the Damned, The (Olvidados, Los) (1950)",1,4.0,4.0,0.0,3.5193999999999996
26875,"Pure Formality, A (Pura formalità, Una) (1994)",1,4.0,4.0,0.0,3.5193999999999996
27826,Touch of Pink (2004),1,4.0,4.0,0.0,3.5193999999999996
30994,Little Miss Marker (1980),1,4.0,4.0,0.0,3.5193999999999996
32302,"League of Ordinary Gentlemen, A (2004)",1,4.0,4.0,0.0,3.5193999999999996
32649,"Special Day, A (Giornata particolare, Una) (1977)",1,4.0,4.0,0.0,3.5193999999999996
44597,Youth of the Beast (Yaju no seishun) (1963),1,4.0,4.0,0.0,3.5193999999999996
48032,"Tiger and the Snow, The (La tigre e la neve) (2005)",1,4.0,4.0,0.0,3.5193999999999996
54354,China Blue (2005),1,4.0,4.0,0.0,3.5193999999999996
55071,No End in Sight (2007),1,4.0,4.0,0.0,3.5193999999999996
56908,Dedication (2007),1,4.0,4.0,0.0,3.5193999999999996
59026,99 francs (2007),1,4.0,4.0,0.0,3.5193999999999996
60904,Heart of a Dog (Sobachye serdtse) (1988),1,4.0,4.0,0.0,3.5193999999999996
62553,"Secret Life of Bees, The (2008)",1,4.0,4.0,0.0,3.5193999999999996
62836,Babylon 5: The Lost Tales - Voices in the Dark (2007),1,4.0,4.0,0.0,3.5193999999999996
64695,Sword of the Stranger (Sutorejia: Mukô hadan) (2007),1,4.0,4.0,0.0,3.5193999999999996
66544,Nuremberg (2000),1,4.0,4.0,0.0,3.5193999999999996
70637,I Can't Think Straight (2007),1,4.0,4.0,0.0,3.5193999999999996
71619,Coco Before Chanel (Coco avant Chanel) (2009),1,4.0,4.0,0.0,3.5193999999999996
73804,Asterix at the Olympic Games (Astérix aux jeux olympiques) (2008),1,4.0,4.0,0.0,3.5193999999999996
74370,"House of the Devil, The (2009)",1,4.0,4.0,0.0,3.5193999999999996
75341,Remember Me (2010),1,4.0,4.0,0.0,3.5193999999999996
77931,Stingray Sam (2009),1,4.0,4.0,0.0,3.5193999999999996
80083,Dragon Ball Z: Dead Zone (Doragon bôru Z 1: Ora no Gohan wo kaese) (1989),1,4.0,4.0,0.0,3.5193999999999996
83369,"Way Back, The (2010)",1,4.0,4.0,0.0,3.5193999999999996
84716,Castaway on the Moon (Kimssi pyoryugi) (2009),1,4.0,4.0,0.0,3.5193999999999996
85259,Winnie the Pooh and the Honey Tree (1966),1,4.0,4.0,0.0,3.5193999999999996
86066,Playing the Victim (Izobrazhaya zhertvu) (2006),1,4.0,4.0,0.0,3.5193999999999996
87287,American Grindhouse (2010),1,4.0,4.0,0.0,3.5193999999999996
90245,Antonio Gaudí (1985),1,4.0,4.0,0.0,3.5193999999999996
95004,Superman/Doomsday (2007) ,1,4.0,4.0,0.0,3.5193999999999996
95170,Beauty and the Beast: The Enchanted Christmas (1997),1,4.0,4.0,0.0,3.5193999999999996
95939,"Angels' Share, The (2012)",1,4.0,4.0,0.0,3.5193999999999996
96563,Paradise Lost 3: Purgatory (2011),1,4.0,4.0,0.0,3.5193999999999996
100527,Safe Haven (2013),1,4.0,4.0,0.0,3.5193999999999996
102760,Down Terrace (2009),1,4.0,4.0,0.0,3.5193999999999996
111384,Blue Ruin (2013),1,4.0,4.0,0.0,3.5193999999999996
112580,"Angriest Man in Brooklyn, The (2014)",1,4.0,4.0,0.0,3.5193999999999996
121007,Space Buddies (2009),1,4.0,4.0,0.0,3.5193999999999996
127114,The End of the Tour (2015),1,4.0,4.0,0.0,3.5193999999999996
127390,Family Guy Presents: Blue Harvest (2007),1,4.0,4.0,0.0,3.5193999999999996
128842,Dragonheart 3: The Sorcerer's Curse (2015),1,4.0,4.0,0.0,3.5193999999999996
134041,Afonya (1975),1,4.0,4.0,0.0,3.5193999999999996
141513,Fort Tilden (2014),1,4.0,4.0,0.0,3.5193999999999996
143458,The Great Hypnotist (2014),1,4.0,4.0,0.0,3.5193999999999996
144210,Just Eat It: A Food Waste Story (2014),1,4.0,4.0,0.0,3.5193999999999996
146024,A Man from Boulevard des Capucines (1987),1,4.0,4.0,0.0,3.5193999999999996
146028,The Adventures of Sherlock Holmes and Dr. Watson: The Hound of the Baskervilles (1981),1,4.0,4.0,0.0,3.5193999999999996
146309,The Boy and the Beast (2015),1,4.0,4.0,0.0,3.5193999999999996
146682,Twinsters (2015),1,4.0,4.0,0.0,3.5193999999999996
148775,Wizards of Waverly Place: The Movie (2009),1,4.0,4.0,0.0,3.5193999999999996
149144,Parasyte: Part 1 (2014),1,4.0,4.0,0.0,3.5193999999999996
152173,Michael Jackson's Thriller (1983),1,4.0,4.0,0.0,3.5193999999999996
155659,Florence Foster Jenkins (2016),1,4.0,4.0,0.0,3.5193999999999996
170817,Snatched (2017),1,4.0,4.0,0.0,3.5193999999999996
170837,Life-Size (2000),1,4.0,4.0,0.0,3.5193999999999996
171251,"Nobody Speak: Hulk Hogan, Gawker and Trials of a Free Press (2017)",1,4.0,4.0,0.0,3.5193999999999996
171811,Embassy (2013),1,4.0,4.0,0.0,3.5193999999999996
172497,T2 3-D: Battle Across Time (1996),1,4.0,4.0,0.0,3.5193999999999996
179119,The Death of Stalin (2017),1,4.0,4.0,0.0,3.5193999999999996
179427,Dane Cook: Troublemaker (2014),1,4.0,4.0,0.0,3.5193999999999996
180231,Daddy's Home 2 (2017),1,4.0,4.0,0.0,3.5193999999999996
182293,Hare-um Scare-um (1939),1,4.0,4.0,0.0,3.5193999999999996
188797,Tag (2018),1,4.0,4.0,0.0,3.5193999999999996
193609,Andrew Dice Clay: Dice Rules (1991),1,4.0,4.0,0.0,3.5193999999999996
1120,"People vs. Larry Flynt, The (1996)",27,3.537037037037037,3.5,0.5257433172806812,3.5193185185185185
2572,10 Things I Hate About You (1999),54,3.5277777777777777,3.5,1.0382350883905977,3.5190518518518514
1341,Burnt Offerings (1976),2,3.75,3.0,0.75,3.5187310344827587
2419,Extremities (1986),2,3.75,3.5,0.25,3.5187310344827587
3211,"Cry in the Dark, A (1988)",2,3.75,3.5,0.25,3.5187310344827587
4440,"Big Boss, The (Fists of Fury) (Tang shan da xiong) (1971)",2,3.75,2.5,1.25,3.5187310344827587
6732,"Hello, Dolly! (1969)",2,3.75,2.5,1.25,3.5187310344827587
7059,National Velvet (1944),2,3.75,3.5,0.25,3.5187310344827587
8363,Soul Plane (2004),2,3.75,3.0,0.75,3.5187310344827587
8600,Angels with Dirty Faces (1938),2,3.75,3.5,0.25,3.5187310344827587
33683,High Tension (Haute tension) (Switchblade Romance) (2003),2,3.75,3.5,0.25,3.5187310344827587
42191,Luxo Jr. (1986),2,3.75,3.0,0.75,3.5187310344827587
67665,Anvil! The Story of Anvil (2008),2,3.75,3.5,0.25,3.5187310344827587
76173,Micmacs (Micmacs à tire-larigot) (2009),2,3.75,3.0,0.75,3.5187310344827587
81132,Rubber (2010),2,3.75,3.5,0.25,3.5187310344827587
84942,Drive Angry (2011),2,3.75,3.5,0.25,3.5187310344827587
85412,"Troll Hunter, The (Trolljegeren) (2010)",2,3.75,3.5,0.25,3.5187310344827587
93297,Act of Valor (2012),2,3.75,3.0,0.75,3.5187310344827587
125974,Halloweentown High (2004),2,3.75,3.5,0.25,3.5187310344827587
127204,The Overnight (2015),2,3.75,3.0,0.75,3.5187310344827587
130087,The Cobbler (2015),2,3.75,3.0,0.75,3.5187310344827587
147372,Doctor Who: Last Christmas (2014),2,3.75,3.0,0.75,3.5187310344827587
180297,The Disaster Artist (2017),2,3.75,3.0,0.75,3.5187310344827587
1650,Washington Square (1997),2,3.75,3.5,0.25,3.5187310344827587
3862,About Adam (2000),2,3.75,3.5,0.25,3.5187310344827587
6263,Basic (2003),2,3.75,3.5,0.25,3.5187310344827587
6970,Desk Set (1957),2,3.75,3.5,0.25,3.5187310344827587
27482,Cube 2: Hypercube (2002),2,3.75,3.0,0.75,3.5187310344827587
27555,Fubar (2002),2,3.75,3.0,0.75,3.5187310344827587
36850,Police Story 2 (Ging chaat goo si juk jaap) (1988),2,3.75,3.0,0.75,3.5187310344827587
42730,Glory Road (2006),2,3.75,2.5,1.25,3.5187310344827587
54185,Manufactured Landscapes (2006),2,3.75,3.5,0.25,3.5187310344827587
70862,It Might Get Loud (2008),2,3.75,3.0,0.75,3.5187310344827587
102684,Only God Forgives (2013),2,3.75,3.5,0.25,3.5187310344827587
133712,Office Romance (1977),2,3.75,3.0,0.75,3.5187310344827587
143367,Silence (2016),2,3.75,3.0,0.75,3.5187310344827587
3679,"Decline of Western Civilization, The (1981)",2,3.75,3.5,0.25,3.5187310344827587
5932,Burden of Dreams (1982),2,3.75,3.5,0.25,3.5187310344827587
6858,Knife in the Water (Nóz w wodzie) (1962),2,3.75,3.5,0.25,3.5187310344827587
7889,Pat Garrett and Billy the Kid (1973),2,3.75,3.5,0.25,3.5187310344827587
53022,Wheels on Meals (Kuai can che) (1984),2,3.75,3.0,0.75,3.5187310344827587
53140,"Librarian: Quest for the Spear, The (2004)",2,3.75,3.5,0.25,3.5187310344827587
57772,World on a Wire (Welt am Draht) (1973),2,3.75,3.5,0.25,3.5187310344827587
82378,All Good Things (2010),2,3.75,2.5,1.25,3.5187310344827587
89939,Gigi (1949),2,3.75,3.0,0.75,3.5187310344827587
104457,You're Next (2011),2,3.75,3.0,0.75,3.5187310344827587
117545,Asterix: The Land of the Gods (Astérix: Le domaine des dieux) (2014),2,3.75,3.5,0.25,3.5187310344827587
131826,Iliza Shlesinger: Freezing Hot (2015),2,3.75,3.5,0.25,3.5187310344827587
141408,Scouts Guide to the Zombie Apocalypse (2015),2,3.75,3.5,0.25,3.5187310344827587
148424,Chi-Raq (2015),2,3.75,3.0,0.75,3.5187310344827587
165103,Keeping Up with the Joneses (2016),2,3.75,3.5,0.25,3.5187310344827587
3859,"Eyes of Tammy Faye, The (2000)",2,3.75,3.5,0.25,3.5187310344827587
5011,Charlotte Gray (2001),2,3.75,3.5,0.25,3.5187310344827587
6268,Raising Victor Vargas (2002),2,3.75,3.5,0.25,3.5187310344827587
6918,"Unvanquished, The (Aparajito) (1957)",2,3.75,3.5,0.25,3.5187310344827587
7082,That Touch of Mink (1962),2,3.75,3.5,0.25,3.5187310344827587
7118,Wings of Honneamise (Ôritsu uchûgun Oneamisu no tsubasa) (1987),2,3.75,3.5,0.25,3.5187310344827587
7657,Versus (2000),2,3.75,3.5,0.25,3.5187310344827587
7930,"People Under the Stairs, The (1991)",2,3.75,3.5,0.25,3.5187310344827587
8530,Dear Frankie (2004),2,3.75,3.5,0.25,3.5187310344827587
8656,"Short Film About Killing, A (Krótki film o zabijaniu) (1988)",2,3.75,3.0,0.75,3.5187310344827587
26159,Tokyo Drifter (Tôkyô nagaremono) (1966),2,3.75,3.5,0.25,3.5187310344827587
27850,"Yes Men, The (2003)",2,3.75,3.5,0.25,3.5187310344827587
58376,Zeitgeist: The Movie (2007),2,3.75,3.0,0.75,3.5187310344827587
90057,Take Shelter (2011),2,3.75,3.0,0.75,3.5187310344827587
95497,Dragon Ball Z: Super Android 13! (Doragon bôru Z 7: Kyokugen batoru!! San dai sûpâ saiyajin) (1992),2,3.75,3.5,0.25,3.5187310344827587
109850,Need for Speed (2014),2,3.75,3.5,0.25,3.5187310344827587
141749,The Danish Girl (2015),2,3.75,3.5,0.25,3.5187310344827587
168612,Ghost in the Shell (2017),2,3.75,3.5,0.25,3.5187310344827587
5633,Heaven (2002),2,3.75,3.5,0.25,3.5187310344827587
6216,Nowhere in Africa (Nirgendwo in Afrika) (2001),2,3.75,3.5,0.25,3.5187310344827587
6412,Destry Rides Again (1939),2,3.75,3.5,0.25,3.5187310344827587
8778,Sherlock Holmes: Dressed to Kill (1946),2,3.75,3.5,0.25,3.5187310344827587
27838,Mean Creek (2004),2,3.75,3.0,0.75,3.5187310344827587
48598,Infamous (2006),2,3.75,3.5,0.25,3.5187310344827587
50160,Miss Potter (2006),2,3.75,3.5,0.25,3.5187310344827587
60291,Gonzo: The Life and Work of Dr. Hunter S. Thompson (2008),2,3.75,3.5,0.25,3.5187310344827587
74791,"Town Called Panic, A (Panique au village) (2009)",2,3.75,3.5,0.25,3.5187310344827587
78703,TiMER (2009),2,3.75,3.5,0.25,3.5187310344827587
91353,Asterix in America (a.k.a Asterix Conquers America) (Astérix et les Indiens) (1994),2,3.75,3.5,0.25,3.5187310344827587
91488,"Snowman, The (1982)",2,3.75,3.5,0.25,3.5187310344827587
92422,"Woman in Black, The (2012)",2,3.75,3.5,0.25,3.5187310344827587
171765,Okja (2017),2,3.75,3.5,0.25,3.5187310344827587
897,For Whom the Bell Tolls (1943),2,3.75,3.5,0.25,3.5187310344827587
4484,Camille Claudel (1988),2,3.75,3.5,0.25,3.5187310344827587
4836,"Competition, The (1980)",2,3.75,3.5,0.25,3.5187310344827587
5409,Rapid Fire (1992),2,3.75,3.5,0.25,3.5187310344827587
7093,"Front Page, The (1974)",2,3.75,3.5,0.25,3.5187310344827587
7647,Noises Off... (1992),2,3.75,3.5,0.25,3.5187310344827587
25788,Scarface (1932),2,3.75,3.5,0.25,3.5187310344827587
59604,"Girl Next Door, The (2007)",2,3.75,3.5,0.25,3.5187310344827587
73211,Pontypool (2008),2,3.75,3.5,0.25,3.5187310344827587
73569,Project A 2 ('A' gai wak juk jap) (1987),2,3.75,2.5,1.25,3.5187310344827587
74668,District 13: Ultimatum (Banlieue 13 - Ultimatum) (2009),2,3.75,3.5,0.25,3.5187310344827587
84189,I Spit on Your Grave (2010),2,3.75,3.5,0.25,3.5187310344827587
118985,Big Eyes (2014),2,3.75,3.5,0.25,3.5187310344827587
136449,Ghost in the Shell 2.0 (2008),2,3.75,3.5,0.25,3.5187310344827587
159717,The Fundamentals of Caring (2016),2,3.75,3.5,0.25,3.5187310344827587
430,Calendar Girl (1993),2,3.75,2.5,1.25,3.5187310344827587
3963,"Unsinkable Molly Brown, The (1964)",2,3.75,3.5,0.25,3.5187310344827587
6410,Car Wash (1976),2,3.75,3.0,0.75,3.5187310344827587
8270,"Hairdresser's Husband, The (Le mari de la coiffeuse) (1990)",2,3.75,3.5,0.25,3.5187310344827587
26249,They Call Me Trinity (1971),2,3.75,2.5,1.25,3.5187310344827587
26631,Alice (Neco z Alenky) (1988),2,3.75,3.0,0.75,3.5187310344827587
27768,Intimate Strangers (Confidences trop intimes) (2004),2,3.75,3.0,0.75,3.5187310344827587
93805,Iron Sky (2012),2,3.75,3.5,0.25,3.5187310344827587
142509,Hardcore Henry (2015),2,3.75,3.0,0.75,3.5187310344827587
161127,The Infiltrator (2016),2,3.75,3.5,0.25,3.5187310344827587
170355,Mulholland Dr. (1999),2,3.75,3.0,0.75,3.5187310344827587
4399,"Diary of a Chambermaid (Journal d'une femme de chambre, Le) (1964)",2,3.75,3.5,0.25,3.5187310344827587
7208,Dr. Jekyll and Mr. Hyde (1941),2,3.75,3.5,0.25,3.5187310344827587
7820,"Virgin Spring, The (Jungfrukällan) (1960)",2,3.75,3.5,0.25,3.5187310344827587
7841,Children of Dune (2003),2,3.75,3.0,0.75,3.5187310344827587
55272,We Own the Night (2007),2,3.75,3.5,0.25,3.5187310344827587
101088,Stoker (2013),2,3.75,3.5,0.25,3.5187310344827587
106839,Mandela: Long Walk to Freedom (2013),2,3.75,3.5,0.25,3.5187310344827587
128852,Chris Rock: Bigger & Blacker (1999),2,3.75,3.0,0.75,3.5187310344827587
132660,Man Up (2015),2,3.75,3.5,0.25,3.5187310344827587
425,Blue Sky (1994),2,3.75,3.5,0.25,3.5187310344827587
941,"Mark of Zorro, The (1940)",2,3.75,3.5,0.25,3.5187310344827587
4297,Pelle the Conqueror (Pelle erobreren) (1987),2,3.75,3.5,0.25,3.5187310344827587
5341,Lenny (1974),2,3.75,3.5,0.25,3.5187310344827587
6981,"Ordet (Word, The) (1955)",2,3.75,3.5,0.25,3.5187310344827587
7025,"Midnight Clear, A (1992)",2,3.75,2.5,1.25,3.5187310344827587
7050,Follow the Fleet (1936),2,3.75,3.5,0.25,3.5187310344827587
26649,Lonesome Dove (1989),2,3.75,3.5,0.25,3.5187310344827587
27416,Jalla! Jalla! (2000),2,3.75,3.5,0.25,3.5187310344827587
36363,Kin-Dza-Dza! (1986),2,3.75,3.5,0.25,3.5187310344827587
44613,Take the Lead (2006),2,3.75,2.5,1.25,3.5187310344827587
49793,We Are Marshall (2006),2,3.75,3.5,0.25,3.5187310344827587
52644,Vacancy (2007),2,3.75,3.5,0.25,3.5187310344827587
62383,"20,000 Leagues Under the Sea (1916)",2,3.75,3.5,0.25,3.5187310344827587
69805,"Librarian, The: The Curse of the Judas Chalice (2008)",2,3.75,3.5,0.25,3.5187310344827587
90374,Martha Marcy May Marlene (2011),2,3.75,3.0,0.75,3.5187310344827587
96691,Resident Evil: Retribution (2012),2,3.75,3.5,0.25,3.5187310344827587
101741,Trance (2013),2,3.75,3.5,0.25,3.5187310344827587
104944,Short Term 12 (2013),2,3.75,3.5,0.25,3.5187310344827587
105250,"Century of the Self, The (2002)",2,3.75,3.5,0.25,3.5187310344827587
110669,"Honest Liar, An (2014)",2,3.75,3.5,0.25,3.5187310344827587
181065,Jack Whitehall: At Large (2017),2,3.75,3.5,0.25,3.5187310344827587
189333,Mission: Impossible - Fallout (2018),2,3.75,3.5,0.25,3.5187310344827587
835,Foxfire (1996),3,3.6666666666666665,4.0,0.4714045207910317,3.5181066666666667
2932,Days of Heaven (1978),3,3.6666666666666665,4.0,0.4714045207910317,3.5181066666666667
3015,Coma (1978),3,3.6666666666666665,4.0,0.4714045207910317,3.5181066666666667
3158,"Emperor and the Assassin, The (Jing ke ci qin wang) (1999)",3,3.6666666666666665,4.0,0.4714045207910317,3.5181066666666667
3559,Limelight (1952),3,3.6666666666666665,4.0,0.4714045207910317,3.5181066666666667
8044,I Am a Fugitive from a Chain Gang (1932),3,3.6666666666666665,3.5,0.6236095644623235,3.5181066666666667
26340,"Twelve Tasks of Asterix, The (Les douze travaux d'Astérix) (1976)",3,3.6666666666666665,4.0,0.4714045207910317,3.5181066666666667
80862,Catfish (2010),3,3.6666666666666665,3.5,0.6236095644623235,3.5181066666666667
90603,Batman: Year One (2011),3,3.6666666666666665,3.5,1.0274023338281628,3.5181066666666667
94503,"Decoy Bride, The (2011)",3,3.6666666666666665,3.5,0.6236095644623235,3.5181066666666667
158972,Toni Erdmann (2016),3,3.6666666666666665,3.5,0.23570226039551584,3.5181066666666667
715,"Horseman on the Roof, The (Hussard sur le toit, Le) (1995)",3,3.6666666666666665,4.0,0.4714045207910317,3.5181066666666667
1161,"Tin Drum, The (Blechtrommel, Die) (1979)",3,3.6666666666666665,3.5,0.23570226039551584,3.5181066666666667
1812,Wide Awake (1998),3,3.6666666666666665,4.0,0.4714045207910317,3.5181066666666667
2035,Blackbeard's Ghost (1968),3,3.6666666666666665,3.0,0.9428090415820634,3.5181066666666667
2327,Tales from the Darkside: The Movie (1990),3,3.6666666666666665,4.0,1.247219128924647,3.5181066666666667
5075,Waydowntown (2000),3,3.6666666666666665,4.0,1.247219128924647,3.5181066666666667
34528,Junebug (2005),3,3.6666666666666665,4.0,0.4714045207910317,3.5181066666666667
71211,"Informant!, The (2009)",3,3.6666666666666665,3.5,0.6236095644623235,3.5181066666666667
74754,"Room, The (2003)",3,3.6666666666666665,5.0,1.8856180831641267,3.5181066666666667
2212,"Man Who Knew Too Much, The (1934)",3,3.6666666666666665,4.0,0.4714045207910317,3.5181066666666667
2475,52 Pick-Up (1986),3,3.6666666666666665,4.0,1.247219128924647,3.5181066666666667
3135,"Great Santini, The (1979)",3,3.6666666666666665,4.0,0.4714045207910317,3.5181066666666667
3364,"Asphalt Jungle, The (1950)",3,3.6666666666666665,3.5,0.23570226039551584,3.5181066666666667
6950,"Missing, The (2003)",3,3.6666666666666665,3.5,0.23570226039551584,3.5181066666666667
7024,"Salo, or The 120 Days of Sodom (Salò o le 120 giornate di Sodoma) (1976)",3,3.6666666666666665,4.0,0.4714045207910317,3.5181066666666667
7311,"Goodbye, Mr. Chips (1939)",3,3.6666666666666665,3.5,0.23570226039551584,3.5181066666666667
33421,Dear Wendy (2005),3,3.6666666666666665,4.0,0.4714045207910317,3.5181066666666667
2691,"Legend of 1900, The (a.k.a. The Legend of the Pianist on the Ocean) (Leggenda del pianista sull'oceano) (1998)",3,3.6666666666666665,4.0,0.8498365855987975,3.5181066666666667
3097,"Shop Around the Corner, The (1940)",3,3.6666666666666665,4.0,1.247219128924647,3.5181066666666667
6387,Once a Thief (Zong heng si hai) (1991),3,3.6666666666666665,3.5,0.6236095644623235,3.5181066666666667
7619,"Miracle Worker, The (1962)",3,3.6666666666666665,3.5,0.23570226039551584,3.5181066666666667
8012,Kikujiro (Kikujirô no natsu) (1999),3,3.6666666666666665,4.0,0.4714045207910317,3.5181066666666667
8491,White Heat (1949),3,3.6666666666666665,4.0,0.4714045207910317,3.5181066666666667
70521,Lost in Austen (2008),3,3.6666666666666665,4.0,0.4714045207910317,3.5181066666666667
79274,Batman: Under the Red Hood (2010),3,3.6666666666666665,3.5,1.0274023338281628,3.5181066666666667
115877,"Simpsons: The Longest Daycare, The (2012)",3,3.6666666666666665,3.5,0.6236095644623235,3.5181066666666667
1332,"Believers, The (1987)",3,3.6666666666666665,4.0,0.4714045207910317,3.5181066666666667
1686,Red Corner (1997),3,3.6666666666666665,3.0,0.9428090415820634,3.5181066666666667
2074,"Night Porter, The (Portiere di notte, Il) (1974)",3,3.6666666666666665,4.0,0.4714045207910317,3.5181066666666667
4644,Bread and Tulips (Pane e tulipani) (2000),3,3.6666666666666665,3.5,0.6236095644623235,3.5181066666666667
5460,"Powerpuff Girls, The (2002)",3,3.6666666666666665,4.0,0.4714045207910317,3.5181066666666667
7297,Kitchen Stories (Salmer fra kjøkkenet) (2003),3,3.6666666666666665,3.5,0.23570226039551584,3.5181066666666667
7991,Death Race 2000 (1975),3,3.6666666666666665,4.0,1.247219128924647,3.5181066666666667
8928,"Fearless Vampire Killers, The (1967)",3,3.6666666666666665,4.0,0.4714045207910317,3.5181066666666667
89305,"Inbetweeners Movie, The (2011)",3,3.6666666666666665,3.5,0.23570226039551584,3.5181066666666667
91690,Friends with Kids (2011),3,3.6666666666666665,4.0,0.8498365855987975,3.5181066666666667
99145,"Impossible, The (Imposible, Lo) (2012)",3,3.6666666666666665,3.5,0.6236095644623235,3.5181066666666667
869,Kansas City (1996),3,3.6666666666666665,4.0,0.4714045207910317,3.5181066666666667
4256,"Center of the World, The (2001)",3,3.6666666666666665,3.0,0.9428090415820634,3.5181066666666667
4424,"Garden of the Finzi-Continis, The (Giardino dei Finzi-Contini, Il) (1970)",3,3.6666666666666665,4.0,0.4714045207910317,3.5181066666666667
4920,"Now, Voyager (1942)",3,3.6666666666666665,4.0,0.8498365855987975,3.5181066666666667
5788,All or Nothing (2002),3,3.6666666666666665,4.0,0.8498365855987975,3.5181066666666667
7932,Dark Days (2000),3,3.6666666666666665,4.0,0.4714045207910317,3.5181066666666667
8939,"Final Cut, The (2004)",3,3.6666666666666665,3.5,0.6236095644623235,3.5181066666666667
40959,"Ice Harvest, The (2005)",3,3.6666666666666665,3.5,0.6236095644623235,3.5181066666666667
51884,"Namesake, The (2006)",3,3.6666666666666665,4.0,0.4714045207910317,3.5181066666666667
1484,"Daytrippers, The (1996)",3,3.6666666666666665,4.0,0.4714045207910317,3.5181066666666667
1859,Taste of Cherry (Ta'm e guilass) (1997),3,3.6666666666666665,3.5,0.23570226039551584,3.5181066666666667
3129,Sweet and Lowdown (1999),3,3.6666666666666665,4.0,0.4714045207910317,3.5181066666666667
3235,Where the Buffalo Roam (1980),3,3.6666666666666665,3.5,1.0274023338281628,3.5181066666666667
4795,Father Goose (1964),3,3.6666666666666665,4.0,0.4714045207910317,3.5181066666666667
5034,"Truly, Madly, Deeply (1991)",3,3.6666666666666665,4.0,1.247219128924647,3.5181066666666667
7728,"Postman Always Rings Twice, The (1946)",3,3.6666666666666665,4.0,0.4714045207910317,3.5181066666666667
8033,How to Steal a Million (1966),3,3.6666666666666665,4.0,0.4714045207910317,3.5181066666666667
74750,[REC]² (2009),3,3.6666666666666665,3.5,0.6236095644623235,3.5181066666666667
304,Roommates (1995),3,3.6666666666666665,4.0,1.247219128924647,3.5181066666666667
893,Mother Night (1996),3,3.6666666666666665,3.0,0.9428090415820634,3.5181066666666667
7225,Pumping Iron (1977),3,3.6666666666666665,4.0,0.4714045207910317,3.5181066666666667
7299,Monsieur Ibrahim (Monsieur Ibrahim et les fleurs du Coran) (2003),3,3.6666666666666665,3.5,0.23570226039551584,3.5181066666666667
7812,Babylon 5: Thirdspace (1998),3,3.6666666666666665,3.5,0.23570226039551584,3.5181066666666667
32022,Gunner Palace (2004),3,3.6666666666666665,4.0,0.4714045207910317,3.5181066666666667
96020,Sidewalls (Medianeras) (2011),3,3.6666666666666665,4.0,0.4714045207910317,3.5181066666666667
283,New Jersey Drive (1995),3,3.6666666666666665,4.0,1.247219128924647,3.5181066666666667
2310,"Mighty, The (1998)",3,3.6666666666666665,4.0,0.4714045207910317,3.5181066666666667
2874,"Pajama Game, The (1957)",3,3.6666666666666665,4.0,0.4714045207910317,3.5181066666666667
4329,Rio Bravo (1959),3,3.6666666666666665,4.0,0.4714045207910317,3.5181066666666667
7579,Pride and Prejudice (1940),3,3.6666666666666665,3.5,1.0274023338281628,3.5181066666666667
26375,Silver Streak (1976),3,3.6666666666666665,4.0,0.4714045207910317,3.5181066666666667
49130,"Good Year, A (2006)",3,3.6666666666666665,4.0,0.4714045207910317,3.5181066666666667
188301,Ant-Man and the Wasp (2018),3,3.6666666666666665,4.0,0.4714045207910317,3.5181066666666667
3846,Easy Money (1983),4,3.625,3.5,1.0825317547305484,3.5175225806451613
4745,O (2001),4,3.625,4.0,0.649519052838329,3.5175225806451613
5712,Blow Out (1981),4,3.625,3.5,0.21650635094610962,3.5175225806451613
70565,"Goods: Live Hard, Sell Hard, The (2009)",4,3.625,3.5,0.739509972887452,3.5175225806451613
3076,Irma la Douce (1963),4,3.625,3.0,0.649519052838329,3.5175225806451613
87304,Beginners (2010),4,3.625,3.5,0.21650635094610962,3.5175225806451613
3194,"Way We Were, The (1973)",4,3.625,3.5,0.414578098794425,3.5175225806451613
4439,Christiane F. (a.k.a. We Children from Bahnhof Zoo) (Christiane F. - Wir Kinder vom Bahnhof Zoo) (1981),4,3.625,3.5,0.21650635094610962,3.5175225806451613
4803,Play Misty for Me (1971),4,3.625,3.5,0.41457809879442503,3.5175225806451613
8501,"Hitcher, The (1986)",4,3.625,3.5,0.41457809879442503,3.5175225806451613
88235,"Guard, The (2011)",4,3.625,4.0,0.649519052838329,3.5175225806451613
2181,Marnie (1964),4,3.625,3.5,0.5448623679425841,3.5175225806451613
4725,Session 9 (2001),4,3.625,4.0,0.649519052838329,3.5175225806451613
63479,Sex Drive (2008),4,3.625,4.0,0.960143218483576,3.5175225806451613
7762,"Tinker, Tailor, Soldier, Spy (1979)",4,3.625,3.5,0.41457809879442503,3.5175225806451613
4605,How to Get Ahead in Advertising (1989),4,3.625,4.0,0.960143218483576,3.5175225806451613
52967,Away from Her (2006),4,3.625,3.0,0.649519052838329,3.5175225806451613
96432,Lawless (2012),4,3.625,3.5,0.414578098794425,3.5175225806451613
100507,21 and Over (2013),4,3.625,3.0,0.649519052838329,3.5175225806451613
105954,All Is Lost (2013),4,3.625,3.5,0.5448623679425842,3.5175225806451613
160271,Central Intelligence (2016),4,3.625,3.5,0.8926785535678563,3.5175225806451613
6710,Dummy (2002),4,3.625,3.5,0.4145780987944249,3.5175225806451613
4175,Gray's Anatomy (1996),4,3.625,4.0,0.649519052838329,3.5175225806451613
4389,Lost and Delirious (2001),4,3.625,3.0,0.9601432184835761,3.5175225806451613
4969,And Then There Were None (1945),4,3.625,3.0,0.81967981553775,3.5175225806451613
6852,In Cold Blood (1967),4,3.625,3.5,0.4145780987944249,3.5175225806451613
362,"Jungle Book, The (1994)",34,3.5294117647058822,3.5,1.0637141952955957,3.5171016393442622
2922,Hang 'Em High (1968),5,3.6,4.0,0.48989794855663554,3.516975
6538,Swimming Pool (2003),5,3.6,3.5,0.58309518948453,3.516975
6832,Regarding Henry (1991),5,3.6,3.5,0.3741657386773941,3.516975
2275,Six-String Samurai (1998),5,3.6,4.0,1.1575836902790226,3.516975
2736,Brighton Beach Memoirs (1986),5,3.6,4.0,0.48989794855663554,3.516975
5632,Bloody Sunday (2002),5,3.6,4.0,0.48989794855663554,3.516975
2491,Simply Irresistible (1999),5,3.6,4.0,0.9695359714832659,3.516975
3045,Peter's Friends (1992),5,3.6,3.0,0.8,3.516975
4464,"Accidental Tourist, The (1988)",5,3.6,4.0,0.48989794855663554,3.516975
5666,"Rules of Attraction, The (2002)",5,3.6,3.5,1.2409673645990857,3.516975
2290,Stardust Memories (1980),5,3.6,4.0,1.3928388277184118,3.516975
2670,Run Silent Run Deep (1958),5,3.6,3.0,0.8,3.516975
2866,"Buddy Holly Story, The (1978)",5,3.6,3.5,0.37416573867739417,3.516975
6724,Paper Moon (1973),5,3.6,3.5,0.37416573867739417,3.516975
2073,Fandango (1985),5,3.6,3.0,0.7999999999999999,3.516975
2303,Nashville (1975),5,3.6,3.0,0.7999999999999999,3.516975
2654,"Wolf Man, The (1941)",5,3.6,3.5,1.0677078252031311,3.516975
1187,Passion Fish (1992),5,3.6,4.0,1.019803902718557,3.516975
3726,Assault on Precinct 13 (1976),5,3.6,3.5,0.58309518948453,3.516975
90600,Headhunters (Hodejegerne) (2011),5,3.6,3.5,0.3741657386773941,3.516975
242,Farinelli: il castrato (1994),5,3.6,4.0,0.7999999999999999,3.516975
4304,Startup.com (2001),5,3.6,4.0,0.48989794855663554,3.516975
6777,Judgment at Nuremberg (1961),5,3.6,3.5,0.58309518948453,3.516975
42728,Tristan & Isolde (2006),5,3.6,3.5,0.8602325267042626,3.516975
71106,Frequently Asked Questions About Time Travel (2009),5,3.6,4.0,0.7348469228349535,3.516975
30812,"Aviator, The (2004)",35,3.5285714285714285,4.0,0.8275856204548707,3.516825806451613
85780,Family Guy Presents: It's a Trap (2010),6,3.5833333333333335,3.5,0.8858454843945541,3.5164606060606065
91128,"Rum Diary, The (2011)",6,3.5833333333333335,3.5,0.6718548123582124,3.5164606060606065
1082,"Candidate, The (1972)",6,3.5833333333333335,3.5,0.44876373392787533,3.5164606060606065
7460,Coffee and Cigarettes (2003),6,3.5833333333333335,3.5,0.3435921354681384,3.5164606060606065
127198,Dope (2015),6,3.5833333333333335,3.5,0.6718548123582124,3.5164606060606065
3404,Titanic (1953),6,3.5833333333333335,4.0,1.7420454133639058,3.5164606060606065
162350,The Magnificent Seven (2016),6,3.5833333333333335,3.5,0.6066758241067098,3.5164606060606065
8968,After the Sunset (2004),6,3.5833333333333335,3.5,0.7861650943380504,3.5164606060606065
1365,Ridicule (1996),6,3.5833333333333335,3.5,0.4487637339278754,3.5164606060606065
69069,Fired Up (2009),6,3.5833333333333335,3.5,1.2047360245667467,3.5164606060606065
2907,Superstar (1999),7,3.5714285714285716,3.0,1.049781318335648,3.5159764705882353
8633,"Last Starfighter, The (1984)",7,3.5714285714285716,3.5,0.8206518066482897,3.5159764705882353
36527,Proof (2005),7,3.5714285714285716,3.5,0.5624291338579865,3.5159764705882353
48322,Jackass Number Two (2006),7,3.5714285714285716,3.5,1.2657175104763823,3.5159764705882353
4713,Altered States (1980),7,3.5714285714285716,4.0,1.0151907431108496,3.5159764705882353
34534,Four Brothers (2005),7,3.5714285714285716,3.5,0.4948716593053935,3.5159764705882353
78637,Shrek Forever After (a.k.a. Shrek: The Final Chapter) (2010),7,3.5714285714285716,3.5,1.1473127431577863,3.5159764705882353
7028,Quick Change (1990),7,3.5714285714285716,4.0,0.6776309271789385,3.5159764705882353
62644,"Wave, The (Welle, Die) (2008)",7,3.5714285714285716,4.0,0.5624291338579865,3.5159764705882353
1951,Oliver! (1968),7,3.5714285714285716,4.0,0.9035079029052513,3.5159764705882353
3102,Jagged Edge (1985),7,3.5714285714285716,3.5,0.5624291338579865,3.5159764705882353
52319,Inglorious Bastards (Quel maledetto treno blindato) (1978),7,3.5714285714285716,4.0,1.3477115902938006,3.5159764705882353
5508,24 Hour Party People (2002),7,3.5714285714285716,4.0,0.4948716593053935,3.5159764705882353
357,Four Weddings and a Funeral (1994),103,3.5194174757281553,4.0,1.1080515788726497,3.5157169230769227
4090,"Brave Little Toaster, The (1987)",8,3.5625,3.0,0.8076779989575054,3.5155200000000004
51080,Breach (2007),8,3.5625,4.0,1.0135796712641783,3.5155200000000004
55280,Lars and the Real Girl (2007),8,3.5625,4.0,1.2358574958303241,3.5155200000000004
90647,Puss in Boots (2011),8,3.5625,3.5,0.9164298936634487,3.5155200000000004
161582,Hell or High Water (2016),8,3.5625,4.0,1.2358574958303243,3.5155200000000004
39381,"Proposition, The (2005)",8,3.5625,3.5,0.5266343608235224,3.5155200000000004
2048,"Great Mouse Detective, The (1986)",8,3.5625,3.5,0.6343057228182638,3.5155200000000004
3950,Tigerland (2000),8,3.5625,3.5,0.6343057228182636,3.5155200000000004
2457,Running Scared (1986),8,3.5625,3.0,0.9164298936634487,3.5155200000000004
4052,Antitrust (2001),8,3.5625,3.5,0.7680128579652817,3.5155200000000004
289,Only You (1994),8,3.5625,3.0,1.0439558180306292,3.5155200000000004
8937,Friday Night Lights (2004),8,3.5625,3.5,0.582961190818051,3.5155200000000004
3512,Return to Me (2000),8,3.5625,3.0,0.582961190818051,3.5155200000000004
5882,Treasure Planet (2002),8,3.5625,3.5,0.8454843286542927,3.5155200000000004
140174,Room (2015),8,3.5625,3.5,0.9164298936634487,3.5155200000000004
3301,"Whole Nine Yards, The (2000)",42,3.5238095238095237,3.5,0.830607787738686,3.51511884057971
6890,Elephant (2003),9,3.5555555555555554,3.5,0.6849348892187752,3.5150888888888887
4280,"World According to Garp, The (1982)",9,3.5555555555555554,4.0,0.6849348892187752,3.5150888888888887
2183,"Man Who Knew Too Much, The (1956)",9,3.5555555555555554,3.5,0.8314794192830982,3.5150888888888887
5955,Antwone Fisher (2002),9,3.5555555555555554,3.5,0.5983516452371672,3.5150888888888887
7669,Pride and Prejudice (1995),9,3.5555555555555554,4.0,1.4989708403591155,3.5150888888888887
2278,Ronin (1998),43,3.5232558139534884,3.5,0.9702162811629373,3.5149028571428573
3067,Women on the Verge of a Nervous Breakdown (Mujeres al borde de un ataque de nervios) (1988),10,3.55,4.0,1.1280514172678477,3.514681081081081
68135,17 Again (2009),10,3.55,3.5,0.5220153254455275,3.514681081081081
102481,"Internship, The (2013)",10,3.55,4.0,1.0828203913853858,3.514681081081081
322,Swimming with Sharks (1995),10,3.55,3.5,1.0111874208078342,3.514681081081081
37830,Final Fantasy VII: Advent Children (2004),10,3.55,4.0,0.9340770846134702,3.514681081081081
7137,"Cooler, The (2003)",10,3.55,3.5,0.4716990566028302,3.514681081081081
78209,Get Him to the Greek (2010),10,3.55,3.5,0.8789197915623472,3.514681081081081
40732,"Descent, The (2005)",11,3.5454545454545454,3.5,0.655554777357089,3.514294736842105
52287,Meet the Robinsons (2007),11,3.5454545454545454,3.5,0.6555547773570889,3.514294736842105
5650,Strange Brew (1983),11,3.5454545454545454,3.0,1.0325287901455042,3.514294736842105
63876,Milk (2008),11,3.5454545454545454,3.5,0.8381404052084441,3.514294736842105
139644,Sicario (2015),11,3.5454545454545454,3.5,0.6893523130955955,3.514294736842105
3189,My Dog Skip (1999),11,3.5454545454545454,3.5,0.5416534221733175,3.514294736842105
300,Quiz Show (1994),81,3.5185185185185186,3.5,0.8405041272526086,3.514288888888889
4014,Chocolat (2000),47,3.521276595744681,3.5,1.0156092753074573,3.514097297297297
3618,Small Time Crooks (2000),12,3.5416666666666665,3.0,0.8528953954357799,3.513928205128205
59501,"Chronicles of Narnia: Prince Caspian, The (2008)",12,3.5416666666666665,3.5,0.5187458165828638,3.513928205128205
1081,Victor/Victoria (1982),12,3.5416666666666665,4.0,0.923271658590014,3.513928205128205
2952,Sydney (Hard Eight) (1996),12,3.5416666666666665,4.0,0.5574620066774855,3.513928205128205
5464,Road to Perdition (2002),49,3.520408163265306,4.0,0.8687263940323577,3.5137263157894734
55052,Atonement (2007),13,3.5384615384615383,3.5,0.8871201995900612,3.51358
892,Twelfth Night (1996),13,3.5384615384615383,3.5,0.6032456592830047,3.51358
4008,Born on the Fourth of July (1989),13,3.5384615384615383,3.5,0.5704768066996664,3.51358
986,Fly Away Home (1996),13,3.5384615384615383,3.5,0.6639490962166178,3.51358
177765,Coco (2017),13,3.5384615384615383,4.0,1.365249180715296,3.51358
4017,Pollock (2000),14,3.5357142857142856,3.0,0.6934459942481285,3.513248780487805
2355,"Bug's Life, A (1998)",92,3.516304347826087,3.5,0.882964026781268,3.5129680672268906
5956,Gangs of New York (2002),55,3.518181818181818,3.5,0.9768392273209843,3.512721951219512
3178,"Hurricane, The (1999)",16,3.53125,3.5,0.7799989983967932,3.5126325581395346
40583,Syriana (2005),16,3.53125,3.5,0.6724198372296879,3.5126325581395346
1348,"Nosferatu (Nosferatu, eine Symphonie des Grauens) (1922)",16,3.53125,4.0,0.7597028613214512,3.5126325581395346
1302,Field of Dreams (1989),56,3.517857142857143,3.5,1.109875659518595,3.5125686746987945
71264,Cloudy with a Chance of Meatballs (2009),17,3.5294117647058822,4.0,0.8988651052903602,3.5123454545454544
3020,Falling Down (1993),17,3.5294117647058822,4.0,1.0213973737756081,3.5123454545454544
7160,Monster (2003),17,3.5294117647058822,3.5,0.8655258217389505,3.5123454545454544
67087,"I Love You, Man (2009)",17,3.5294117647058822,3.5,0.6294392517362557,3.5123454545454544
2841,Stir of Echoes (1999),18,3.5277777777777777,4.0,0.8411668849848178,3.512071111111111
62434,Zack and Miri Make a Porno (2008),21,3.5238095238095237,3.5,0.8518354199999199,3.5113166666666666
8983,House of Flying Daggers (Shi mian mai fu) (2004),25,3.52,3.5,0.6241794613730894,3.510446153846154
5574,"Transporter, The (2002)",26,3.519230769230769,3.5,0.7903354841551739,3.510249056603773
122892,Avengers: Age of Ultron (2015),27,3.5185185185185186,3.5,1.049527949281834,3.5100592592592594
3256,Patriot Games (1992),31,3.5161290322580645,4.0,0.8374680635965915,3.5093655172413794
86332,Thor (2011),34,3.514705882352941,3.5,0.8268054586394469,3.508904918032787
3034,Robin Hood (1973),36,3.513888888888889,3.0,0.8857365979723625,3.508622222222222
6188,Old School (2003),39,3.5128205128205128,3.5,0.9967072679782979,3.5082303030303033
4223,Enemy at the Gates (2001),40,3.5125,4.0,0.8978272383927768,3.508107462686567
77561,Iron Man 2 (2010),47,3.5106382978723403,3.5,0.7888138260390055,3.50734054054054
8464,Super Size Me (2004),50,3.51,3.5,0.9353608929178087,3.507054545454545
4816,Zoolander (2001),54,3.509259259259259,3.5,0.997639532340384,3.5067061728395057
70,From Dusk Till Dawn (1996),55,3.5090909090909093,4.0,1.0067540509023365,3.5066243902439025
34162,Wedding Crashers (2005),58,3.5086206896551726,3.5,0.762772728559436,3.5063905882352944
45722,Pirates of the Caribbean: Dead Man's Chest (2006),72,3.5069444444444446,3.5,0.8916785651681031,3.5054868686868685
2011,Back to the Future Part II (1989),87,3.5057471264367814,3.5,1.0213081899277914,3.504764912280702
929,Foreign Correspondent (1940),1,3.5,3.5,0.0,3.501542857142857
2697,My Son the Fanatic (1997),1,3.5,3.5,0.0,3.501542857142857
2765,"Acid House, The (1998)",1,3.5,3.5,0.0,3.501542857142857
4064,Coffy (1973),1,3.5,3.5,0.0,3.501542857142857
4143,Valentine (2001),1,3.5,3.5,0.0,3.501542857142857
5372,Calamity Jane (1953),1,3.5,3.5,0.0,3.501542857142857
5975,War and Peace (1956),1,3.5,3.5,0.0,3.501542857142857
6202,Late Marriage (Hatuna Meuheret) (2001),1,3.5,3.5,0.0,3.501542857142857
6344,101 Reykjavik (101 Reykjavík) (2000),1,3.5,3.5,0.0,3.501542857142857
6390,Silk Stockings (1957),1,3.5,3.5,0.0,3.501542857142857
6654,Atragon (Kaitei Gunkan) (1963),1,3.5,3.5,0.0,3.501542857142857
6836,"Amazing Transparent Man, The (1960)",1,3.5,3.5,0.0,3.501542857142857
6990,The Great Train Robbery (1978),1,3.5,3.5,0.0,3.501542857142857
7302,"Thief of Bagdad, The (1924)",1,3.5,3.5,0.0,3.501542857142857
7357,Peyton Place (1957),1,3.5,3.5,0.0,3.501542857142857
7702,"Bells of St. Mary's, The (1945)",1,3.5,3.5,0.0,3.501542857142857
8196,Beyond the Valley of the Dolls (1970),1,3.5,3.5,0.0,3.501542857142857
8232,I Love You Again (1940),1,3.5,3.5,0.0,3.501542857142857
8302,"Front Page, The (1931)",1,3.5,3.5,0.0,3.501542857142857
8335,Make Way for Tomorrow (1937),1,3.5,3.5,0.0,3.501542857142857
8336,"Major and the Minor, The (1942)",1,3.5,3.5,0.0,3.501542857142857
25797,Gold Diggers of 1933 (1933),1,3.5,3.5,0.0,3.501542857142857
26002,Confidential Report (1955),1,3.5,3.5,0.0,3.501542857142857
26695,"Krays, The (1990)",1,3.5,3.5,0.0,3.501542857142857
27255,"Wind Will Carry Us, The (Bad ma ra khahad bord) (1999)",1,3.5,3.5,0.0,3.501542857142857
31297,Gold Diggers of 1935 (1935),1,3.5,3.5,0.0,3.501542857142857
31664,Gorgeous (Boh lee chun) (1999),1,3.5,3.5,0.0,3.501542857142857
32906,"Ascent, The (Voskhozhdeniye) (1977)",1,3.5,3.5,0.0,3.501542857142857
33838,Rize (2005),1,3.5,3.5,0.0,3.501542857142857
42602,"Boys of Baraka, The (2005)",1,3.5,3.5,0.0,3.501542857142857
50514,After the Wedding (Efter brylluppet) (2006),1,3.5,3.5,0.0,3.501542857142857
53921,"Mighty Heart, A (2007)",1,3.5,3.5,0.0,3.501542857142857
54787,Death Sentence (2007),1,3.5,3.5,0.0,3.501542857142857
58879,Shine a Light (2008),1,3.5,3.5,0.0,3.501542857142857
64010,"Children, The (2008)",1,3.5,3.5,0.0,3.501542857142857
65037,Ben X (2007),1,3.5,3.5,0.0,3.501542857142857
73501,Pekka ja Pätkä Suezilla (1958),1,3.5,3.5,0.0,3.501542857142857
83374,"Warrior's Way, The (2010)",1,3.5,3.5,0.0,3.501542857142857
83480,Season of the Witch (2011),1,3.5,3.5,0.0,3.501542857142857
86014,Diary of a Wimpy Kid: Rodrick Rules (2011),1,3.5,3.5,0.0,3.501542857142857
88179,One Day (2011),1,3.5,3.5,0.0,3.501542857142857
93819,Absentia (2011),1,3.5,3.5,0.0,3.501542857142857
94799,Sound of My Voice (2011),1,3.5,3.5,0.0,3.501542857142857
98633,My Lucky Stars (Fuk sing go jiu) (1985),1,3.5,3.5,0.0,3.501542857142857
100843,Oh Boy (A Coffee in Berlin) (2012),1,3.5,3.5,0.0,3.501542857142857
111844,Bad Asses (Bad Ass 2) (2014),1,3.5,3.5,0.0,3.501542857142857
128542,Wyrmwood (2015),1,3.5,3.5,0.0,3.501542857142857
130052,Clown (2014),1,3.5,3.5,0.0,3.501542857142857
134859,The Wolfpack (2015),1,3.5,3.5,0.0,3.501542857142857
135803,Five Element Ninjas (1982),1,3.5,3.5,0.0,3.501542857142857
139747,Before We Go (2014),1,3.5,3.5,0.0,3.501542857142857
152284,War and Peace (2016),1,3.5,3.5,0.0,3.501542857142857
152372,Southbound (2016),1,3.5,3.5,0.0,3.501542857142857
163981,31 (2016),1,3.5,3.5,0.0,3.501542857142857
174141,Belladonna of Sadness (1973),1,3.5,3.5,0.0,3.501542857142857
182793,The Purple Sea (2009),1,3.5,3.5,0.0,3.501542857142857
183197,Dave Chappelle: Equanimity (2017),1,3.5,3.5,0.0,3.501542857142857
193585,Flint (2017),1,3.5,3.5,0.0,3.501542857142857
773,Touki Bouki (1973),1,3.5,3.5,0.0,3.501542857142857
1156,"Children Are Watching Us, The (Bambini ci guardano, I) (1944)",1,3.5,3.5,0.0,3.501542857142857
4496,D.O.A. (1988),1,3.5,3.5,0.0,3.501542857142857
4710,"Shootist, The (1976)",1,3.5,3.5,0.0,3.501542857142857
4772,Dinner Rush (2000),1,3.5,3.5,0.0,3.501542857142857
5584,Ernest Goes to Jail (1990),1,3.5,3.5,0.0,3.501542857142857
5663,Below (2002),1,3.5,3.5,0.0,3.501542857142857
6020,Alice Adams (1935),1,3.5,3.5,0.0,3.501542857142857
6678,"Handmaid's Tale, The (1990)",1,3.5,3.5,0.0,3.501542857142857
6912,You'll Never Get Rich (1941),1,3.5,3.5,0.0,3.501542857142857
7057,"Midsummer Night's Dream, A (1935)",1,3.5,3.5,0.0,3.501542857142857
7086,Pygmalion (1938),1,3.5,3.5,0.0,3.501542857142857
7772,Undercurrent (1946),1,3.5,3.5,0.0,3.501542857142857
8126,Shock Corridor (1963),1,3.5,3.5,0.0,3.501542857142857
8131,Pursuit of Happiness (2001),1,3.5,3.5,0.0,3.501542857142857
8518,Anna Christie (1930),1,3.5,3.5,0.0,3.501542857142857
8591,"Philadelphia Experiment, The (1984)",1,3.5,3.5,0.0,3.501542857142857
8611,"Farmer's Daughter, The (1947)",1,3.5,3.5,0.0,3.501542857142857
26317,Emmanuelle (1974),1,3.5,3.5,0.0,3.501542857142857
26523,"Silent Night, Deadly Night (1984)",1,3.5,3.5,0.0,3.501542857142857
32632,Electra Glide in Blue (1973),1,3.5,3.5,0.0,3.501542857142857
32799,Maidens in Uniform (Mädchen in Uniform) (1931),1,3.5,3.5,0.0,3.501542857142857
50942,"Wake Up, Ron Burgundy (2004)",1,3.5,3.5,0.0,3.501542857142857
52299,American Hardcore (2006),1,3.5,3.5,0.0,3.501542857142857
57637,"Signal, The (2007)",1,3.5,3.5,0.0,3.501542857142857
61210,Mutant Chronicles (2008),1,3.5,3.5,0.0,3.501542857142857
62299,Alone in the Dark II (2008),1,3.5,3.5,0.0,3.501542857142857
70334,Hannah Montana: The Movie (2009),1,3.5,3.5,0.0,3.501542857142857
71468,Ink (2009),1,3.5,3.5,0.0,3.501542857142857
76743,Mortadelo & Filemon: The Big Adventure (La gran aventura de Mortadelo y Filemón) (2003),1,3.5,3.5,0.0,3.501542857142857
77881,Lovers & Leavers (Kuutamolla) (2002),1,3.5,3.5,0.0,3.501542857142857
81257,In a Better World (Hævnen) (2010),1,3.5,3.5,0.0,3.501542857142857
86815,Soul Surfer (2011),1,3.5,3.5,0.0,3.501542857142857
89208,Walled In (2009),1,3.5,3.5,0.0,3.501542857142857
93134,"Women on the 6th Floor, The (Les Femmes du 6ème Étage) (2010)",1,3.5,3.5,0.0,3.501542857142857
95163,Dragon Ball: Mystical Adventure (Doragon bôru: Makafushigi dai bôken) (1988),1,3.5,3.5,0.0,3.501542857142857
95218,First Position (2011),1,3.5,3.5,0.0,3.501542857142857
97285,Take Aim at the Police Van (Sono gosôsha wo nerae: 'Jûsangô taihisen' yori) (1960),1,3.5,3.5,0.0,3.501542857142857
99750,"Iceman, The (2012)",1,3.5,3.5,0.0,3.501542857142857
112454,Honey (Miele) (2013),1,3.5,3.5,0.0,3.501542857142857
114670,Tusk (2014),1,3.5,3.5,0.0,3.501542857142857
118784,Good Copy Bad Copy (2007),1,3.5,3.5,0.0,3.501542857142857
125970,Halloweentown (1998),1,3.5,3.5,0.0,3.501542857142857
127134,A Walk in the Woods (2015),1,3.5,3.5,0.0,3.501542857142857
128838,Crimson Peak (2015),1,3.5,3.5,0.0,3.501542857142857
132454,Girltrash: All Night Long (2014),1,3.5,3.5,0.0,3.501542857142857
133832,The Green Inferno (2014),1,3.5,3.5,0.0,3.501542857142857
135534,Krampus (2015),1,3.5,3.5,0.0,3.501542857142857
138396,There Will Come a Day (2013),1,3.5,3.5,0.0,3.501542857142857
151781,Ghost in the Shell: Solid State Society (2006),1,3.5,3.5,0.0,3.501542857142857
158035,Gintama: The Final Chapter - Be Forever Yorozuya (2013),1,3.5,3.5,0.0,3.501542857142857
158842,My Scientology Movie (2016),1,3.5,3.5,0.0,3.501542857142857
164540,Amanda Knox (2016),1,3.5,3.5,0.0,3.501542857142857
171891,Generation Iron 2,1,3.5,3.5,0.0,3.501542857142857
174815,The House (2017),1,3.5,3.5,0.0,3.501542857142857
178615,Front Cover (2016),1,3.5,3.5,0.0,3.501542857142857
179953,A Bad Moms Christmas (2017),1,3.5,3.5,0.0,3.501542857142857
1928,Cimarron (1931),1,3.5,3.5,0.0,3.501542857142857
2180,Torn Curtain (1966),1,3.5,3.5,0.0,3.501542857142857
4804,Pocketful of Miracles (1961),1,3.5,3.5,0.0,3.501542857142857
5116,Designing Woman (1957),1,3.5,3.5,0.0,3.501542857142857
5615,Invincible (2001),1,3.5,3.5,0.0,3.501542857142857
5767,Teddy Bear (Mis) (1981),1,3.5,3.5,0.0,3.501542857142857
6289,Ghosts of the Abyss (2003),1,3.5,3.5,0.0,3.501542857142857
6506,Fulltime Killer (Chuen jik sat sau) (2001),1,3.5,3.5,0.0,3.501542857142857
6542,"Cuckoo, The (Kukushka) (2002)",1,3.5,3.5,0.0,3.501542857142857
6660,"Red Shoes, The (1948)",1,3.5,3.5,0.0,3.501542857142857
6752,"Fighting Temptations, The (2003)",1,3.5,3.5,0.0,3.501542857142857
6911,"Jolson Story, The (1946)",1,3.5,3.5,0.0,3.501542857142857
7103,Madhouse (1990),1,3.5,3.5,0.0,3.501542857142857
7127,Run (1991),1,3.5,3.5,0.0,3.501542857142857
7176,Crimson Gold (Talaye sorgh) (2003),1,3.5,3.5,0.0,3.501542857142857
7211,People Will Talk (1951),1,3.5,3.5,0.0,3.501542857142857
7248,"Suriyothai (a.k.a. Legend of Suriyothai, The) (2001)",1,3.5,3.5,0.0,3.501542857142857
7260,Latter Days (2003),1,3.5,3.5,0.0,3.501542857142857
7344,"Wrong Arm of the Law, The (1963)",1,3.5,3.5,0.0,3.501542857142857
7443,This So-Called Disaster (2003),1,3.5,3.5,0.0,3.501542857142857
7457,Breakin' All the Rules (2004),1,3.5,3.5,0.0,3.501542857142857
7786,Genghis Blues (1999),1,3.5,3.5,0.0,3.501542857142857
7832,"Thin Man Goes Home, The (1945)",1,3.5,3.5,0.0,3.501542857142857
7879,Notorious C.H.O. (2002),1,3.5,3.5,0.0,3.501542857142857
8143,Lola Montès (1955),1,3.5,3.5,0.0,3.501542857142857
8264,Grey Gardens (1975),1,3.5,3.5,0.0,3.501542857142857
8753,Unprecedented: The 2000 Presidential Election (2002),1,3.5,3.5,0.0,3.501542857142857
25795,Dinner at Eight (1933),1,3.5,3.5,0.0,3.501542857142857
26958,Emma (1996),1,3.5,3.5,0.0,3.501542857142857
27905,Casshern (2004),1,3.5,3.5,0.0,3.501542857142857
31309,Rocco and His Brothers (Rocco e i suoi fratelli) (1960),1,3.5,3.5,0.0,3.501542857142857
31973,Germany Year Zero (Germania anno zero) (Deutschland im Jahre Null) (1948),1,3.5,3.5,0.0,3.501542857142857
44301,Lights in the Dusk (Laitakaupungin valot) (2006),1,3.5,3.5,0.0,3.501542857142857
44511,Unknown White Male (2005),1,3.5,3.5,0.0,3.501542857142857
66310,Frontière(s) (2007),1,3.5,3.5,0.0,3.501542857142857
69746,Watchmen: Tales of the Black Freighter (2009),1,3.5,3.5,0.0,3.501542857142857
76763,"Runaways, The (2010)",1,3.5,3.5,0.0,3.501542857142857
78116,Please Give (2010),1,3.5,3.5,0.0,3.501542857142857
79677,"Two Escobars, The (2010)",1,3.5,3.5,0.0,3.501542857142857
82765,Little Big Soldier (Da bing xiao jiang) (2010),1,3.5,3.5,0.0,3.501542857142857
82848,One Week (1920),1,3.5,3.5,0.0,3.501542857142857
90357,Tyrannosaur (2011),1,3.5,3.5,0.0,3.501542857142857
90524,Abduction (2011),1,3.5,3.5,0.0,3.501542857142857
91261,Hipsters (Stilyagi) (2008),1,3.5,3.5,0.0,3.501542857142857
95145,Dragon Ball: The Curse Of The Blood Rubies (Doragon bôru: Shenron no densetsu) (1986),1,3.5,3.5,0.0,3.501542857142857
102747,"Rink, The (1916)",1,3.5,3.5,0.0,3.501542857142857
111817,Jimi: All Is by My Side (2013),1,3.5,3.5,0.0,3.501542857142857
115111,Ward 13 (2003),1,3.5,3.5,0.0,3.501542857142857
119167,Paradox (2010),1,3.5,3.5,0.0,3.501542857142857
121342,Carry on Cruising (1962),1,3.5,3.5,0.0,3.501542857142857
136471,Kevin Hart: Laugh at My Pain (2011),1,3.5,3.5,0.0,3.501542857142857
145491,Our Lips Are Sealed (2000),1,3.5,3.5,0.0,3.501542857142857
148667,John Mulaney: The Comeback Kid (2015),1,3.5,3.5,0.0,3.501542857142857
155774,Neon Bull (2015),1,3.5,3.5,0.0,3.501542857142857
164280,Endless Poetry (2016),1,3.5,3.5,0.0,3.501542857142857
167732,A Street Cat Named Bob (2016),1,3.5,3.5,0.0,3.501542857142857
172881,Final Flight of the Osiris (2003),1,3.5,3.5,0.0,3.501542857142857
181315,Phantom Thread (2017),1,3.5,3.5,0.0,3.501542857142857
190183,The Darkest Minds (2018),1,3.5,3.5,0.0,3.501542857142857
193565,Gintama: The Movie (2010),1,3.5,3.5,0.0,3.501542857142857
573,"Ciao, Professore! (Io speriamo che me la cavo) (1992)",1,3.5,3.5,0.0,3.501542857142857
1675,Incognito (1997),1,3.5,3.5,0.0,3.501542857142857
2992,Rawhead Rex (1986),1,3.5,3.5,0.0,3.501542857142857
4218,River's Edge (1986),1,3.5,3.5,0.0,3.501542857142857
4877,Better Than Sex (2000),1,3.5,3.5,0.0,3.501542857142857
5231,Road to Morocco (1942),1,3.5,3.5,0.0,3.501542857142857
5550,Love Me Tender (1956),1,3.5,3.5,0.0,3.501542857142857
5602,"Ladykillers, The (1955)",1,3.5,3.5,0.0,3.501542857142857
6273,In a Lonely Place (1950),1,3.5,3.5,0.0,3.501542857142857
6609,"Gospel According to St. Matthew, The (Vangelo secondo Matteo, Il) (1964)",1,3.5,3.5,0.0,3.501542857142857
6962,OT: Our Town (2002),1,3.5,3.5,0.0,3.501542857142857
6965,Journeys with George (2002),1,3.5,3.5,0.0,3.501542857142857
7326,"Reckoning, The (2004)",1,3.5,3.5,0.0,3.501542857142857
7328,"Passion of Anna, The (Passion, En) (1969)",1,3.5,3.5,0.0,3.501542857142857
7377,"United States of Leland, The (2003)",1,3.5,3.5,0.0,3.501542857142857
7835,Song of the Thin Man (1947),1,3.5,3.5,0.0,3.501542857142857
8458,To Each His Own (1946),1,3.5,3.5,0.0,3.501542857142857
8684,"Man Escaped, A (Un  condamné à mort s'est échappé ou Le vent souffle où il veut) (1956)",1,3.5,3.5,0.0,3.501542857142857
8952,Falling Angels (2003),1,3.5,3.5,0.0,3.501542857142857
26399,Five Deadly Venoms (1978),1,3.5,3.5,0.0,3.501542857142857
26861,Freaked (1993),1,3.5,3.5,0.0,3.501542857142857
27537,Nothing (2003),1,3.5,3.5,0.0,3.501542857142857
27644,Remember Me (Ricordati di me) (2003),1,3.5,3.5,0.0,3.501542857142857
31260,Boys Town (1938),1,3.5,3.5,0.0,3.501542857142857
32243,Stealing Rembrandt (Rembrandt) (2003),1,3.5,3.5,0.0,3.501542857142857
33435,Los Angeles Plays Itself (2003),1,3.5,3.5,0.0,3.501542857142857
38992,Two for the Money (2005),1,3.5,3.5,0.0,3.501542857142857
47446,"Moustache, La (2005)",1,3.5,3.5,0.0,3.501542857142857
49735,Another Gay Movie (2006),1,3.5,3.5,0.0,3.501542857142857
58975,"Ruins, The (2008)",1,3.5,3.5,0.0,3.501542857142857
59220,Outsourced (2006),1,3.5,3.5,0.0,3.501542857142857
60538,Shrooms (2007),1,3.5,3.5,0.0,3.501542857142857
63033,Blindness (2008),1,3.5,3.5,0.0,3.501542857142857
69953,9to5: Days in Porn (a.k.a. 9 to 5: Days in Porn) (2008),1,3.5,3.5,0.0,3.501542857142857
70697,G-Force (2009),1,3.5,3.5,0.0,3.501542857142857
73515,Bart Got a Room (2008),1,3.5,3.5,0.0,3.501542857142857
77233,"Union: The Business Behind Getting High, The (2007)",1,3.5,3.5,0.0,3.501542857142857
79946,"Joneses, The (2009)",1,3.5,3.5,0.0,3.501542857142857
80553,Howl (2010),1,3.5,3.5,0.0,3.501542857142857
82152,Beastly (2011),1,3.5,3.5,0.0,3.501542857142857
90243,Three Outlaw Samurai (Sanbiki no samurai) (1964),1,3.5,3.5,0.0,3.501542857142857
94867,"Pact, The (2012)",1,3.5,3.5,0.0,3.501542857142857
100068,Comme un chef (2012),1,3.5,3.5,0.0,3.501542857142857
100106,"Pervert's Guide to Ideology, The (2012)",1,3.5,3.5,0.0,3.501542857142857
103219,Maniac (2012),1,3.5,3.5,0.0,3.501542857142857
113313,"Den, The (2013)",1,3.5,3.5,0.0,3.501542857142857
113705,"Two Days, One Night (Deux jours, une nuit) (2014)",1,3.5,3.5,0.0,3.501542857142857
121169,The Duke of Burgundy (2014),1,3.5,3.5,0.0,3.501542857142857
127172,A Story of Children and Film (2013),1,3.5,3.5,0.0,3.501542857142857
128736,I'm Here (2010),1,3.5,3.5,0.0,3.501542857142857
136840,Da geht noch was! (2013),1,3.5,3.5,0.0,3.501542857142857
153070,Rabbits (2002),1,3.5,3.5,0.0,3.501542857142857
170939,Captain Underpants: The First Epic Movie (2017),1,3.5,3.5,0.0,3.501542857142857
173253,Vir Das: Abroad Understanding (2017),1,3.5,3.5,0.0,3.501542857142857
176051,LEGO DC Super Hero Girls: Brain Drain (2017),1,3.5,3.5,0.0,3.501542857142857
823,"Collector, The (La collectionneuse) (1967)",1,3.5,3.5,0.0,3.501542857142857
1412,Some Mother's Son (1996),1,3.5,3.5,0.0,3.501542857142857
1493,Love and Other Catastrophes (1996),1,3.5,3.5,0.0,3.501542857142857
1546,Schizopolis (1996),1,3.5,3.5,0.0,3.501542857142857
2589,Friends & Lovers (1999),1,3.5,3.5,0.0,3.501542857142857
2757,Frances (1982),1,3.5,3.5,0.0,3.501542857142857
3739,Trouble in Paradise (1932),1,3.5,3.5,0.0,3.501542857142857
4687,Billy Liar (1963),1,3.5,3.5,0.0,3.501542857142857
4798,Indiscreet (1958),1,3.5,3.5,0.0,3.501542857142857
4871,Focus (2001),1,3.5,3.5,0.0,3.501542857142857
4964,Baran (2001),1,3.5,3.5,0.0,3.501542857142857
6090,Kiss Me Goodbye (1982),1,3.5,3.5,0.0,3.501542857142857
6667,Waco: The Rules of Engagement (1997),1,3.5,3.5,0.0,3.501542857142857
7243,Intolerance: Love's Struggle Throughout the Ages (1916),1,3.5,3.5,0.0,3.501542857142857
7716,"Lonely Guy, The (1984)",1,3.5,3.5,0.0,3.501542857142857
7831,Another Thin Man (1939),1,3.5,3.5,0.0,3.501542857142857
7839,Love Crazy (1941),1,3.5,3.5,0.0,3.501542857142857
8410,Suddenly (1954),1,3.5,3.5,0.0,3.501542857142857
8459,"Heiress, The (1949)",1,3.5,3.5,0.0,3.501542857142857
8685,"Miracle of Marcelino, The (Marcelino pan y vino) (1955)",1,3.5,3.5,0.0,3.501542857142857
8920,"Country Girl, The (1954)",1,3.5,3.5,0.0,3.501542857142857
8921,"Rose Tattoo, The (1955)",1,3.5,3.5,0.0,3.501542857142857
8989,Damn Yankees! (1958),1,3.5,3.5,0.0,3.501542857142857
25826,Libeled Lady (1936),1,3.5,3.5,0.0,3.501542857142857
26386,High Anxiety (1977),1,3.5,3.5,0.0,3.501542857142857
27002,From the Earth to the Moon (1998),1,3.5,3.5,0.0,3.501542857142857
27006,RKO 281 (1999),1,3.5,3.5,0.0,3.501542857142857
36931,New Police Story (Xin jing cha gu shi) (2004),1,3.5,3.5,0.0,3.501542857142857
42740,Looking for Comedy in the Muslim World (2005),1,3.5,3.5,0.0,3.501542857142857
43333,Water (2005),1,3.5,3.5,0.0,3.501542857142857
54796,2 Days in Paris (2007),1,3.5,3.5,0.0,3.501542857142857
56333,"Savages, The (2007)",1,3.5,3.5,0.0,3.501542857142857
58627,Never Back Down (2008),1,3.5,3.5,0.0,3.501542857142857
64278,"Pervert's Guide to Cinema, The (2006)",1,3.5,3.5,0.0,3.501542857142857
68444,"Great Buck Howard, The (2008)",1,3.5,3.5,0.0,3.501542857142857
70301,Obsessed (2009),1,3.5,3.5,0.0,3.501542857142857
71327,Bright Star (2009),1,3.5,3.5,0.0,3.501542857142857
71902,Spread (2009),1,3.5,3.5,0.0,3.501542857142857
72921,Snow White (1916),1,3.5,3.5,0.0,3.501542857142857
73499,MacGyver: Lost Treasure of Atlantis (1994),1,3.5,3.5,0.0,3.501542857142857
78034,Cemetery Junction (2010),1,3.5,3.5,0.0,3.501542857142857
82767,Rabbit Hole (2010),1,3.5,3.5,0.0,3.501542857142857
90630,Miss Representation (2011),1,3.5,3.5,0.0,3.501542857142857
91869,Being Elmo: A Puppeteer's Journey (2011),1,3.5,3.5,0.0,3.501542857142857
92094,Einstein and Eddington (2008),1,3.5,3.5,0.0,3.501542857142857
95949,"Immature, The (Immaturi) (2011)",1,3.5,3.5,0.0,3.501542857142857
96945,Love Lasts Three Years (L'amour dure trois ans) (2011),1,3.5,3.5,0.0,3.501542857142857
100397,"ABCs of Death, The (2012)",1,3.5,3.5,0.0,3.501542857142857
109383,"Oversimplification of Her Beauty, An (2012)",1,3.5,3.5,0.0,3.501542857142857
111551,Afflicted (2013),1,3.5,3.5,0.0,3.501542857142857
111732,"Dance of Reality, The (Danza de la realidad, La) (2013)",1,3.5,3.5,0.0,3.501542857142857
114044,Honeymoon (2014),1,3.5,3.5,0.0,3.501542857142857
117368,The Madagascar Penguins in a Christmas Caper (2005),1,3.5,3.5,0.0,3.501542857142857
128944,"Honey, We Shrunk Ourselves (1997)",1,3.5,3.5,0.0,3.501542857142857
132362,Patlabor 2: The Movie (1993),1,3.5,3.5,0.0,3.501542857142857
140523,"Visit, The (2015)",1,3.5,3.5,0.0,3.501542857142857
141799,Cooties (2015),1,3.5,3.5,0.0,3.501542857142857
148166,Hitchcock/Truffaut (2015),1,3.5,3.5,0.0,3.501542857142857
149011,He Never Died (2015),1,3.5,3.5,0.0,3.501542857142857
152065,Embrace of the Serpent (2016),1,3.5,3.5,0.0,3.501542857142857
162598,Deepwater Horizon (2016),1,3.5,3.5,0.0,3.501542857142857
166015,The African Doctor (2016),1,3.5,3.5,0.0,3.501542857142857
170827,The Mummy (2017),1,3.5,3.5,0.0,3.501542857142857
170945,It Comes at Night (2017),1,3.5,3.5,0.0,3.501542857142857
176415,Alles Inklusive (2014),1,3.5,3.5,0.0,3.501542857142857
179053,2048: Nowhere to Run (2017),1,3.5,3.5,0.0,3.501542857142857
183227,Dave Chappelle: The Bird Revelation (2017),1,3.5,3.5,0.0,3.501542857142857
1068,Crossfire (1947),1,3.5,3.5,0.0,3.501542857142857
3609,Regret to Inform (1998),1,3.5,3.5,0.0,3.501542857142857
4236,Keep the River on Your Right: A Modern Cannibal Tale (2000),1,3.5,3.5,0.0,3.501542857142857
4408,September (1987),1,3.5,3.5,0.0,3.501542857142857
4658,Santa Sangre (1989),1,3.5,3.5,0.0,3.501542857142857
4740,Maybe Baby (2000),1,3.5,3.5,0.0,3.501542857142857
4998,"Defiant Ones, The (1958)",1,3.5,3.5,0.0,3.501542857142857
5515,Songs From the Second Floor (Sånger från andra våningen) (2000),1,3.5,3.5,0.0,3.501542857142857
5847,Ragtime (1981),1,3.5,3.5,0.0,3.501542857142857
6400,Murder on a Sunday Morning (Un coupable idéal) (2001),1,3.5,3.5,0.0,3.501542857142857
6516,Anastasia (1956),1,3.5,3.5,0.0,3.501542857142857
6715,Children of the Night (1991),1,3.5,3.5,0.0,3.501542857142857
6803,Phenomena (a.k.a. Creepers) (1985),1,3.5,3.5,0.0,3.501542857142857
6899,Alien from L.A. (1988),1,3.5,3.5,0.0,3.501542857142857
7833,Shadow of the Thin Man (1941),1,3.5,3.5,0.0,3.501542857142857
7938,Winter Light (Nattvardsgästerna) (1963),1,3.5,3.5,0.0,3.501542857142857
8093,Shiri (Swiri) (1999),1,3.5,3.5,0.0,3.501542857142857
8188,Sansho the Bailiff (Sanshô dayû) (1954),1,3.5,3.5,0.0,3.501542857142857
8293,Used People (1992),1,3.5,3.5,0.0,3.501542857142857
8454,Luna Papa (1999),1,3.5,3.5,0.0,3.501542857142857
8571,Bob & Carol & Ted & Alice (1969),1,3.5,3.5,0.0,3.501542857142857
8667,A Home at the End of the World (2004),1,3.5,3.5,0.0,3.501542857142857
25870,Here Comes Mr. Jordan (1941),1,3.5,3.5,0.0,3.501542857142857
32314,Incident at Loch Ness (2004),1,3.5,3.5,0.0,3.501542857142857
32620,Not on the Lips (Pas sur la bouche) (2003),1,3.5,3.5,0.0,3.501542857142857
40966,"Libertine, The (2004)",1,3.5,3.5,0.0,3.501542857142857
47254,Chaos (2005),1,3.5,3.5,0.0,3.501542857142857
51694,Starter for 10 (2006),1,3.5,3.5,0.0,3.501542857142857
55844,Itty Bitty Titty Committee (2007),1,3.5,3.5,0.0,3.501542857142857
60046,"Children of Huang Shi, The (2008)",1,3.5,3.5,0.0,3.501542857142857
65882,"Uninvited, The (2009)",1,3.5,3.5,0.0,3.501542857142857
66240,Dead Like Me: Life After Death (2009),1,3.5,3.5,0.0,3.501542857142857
68835,Were the World Mine (2008),1,3.5,3.5,0.0,3.501542857142857
85316,Winnie the Pooh and Tigger Too (1974),1,3.5,3.5,0.0,3.501542857142857
89862,Bellflower (2011),1,3.5,3.5,0.0,3.501542857142857
90528,This Must Be the Place (2011),1,3.5,3.5,0.0,3.501542857142857
98061,Himizu (2011),1,3.5,3.5,0.0,3.501542857142857
98230,10 Years (2011),1,3.5,3.5,0.0,3.501542857142857
107846,MacGyver: Trail to Doomsday (1994),1,3.5,3.5,0.0,3.501542857142857
113207,Get on Up (2014),1,3.5,3.5,0.0,3.501542857142857
114184,Camp X-Ray (2014),1,3.5,3.5,0.0,3.501542857142857
116738,DeadHeads (2011),1,3.5,3.5,0.0,3.501542857142857
118082,The Voices (2014),1,3.5,3.5,0.0,3.501542857142857
118166,Courier (1987),1,3.5,3.5,0.0,3.501542857142857
128832,The Last Five Years (2014),1,3.5,3.5,0.0,3.501542857142857
129011,Eddie Izzard: Glorious (1997),1,3.5,3.5,0.0,3.501542857142857
130498,La vérité si je mens ! (1997),1,3.5,3.5,0.0,3.501542857142857
134019,The Monkey King (1964),1,3.5,3.5,0.0,3.501542857142857
162082,Train to Busan (2016),1,3.5,3.5,0.0,3.501542857142857
193583,No Game No Life: Zero (2017),1,3.5,3.5,0.0,3.501542857142857
875,Nothing to Lose (1994),1,3.5,3.5,0.0,3.501542857142857
970,Beat the Devil (1953),1,3.5,3.5,0.0,3.501542857142857
1654,FairyTale: A True Story (1997),1,3.5,3.5,0.0,3.501542857142857
4671,Sweetie (1989),1,3.5,3.5,0.0,3.501542857142857
5198,"Long Good Friday, The (1980)",1,3.5,3.5,0.0,3.501542857142857
5990,Pinocchio (2002),1,3.5,3.5,0.0,3.501542857142857
6111,Paradise (1982),1,3.5,3.5,0.0,3.501542857142857
6125,"Secret Policeman's Other Ball, The (1982)",1,3.5,3.5,0.0,3.501542857142857
6234,Equus (1977),1,3.5,3.5,0.0,3.501542857142857
6454,Music Box (1989),1,3.5,3.5,0.0,3.501542857142857
6578,"Kiss Me, Stupid (1964)",1,3.5,3.5,0.0,3.501542857142857
6596,"Divorce, Le (2003)",1,3.5,3.5,0.0,3.501542857142857
6598,Step Into Liquid (2002),1,3.5,3.5,0.0,3.501542857142857
7181,Ship of Fools (1965),1,3.5,3.5,0.0,3.501542857142857
7190,Jane Eyre (1970),1,3.5,3.5,0.0,3.501542857142857
8275,College (1927),1,3.5,3.5,0.0,3.501542857142857
8512,Silent Movie (1976),1,3.5,3.5,0.0,3.501542857142857
8915,Stage Beauty (2004),1,3.5,3.5,0.0,3.501542857142857
25923,Great Expectations (1946),1,3.5,3.5,0.0,3.501542857142857
25940,"Lady from Shanghai, The (1947)",1,3.5,3.5,0.0,3.501542857142857
25999,The Wild One (1953),1,3.5,3.5,0.0,3.501542857142857
26472,"Norte, El (1984)",1,3.5,3.5,0.0,3.501542857142857
27829,Slasher (2004),1,3.5,3.5,0.0,3.501542857142857
27866,In My Father's Den (2004),1,3.5,3.5,0.0,3.501542857142857
31193,"Many Adventures of Winnie the Pooh, The (1977)",1,3.5,3.5,0.0,3.501542857142857
32294,Milk and Honey (2003),1,3.5,3.5,0.0,3.501542857142857
37495,Survive Style 5+ (2004),1,3.5,3.5,0.0,3.501542857142857
43549,Helter Skelter (2004),1,3.5,3.5,0.0,3.501542857142857
54617,"Brice Man, The (Brice de Nice) (2005)",1,3.5,3.5,0.0,3.501542857142857
55067,Requiem (2006),1,3.5,3.5,0.0,3.501542857142857
55555,"Edge of Heaven, The (Auf der anderen Seite) (2007)",1,3.5,3.5,0.0,3.501542857142857
59131,Are You Scared? (2006),1,3.5,3.5,0.0,3.501542857142857
59731,"Bigger, Stronger, Faster* (2008)",1,3.5,3.5,0.0,3.501542857142857
60471,Rogue (2007),1,3.5,3.5,0.0,3.501542857142857
69251,Special (2006),1,3.5,3.5,0.0,3.501542857142857
71494,"Haunted World of El Superbeasto, The (2009)",1,3.5,3.5,0.0,3.501542857142857
71640,Burma VJ: Reporting from a Closed Country (Burma VJ: Reporter i et lukket land) (2008),1,3.5,3.5,0.0,3.501542857142857
77266,Disgrace (2008),1,3.5,3.5,0.0,3.501542857142857
80864,You Will Meet a Tall Dark Stranger (2010),1,3.5,3.5,0.0,3.501542857142857
86279,Into Eternity (2010),1,3.5,3.5,0.0,3.501542857142857
89281,Birdemic: Shock and Terror (2010),1,3.5,3.5,0.0,3.501542857142857
99130,Ice Cream Man (1995),1,3.5,3.5,0.0,3.501542857142857
100306,Angst  (1983),1,3.5,3.5,0.0,3.501542857142857
109723,"Bag Man, The (2014)",1,3.5,3.5,0.0,3.501542857142857
113159,Life After Beth (2014),1,3.5,3.5,0.0,3.501542857142857
140737,The Lost Room (2006),1,3.5,3.5,0.0,3.501542857142857
158721,Gen-X Cops (1999),1,3.5,3.5,0.0,3.501542857142857
161594,Kingsglaive: Final Fantasy XV (2016),1,3.5,3.5,0.0,3.501542857142857
167790,The Good Boy (2016),1,3.5,3.5,0.0,3.501542857142857
175705,Themroc (1973),1,3.5,3.5,0.0,3.501542857142857
181719,Serving in Silence: The Margarethe Cammermeyer Story (1995),1,3.5,3.5,0.0,3.501542857142857
193579,Jon Stewart Has Left the Building (2015),1,3.5,3.5,0.0,3.501542857142857
193587,Bungo Stray Dogs: Dead Apple (2018),1,3.5,3.5,0.0,3.501542857142857
4282,Fellini Satyricon (1969),1,3.5,3.5,0.0,3.501542857142857
4783,"Endurance: Shackleton's Legendary Antarctic Expedition, The (2000)",1,3.5,3.5,0.0,3.501542857142857
5054,Brainstorm (1983),1,3.5,3.5,0.0,3.501542857142857
5580,Aspen Extreme (1993),1,3.5,3.5,0.0,3.501542857142857
5799,Exodus (1960),1,3.5,3.5,0.0,3.501542857142857
6358,Kiss Me Kate (1953),1,3.5,3.5,0.0,3.501542857142857
6395,"Crazies, The (a.k.a. Code Name: Trixie) (1973)",1,3.5,3.5,0.0,3.501542857142857
6453,Man of Aran (1934),1,3.5,3.5,0.0,3.501542857142857
6688,Autumn Spring (Babí léto) (2001),1,3.5,3.5,0.0,3.501542857142857
6949,"Big Empty, The (2003)",1,3.5,3.5,0.0,3.501542857142857
7058,Life with Father (1947),1,3.5,3.5,0.0,3.501542857142857
7177,Osama (2003),1,3.5,3.5,0.0,3.501542857142857
7896,Ride the High Country (1962),1,3.5,3.5,0.0,3.501542857142857
7920,Desperate Living (1977),1,3.5,3.5,0.0,3.501542857142857
7979,Monterey Pop (1968),1,3.5,3.5,0.0,3.501542857142857
8015,"Phantom Tollbooth, The (1970)",1,3.5,3.5,0.0,3.501542857142857
8094,Bad Day at Black Rock (1955),1,3.5,3.5,0.0,3.501542857142857
8461,Dragon Seed (1944),1,3.5,3.5,0.0,3.501542857142857
8534,Two Brothers (Deux frères) (2004),1,3.5,3.5,0.0,3.501542857142857
8831,Suspect Zero (2004),1,3.5,3.5,0.0,3.501542857142857
25905,"Miracle of Morgan's Creek, The (1944)",1,3.5,3.5,0.0,3.501542857142857
26694,Ju Dou (1990),1,3.5,3.5,0.0,3.501542857142857
31086,Battles Without Honor & Humanity (Jingi naki tatakai) (1973),1,3.5,3.5,0.0,3.501542857142857
34164,Happy Endings (2005),1,3.5,3.5,0.0,3.501542857142857
46559,"Road to Guantanamo, The (2006)",1,3.5,3.5,0.0,3.501542857142857
47721,"Red Balloon, The (Ballon rouge, Le) (1956)",1,3.5,3.5,0.0,3.501542857142857
51174,Factory Girl (2006),1,3.5,3.5,0.0,3.501542857142857
52831,Maniac Cop (1988),1,3.5,3.5,0.0,3.501542857142857
59810,Recount (2008),1,3.5,3.5,0.0,3.501542857142857
59915,Stuck (2007),1,3.5,3.5,0.0,3.501542857142857
68522,Earth (2007),1,3.5,3.5,0.0,3.501542857142857
69654,Prison Break: The Final Break (2009),1,3.5,3.5,0.0,3.501542857142857
70492,Winds of the Wasteland (1936),1,3.5,3.5,0.0,3.501542857142857
71129,Green Lantern: First Flight (2009),1,3.5,3.5,0.0,3.501542857142857
72330,"Private Lives of Pippa Lee, The (2009)",1,3.5,3.5,0.0,3.501542857142857
72591,"Patriot, The (1998)",1,3.5,3.5,0.0,3.501542857142857
74089,Peter Pan (1960),1,3.5,3.5,0.0,3.501542857142857
76738,Steam of Life (Miesten vuoro) (2010),1,3.5,3.5,0.0,3.501542857142857
78160,Ricky Gervais Live: Animals (2003),1,3.5,3.5,0.0,3.501542857142857
80917,Monsters (2010),1,3.5,3.5,0.0,3.501542857142857
92637,Pitfall (Otoshiana) (1962),1,3.5,3.5,0.0,3.501542857142857
92760,"Atomic Brain, The (1963)",1,3.5,3.5,0.0,3.501542857142857
95508,Cleanskin (2012),1,3.5,3.5,0.0,3.501542857142857
100737,Snitch (2013),1,3.5,3.5,0.0,3.501542857142857
102823,As I Was Moving Ahead Occasionally I Saw Brief Glimpses of Beauty (2000),1,3.5,3.5,0.0,3.501542857142857
105246,Mood Indigo (L'écume des jours) (2013),1,3.5,3.5,0.0,3.501542857142857
106144,"Selfish Giant, The (2013)",1,3.5,3.5,0.0,3.501542857142857
108192,Hotel Chevalier (Part 1 of 'The Darjeeling Limited') (2007),1,3.5,3.5,0.0,3.501542857142857
119714,Corner Gas: The Movie (2014),1,3.5,3.5,0.0,3.501542857142857
132584,The Even Stevens Movie (2003),1,3.5,3.5,0.0,3.501542857142857
133217,B/W (2015),1,3.5,3.5,0.0,3.501542857142857
141646,The Unauthorized Saved by the Bell Story (2014),1,3.5,3.5,0.0,3.501542857142857
160684,Marauders (2016),1,3.5,3.5,0.0,3.501542857142857
163937,Blair Witch (2016),1,3.5,3.5,0.0,3.501542857142857
169992,Free Fire (2017),1,3.5,3.5,0.0,3.501542857142857
175197,The Dark Tower (2017),1,3.5,3.5,0.0,3.501542857142857
183295,Insidious: The Last Key (2018),1,3.5,3.5,0.0,3.501542857142857
184349,Elsa & Fred (2005),1,3.5,3.5,0.0,3.501542857142857
96,In the Bleak Midwinter (1995),1,3.5,3.5,0.0,3.501542857142857
959,Of Human Bondage (1934),1,3.5,3.5,0.0,3.501542857142857
1117,"Eighth Day, The (Huitième jour, Le) (1996)",1,3.5,3.5,0.0,3.501542857142857
1507,Paradise Road (1997),1,3.5,3.5,0.0,3.501542857142857
1825,The Players Club (1998),1,3.5,3.5,0.0,3.501542857142857
1857,"Real Blonde, The (1997)",1,3.5,3.5,0.0,3.501542857142857
1932,"Great Ziegfeld, The (1936)",1,3.5,3.5,0.0,3.501542857142857
2483,"Day of the Beast, The (Día de la Bestia, El) (1995)",1,3.5,3.5,0.0,3.501542857142857
2930,Return with Honor (1998),1,3.5,3.5,0.0,3.501542857142857
3789,"Pawnbroker, The (1964)",1,3.5,3.5,0.0,3.501542857142857
3872,"Suddenly, Last Summer (1959)",1,3.5,3.5,0.0,3.501542857142857
3965,"Strange Love of Martha Ivers, The (1946)",1,3.5,3.5,0.0,3.501542857142857
4451,Jump Tomorrow (2001),1,3.5,3.5,0.0,3.501542857142857
4453,Michael Jordan to the Max (2000),1,3.5,3.5,0.0,3.501542857142857
4595,Fat Man and Little Boy (1989),1,3.5,3.5,0.0,3.501542857142857
4689,"Cat o' Nine Tails, The (Gatto a nove code, Il) (1971)",1,3.5,3.5,0.0,3.501542857142857
4828,"Party, The (Boum, La) (1980)",1,3.5,3.5,0.0,3.501542857142857
5525,Mostly Martha (Bella Martha) (2001),1,3.5,3.5,0.0,3.501542857142857
5604,"Man in the White Suit, The (1951)",1,3.5,3.5,0.0,3.501542857142857
5826,Rio Grande (1950),1,3.5,3.5,0.0,3.501542857142857
6095,Dragon Lord (a.k.a. Dragon Strike) (Long Xiao Ye) (1982),1,3.5,3.5,0.0,3.501542857142857
6245,Sweet Charity (1969),1,3.5,3.5,0.0,3.501542857142857
6706,Taking Sides (2001),1,3.5,3.5,0.0,3.501542857142857
6886,Beyond Borders (2003),1,3.5,3.5,0.0,3.501542857142857
6982,Forbidden Games (Jeux interdits) (1952),1,3.5,3.5,0.0,3.501542857142857
7074,"Navigator, The (1924)",1,3.5,3.5,0.0,3.501542857142857
7075,"Court Jester, The (1956)",1,3.5,3.5,0.0,3.501542857142857
7336,"Damned, The (La Caduta degli dei) (1969)",1,3.5,3.5,0.0,3.501542857142857
7368,Never Die Alone (2004),1,3.5,3.5,0.0,3.501542857142857
7561,Paperhouse (1988),1,3.5,3.5,0.0,3.501542857142857
7826,"Secret Life of Walter Mitty, The (1947)",1,3.5,3.5,0.0,3.501542857142857
7916,Gidget (1959),1,3.5,3.5,0.0,3.501542857142857
7924,Stray Dog (Nora inu) (1949),1,3.5,3.5,0.0,3.501542857142857
8465,Johnny Eager (1942),1,3.5,3.5,0.0,3.501542857142857
8587,Mayor of the Sunset Strip (2003),1,3.5,3.5,0.0,3.501542857142857
8650,Long Day's Journey Into Night (1962),1,3.5,3.5,0.0,3.501542857142857
8774,Sherlock Holmes: The Woman in Green (1945),1,3.5,3.5,0.0,3.501542857142857
25946,"Three Musketeers, The (1948)",1,3.5,3.5,0.0,3.501542857142857
25996,"Star Is Born, A (1954)",1,3.5,3.5,0.0,3.501542857142857
26796,"Heart in Winter, A (Un coeur en hiver) (1992)",1,3.5,3.5,0.0,3.501542857142857
27692,And Starring Pancho Villa as Himself (2003),1,3.5,3.5,0.0,3.501542857142857
31737,Bunny Lake Is Missing (1965),1,3.5,3.5,0.0,3.501542857142857
31952,Control (Kontroll) (2003),1,3.5,3.5,0.0,3.501542857142857
32600,Eros (2004),1,3.5,3.5,0.0,3.501542857142857
33124,Before the Fall (NaPolA - Elite für den Führer) (2004),1,3.5,3.5,0.0,3.501542857142857
33312,"Cocoanuts, The (1929)",1,3.5,3.5,0.0,3.501542857142857
35015,Duma (2005),1,3.5,3.5,0.0,3.501542857142857
41627,Samurai Rebellion (Jôi-uchi: Hairyô tsuma shimatsu) (1967),1,3.5,3.5,0.0,3.501542857142857
43744,Imagine Me & You (2005),1,3.5,3.5,0.0,3.501542857142857
46862,Orchestra Rehearsal (Prova d'orchestra) (1978),1,3.5,3.5,0.0,3.501542857142857
48214,Land of Plenty (Angst and Alienation in America) (2004),1,3.5,3.5,0.0,3.501542857142857
57522,First Sunday (2008),1,3.5,3.5,0.0,3.501542857142857
59118,Happy-Go-Lucky (2008),1,3.5,3.5,0.0,3.501542857142857
59440,Bella (2006),1,3.5,3.5,0.0,3.501542857142857
61319,Somers Town (2008),1,3.5,3.5,0.0,3.501542857142857
63179,Tokyo! (2008),1,3.5,3.5,0.0,3.501542857142857
67168,Dance of the Dead (2008),1,3.5,3.5,0.0,3.501542857142857
69495,Breakfast with Scot (2007),1,3.5,3.5,0.0,3.501542857142857
70206,"Collector, The (2009)",1,3.5,3.5,0.0,3.501542857142857
72479,"Messenger, The (2009)",1,3.5,3.5,0.0,3.501542857142857
72624,Garage (2007),1,3.5,3.5,0.0,3.501542857142857
74688,Dear John (2010),1,3.5,3.5,0.0,3.501542857142857
77206,Diary of a Wimpy Kid (2010),1,3.5,3.5,0.0,3.501542857142857
77414,"Last Song, The (2010)",1,3.5,3.5,0.0,3.501542857142857
77795,Cargo (2009),1,3.5,3.5,0.0,3.501542857142857
78626,Barking Dogs Never Bite (Flandersui gae) (2000),1,3.5,3.5,0.0,3.501542857142857
80834,Sintel (2010),1,3.5,3.5,0.0,3.501542857142857
80858,You Again (2010),1,3.5,3.5,0.0,3.501542857142857
85261,Mars Needs Moms (2011),1,3.5,3.5,0.0,3.501542857142857
89586,Phineas and Ferb the Movie: Across the 2nd Dimension (2011),1,3.5,3.5,0.0,3.501542857142857
89898,Generation P (2011),1,3.5,3.5,0.0,3.501542857142857
92954,Prayers for Bobby (2009),1,3.5,3.5,0.0,3.501542857142857
94931,Take This Waltz (2011),1,3.5,3.5,0.0,3.501542857142857
96975,LOL (2012),1,3.5,3.5,0.0,3.501542857142857
99122,I Bought a Vampire Motorcycle (1990),1,3.5,3.5,0.0,3.501542857142857
108090,Dragon Ball: The Path to Power (Doragon bôru: Saikyô e no michi) (1996),1,3.5,3.5,0.0,3.501542857142857
110286,13 Sins (2014),1,3.5,3.5,0.0,3.501542857142857
112070,Maps to the Stars (2014),1,3.5,3.5,0.0,3.501542857142857
115502,"Rewrite, The (2014)",1,3.5,3.5,0.0,3.501542857142857
115667,"Love, Rosie (2014)",1,3.5,3.5,0.0,3.501542857142857
116718,Volga - Volga (1938),1,3.5,3.5,0.0,3.501542857142857
117133,Painted Skin (2008),1,3.5,3.5,0.0,3.501542857142857
117922,Ice Age: A Mammoth Christmas (2011),1,3.5,3.5,0.0,3.501542857142857
120761,By the Law (1926),1,3.5,3.5,0.0,3.501542857142857
121715,Sebastian Maniscalco: What's Wrong with People? (2012),1,3.5,3.5,0.0,3.501542857142857
127164,"What Happened, Miss Simone? (2015)",1,3.5,3.5,0.0,3.501542857142857
129659,"McFarland, USA (2015)",1,3.5,3.5,0.0,3.501542857142857
135787,Bruce Lee: A Warrior's Journey (2000),1,3.5,3.5,0.0,3.501542857142857
145283,Nowitzki: The Perfect Shot (2014),1,3.5,3.5,0.0,3.501542857142857
152270,The Wait (2015),1,3.5,3.5,0.0,3.501542857142857
171701,The Death of Louis XIV (2016),1,3.5,3.5,0.0,3.501542857142857
174681,"Oh, Hello: On Broadway (2017)",1,3.5,3.5,0.0,3.501542857142857
175585,Shot Caller (2017),1,3.5,3.5,0.0,3.501542857142857
178129,Adventures in Plymptoons! (2011),1,3.5,3.5,0.0,3.501542857142857
178323,Gaga: Five Foot Two (2017),1,3.5,3.5,0.0,3.501542857142857
183635,Maze Runner: The Death Cure (2018),1,3.5,3.5,0.0,3.501542857142857
188675,Dogman (2018),1,3.5,3.5,0.0,3.501542857142857
2201,"Paradine Case, The (1947)",2,3.5,3.0,0.5,3.5014896551724135
4337,"Sand Pebbles, The (1966)",2,3.5,3.0,0.5,3.5014896551724135
4911,Jabberwocky (1977),2,3.5,3.5,0.0,3.5014896551724135
52375,"Hoax, The (2007)",2,3.5,3.5,0.0,3.5014896551724135
53138,"Librarian: Return to King Solomon's Mines, The (2006)",2,3.5,3.5,0.0,3.5014896551724135
141688,Legend (2015),2,3.5,3.0,0.5,3.5014896551724135
184,Nadja (1994),2,3.5,3.0,0.5,3.5014896551724135
568,Bhaji on the Beach (1993),2,3.5,3.0,0.5,3.5014896551724135
808,Alaska (1996),2,3.5,3.0,0.5,3.5014896551724135
4957,Sudden Impact (1983),2,3.5,2.0,1.5,3.5014896551724135
4965,"Business of Strangers, The (2001)",2,3.5,3.0,0.5,3.5014896551724135
5083,Rare Birds (2001),2,3.5,3.0,0.5,3.5014896551724135
5238,Return of the Secaucus 7 (1980),2,3.5,3.5,0.0,3.5014896551724135
5963,"Children's Hour, The (1961)",2,3.5,3.5,0.0,3.5014896551724135
5984,"Story of O, The (Histoire d'O) (1975)",2,3.5,3.0,0.5,3.5014896551724135
6244,Salaam Bombay! (1988),2,3.5,3.0,0.5,3.5014896551724135
8487,Please Don't Eat the Daisies (1960),2,3.5,3.0,0.5,3.5014896551724135
8718,"Snake Pit, The (1948)",2,3.5,3.0,0.5,3.5014896551724135
31101,Stander (2003),2,3.5,3.0,0.5,3.5014896551724135
40870,C.R.A.Z.Y. (2005),2,3.5,3.5,0.0,3.5014896551724135
56286,I'm Not There (2007),2,3.5,3.0,0.5,3.5014896551724135
58870,Zebraman (2004),2,3.5,3.0,0.5,3.5014896551724135
88699,Death Race 2 (2010),2,3.5,3.0,0.5,3.5014896551724135
94130,Bully (2011),2,3.5,3.5,0.0,3.5014896551724135
94896,Bernie (2011),2,3.5,3.0,0.5,3.5014896551724135
140725,Cop Car (2015),2,3.5,3.0,0.5,3.5014896551724135
3214,American Flyers (1985),2,3.5,2.0,1.5,3.5014896551724135
4626,Miracle Mile (1989),2,3.5,3.0,0.5,3.5014896551724135
5389,Spirit: Stallion of the Cimarron (2002),2,3.5,3.0,0.5,3.5014896551724135
7171,Aileen: Life and Death of a Serial Killer (2003),2,3.5,3.0,0.5,3.5014896551724135
7844,"Legend, The (Legend of Fong Sai-Yuk, The) (Fong Sai Yuk) (1993)",2,3.5,3.0,0.5,3.5014896551724135
8848,"Vitelloni, I (a.k.a. The Young and the Passionate) (1953)",2,3.5,3.0,0.5,3.5014896551724135
50274,Venus (2006),2,3.5,3.0,0.5,3.5014896551724135
65133,Blackadder Back & Forth (1999),2,3.5,3.0,0.5,3.5014896551724135
87194,The Way (2010),2,3.5,3.5,0.0,3.5014896551724135
90469,Paranormal Activity 3 (2011),2,3.5,3.5,0.0,3.5014896551724135
94405,Safe (2012),2,3.5,3.0,0.5,3.5014896551724135
113532,"Inbetweeners 2, The (2014)",2,3.5,3.5,0.0,3.5014896551724135
159441,The Do-Over (2016),2,3.5,2.5,1.0,3.5014896551724135
984,"Pompatus of Love, The (1996)",2,3.5,2.0,1.5,3.5014896551724135
1167,Dear God (1996),2,3.5,3.0,0.5,3.5014896551724135
2007,Polish Wedding (1998),2,3.5,2.0,1.5,3.5014896551724135
2178,Frenzy (1972),2,3.5,3.0,0.5,3.5014896551724135
2187,Stage Fright (1950),2,3.5,3.5,0.0,3.5014896551724135
2350,Heart Condition (1990),2,3.5,3.0,0.5,3.5014896551724135
2630,Besieged (a.k.a. L' Assedio) (1998),2,3.5,3.0,0.5,3.5014896551724135
3580,Up at the Villa (2000),2,3.5,3.0,0.5,3.5014896551724135
5177,"Magnificent Ambersons, The (1942)",2,3.5,3.0,0.5,3.5014896551724135
5447,Sunshine State (2002),2,3.5,3.0,0.5,3.5014896551724135
5588,"Hills Have Eyes, The (1977)",2,3.5,3.5,0.0,3.5014896551724135
6023,Band of Outsiders (Bande à part) (1964),2,3.5,3.0,0.5,3.5014896551724135
6572,Scorched (2003),2,3.5,3.0,0.5,3.5014896551724135
6770,My Life Without Me (2003),2,3.5,3.5,0.0,3.5014896551724135
7092,Anna Karenina (1935),2,3.5,3.5,0.0,3.5014896551724135
7743,Explorers (1985),2,3.5,2.5,1.0,3.5014896551724135
27584,Dead End (2003),2,3.5,3.0,0.5,3.5014896551724135
43869,Curious George (2006),2,3.5,3.0,0.5,3.5014896551724135
48638,Fellini's Casanova (Il Casanova di Federico Fellini) (1976),2,3.5,3.5,0.0,3.5014896551724135
88746,Terri (2011),2,3.5,2.0,1.5,3.5014896551724135
764,Heavy (1995),2,3.5,3.0,0.5,3.5014896551724135
1696,Bent (1997),2,3.5,2.0,1.5,3.5014896551724135
2283,"Sheltering Sky, The (1990)",2,3.5,3.0,0.5,3.5014896551724135
2521,Airport 1975 (1974),2,3.5,3.0,0.5,3.5014896551724135
3758,Communion (1989),2,3.5,3.0,0.5,3.5014896551724135
4478,Biloxi Blues (1988),2,3.5,3.0,0.5,3.5014896551724135
4919,Subway (1985),2,3.5,3.5,0.0,3.5014896551724135
5062,Seconds (1966),2,3.5,3.0,0.5,3.5014896551724135
5357,Iron Will (1994),2,3.5,3.0,0.5,3.5014896551724135
5472,1776 (1972),2,3.5,3.0,0.5,3.5014896551724135
7753,Tuesdays with Morrie (1999),2,3.5,3.5,0.0,3.5014896551724135
7895,Bring Me the Head of Alfredo Garcia (1974),2,3.5,3.5,0.0,3.5014896551724135
26151,Au Hasard Balthazar (1966),2,3.5,3.5,0.0,3.5014896551724135
26564,'Round Midnight (1986),2,3.5,3.5,0.0,3.5014896551724135
60885,"Zone, The (La Zona) (2007)",2,3.5,3.5,0.0,3.5014896551724135
183,Mute Witness (1994),2,3.5,3.0,0.5,3.5014896551724135
907,"Gay Divorcee, The (1934)",2,3.5,3.0,0.5,3.5014896551724135
937,Love in the Afternoon (1957),2,3.5,3.0,0.5,3.5014896551724135
1085,"Old Man and the Sea, The (1958)",2,3.5,3.0,0.5,3.5014896551724135
1922,Whatever (1998),2,3.5,3.0,0.5,3.5014896551724135
1941,Hamlet (1948),2,3.5,3.0,0.5,3.5014896551724135
2928,"Razor's Edge, The (1984)",2,3.5,3.0,0.5,3.5014896551724135
3120,"Distinguished Gentleman, The (1992)",2,3.5,3.0,0.5,3.5014896551724135
3725,American Pop (1981),2,3.5,3.0,0.5,3.5014896551724135
3747,Jesus' Son (1999),2,3.5,3.0,0.5,3.5014896551724135
3932,"Invisible Man, The (1933)",2,3.5,3.0,0.5,3.5014896551724135
4541,"Serpent and the Rainbow, The (1988)",2,3.5,3.0,0.5,3.5014896551724135
6031,Imitation of Life (1959),2,3.5,3.0,0.5,3.5014896551724135
6376,Respiro (2002),2,3.5,2.5,1.0,3.5014896551724135
7079,"Hunchback of Notre Dame, The (1939)",2,3.5,2.5,1.0,3.5014896551724135
25827,Mr. Deeds Goes to Town (1936),2,3.5,3.5,0.0,3.5014896551724135
30846,"Assassination of Richard Nixon, The (2004)",2,3.5,3.5,0.0,3.5014896551724135
68932,"Soloist, The (2009)",2,3.5,3.5,0.0,3.5014896551724135
76060,"Slammin' Salmon, The (2009)",2,3.5,2.5,1.0,3.5014896551724135
105254,Crystal Fairy & the Magical Cactus and 2012 (2013),2,3.5,3.0,0.5,3.5014896551724135
184015,When We First Met (2018),2,3.5,3.5,0.0,3.5014896551724135
211,"Browning Version, The (1994)",2,3.5,3.0,0.5,3.5014896551724135
795,Somebody to Love (1994),2,3.5,3.0,0.5,3.5014896551724135
4082,Barfly (1987),2,3.5,2.0,1.5,3.5014896551724135
4292,Norma Rae (1979),2,3.5,3.0,0.5,3.5014896551724135
4390,Rape Me (Baise-moi) (2000),2,3.5,3.0,0.5,3.5014896551724135
4523,Milagro Beanfield War (1988),2,3.5,3.0,0.5,3.5014896551724135
5980,Black Christmas (1974),2,3.5,3.0,0.5,3.5014896551724135
6577,Kickboxer 2: The Road Back (1991),2,3.5,3.0,0.5,3.5014896551724135
6862,Out of Time (2003),2,3.5,3.5,0.0,3.5014896551724135
7051,"What's New, Pussycat (1965)",2,3.5,3.0,0.5,3.5014896551724135
49524,"Nativity Story, The (2006)",2,3.5,3.5,0.0,3.5014896551724135
60516,Meet Dave (2008),2,3.5,2.5,1.0,3.5014896551724135
97168,Marley (2012),2,3.5,2.5,1.0,3.5014896551724135
168366,Beauty and the Beast (2017),2,3.5,3.0,0.5,3.5014896551724135
335,Underneath (1995),2,3.5,3.0,0.5,3.5014896551724135
645,Nelly & Monsieur Arnaud (1995),2,3.5,3.0,0.5,3.5014896551724135
759,Maya Lin: A Strong Clear Vision (1994),2,3.5,3.0,0.5,3.5014896551724135
917,"Little Princess, The (1939)",2,3.5,3.0,0.5,3.5014896551724135
2165,Your Friends and Neighbors (1998),2,3.5,3.0,0.5,3.5014896551724135
2669,Pork Chop Hill (1959),2,3.5,3.0,0.5,3.5014896551724135
2927,Brief Encounter (1946),2,3.5,3.0,0.5,3.5014896551724135
3643,"Fighting Seabees, The (1944)",2,3.5,3.0,0.5,3.5014896551724135
4164,"Caveman's Valentine, The (2001)",2,3.5,3.0,0.5,3.5014896551724135
4312,Himalaya (Himalaya - l'enfance d'un chef) (1999),2,3.5,3.0,0.5,3.5014896551724135
4313,"Man Who Cried, The (2000)",2,3.5,3.5,0.0,3.5014896551724135
7618,Chaplin (1992),2,3.5,3.5,0.0,3.5014896551724135
7937,"Silence, The (Tystnaden) (1963)",2,3.5,3.0,0.5,3.5014896551724135
8024,"Thing Called Love, The (1993)",2,3.5,3.0,0.5,3.5014896551724135
26184,"Diamond Arm, The (Brilliantovaya ruka) (1968)",2,3.5,2.5,1.0,3.5014896551724135
26965,"Boxer, The (1997)",2,3.5,3.0,0.5,3.5014896551724135
55451,The Jane Austen Book Club (2007),2,3.5,3.5,0.0,3.5014896551724135
58655,Drillbit Taylor (2008),2,3.5,2.0,1.5,3.5014896551724135
60753,Felon (2008),2,3.5,3.0,0.5,3.5014896551724135
79798,I Killed My Mother (J'ai tué ma mère) (2009),2,3.5,3.0,0.5,3.5014896551724135
80551,Eat Pray Love (2010),2,3.5,3.5,0.0,3.5014896551724135
96281,ParaNorman (2012),2,3.5,3.0,0.5,3.5014896551724135
118572,The Mule (2014),2,3.5,3.0,0.5,3.5014896551724135
118880,"Girl Walks Home Alone at Night, A (2014)",2,3.5,3.0,0.5,3.5014896551724135
1600,She's So Lovely (1997),2,3.5,3.0,0.5,3.5014896551724135
1897,High Art (1998),2,3.5,3.0,0.5,3.5014896551724135
3581,Human Traffic (1999),2,3.5,3.0,0.5,3.5014896551724135
3966,Detour (1945),2,3.5,3.5,0.0,3.5014896551724135
4617,Let It Ride (1989),2,3.5,2.0,1.5,3.5014896551724135
4947,"Gauntlet, The (1977)",2,3.5,3.0,0.5,3.5014896551724135
4977,Kandahar (Safar e Ghandehar) (2001),2,3.5,3.5,0.0,3.5014896551724135
7054,Little Women (1949),2,3.5,3.5,0.0,3.5014896551724135
27032,Who Am I? (Wo shi shei) (1998),2,3.5,3.0,0.5,3.5014896551724135
58554,"Class, The (Klass) (2007)",2,3.5,2.0,1.5,3.5014896551724135
64116,Igor (2008),2,3.5,3.5,0.0,3.5014896551724135
70305,Race to Witch Mountain (2009),2,3.5,3.5,0.0,3.5014896551724135
72171,Black Dynamite (2009),2,3.5,2.0,1.5,3.5014896551724135
73290,Hachiko: A Dog's Story (a.k.a. Hachi: A Dog's Tale) (2009),2,3.5,2.0,1.5,3.5014896551724135
85397,Red Riding Hood (2011),2,3.5,3.0,0.5,3.5014896551724135
88272,"Woman, The (2011)",2,3.5,3.5,0.0,3.5014896551724135
103048,"Kings of Summer, The (2013)",2,3.5,3.0,0.5,3.5014896551724135
103543,"Lifeguard, The (2013)",2,3.5,2.0,1.5,3.5014896551724135
2227,"Lodger: A Story of the London Fog, The (1927)",3,3.5,3.5,0.408248290463863,3.50144
4835,Coal Miner's Daughter (1980),3,3.5,4.0,0.7071067811865476,3.50144
6567,Buffalo Soldiers (2001),3,3.5,3.5,0.408248290463863,3.50144
55094,In the Valley of Elah (2007),3,3.5,3.5,0.408248290463863,3.50144
155509,Mr. Right (2016),3,3.5,4.0,1.0801234497346435,3.50144
5497,Our Man Flint (1965),3,3.5,3.5,0.408248290463863,3.50144
5643,Powaqqatsi (1988),3,3.5,3.0,0.7071067811865476,3.50144
6196,Cradle 2 the Grave (2003),3,3.5,3.5,0.408248290463863,3.50144
7209,"M. Hulot’s Holiday (Mr. Hulot's Holiday) (Vacances de Monsieur Hulot, Les) (1953)",3,3.5,4.0,0.7071067811865476,3.50144
8833,Vanity Fair (2004),3,3.5,3.5,0.0,3.50144
27311,Batman Beyond: Return of the Joker (2000),3,3.5,3.5,1.224744871391589,3.50144
42732,Last Holiday (2006),3,3.5,3.5,0.408248290463863,3.50144
46572,Edmond (2005),3,3.5,4.0,1.0801234497346435,3.50144
103984,"Great Beauty, The (Grande Bellezza, La) (2013)",3,3.5,3.5,1.224744871391589,3.50144
5127,Dragonfly (2002),3,3.5,4.0,0.7071067811865476,3.50144
5820,Standing in the Shadows of Motown (2002),3,3.5,3.5,0.408248290463863,3.50144
6291,Lilya 4-Ever (Lilja 4-ever) (2002),3,3.5,3.5,0.408248290463863,3.50144
6466,Mississippi Masala (1991),3,3.5,4.0,1.0801234497346435,3.50144
70946,Troll 2 (1990),3,3.5,5.0,2.1213203435596424,3.50144
72395,Precious (2009),3,3.5,3.5,0.408248290463863,3.50144
100083,Movie 43 (2013),3,3.5,3.5,1.224744871391589,3.50144
117466,In the Heart of the Sea (2015),3,3.5,3.5,0.816496580927726,3.50144
3217,"Star Is Born, A (1937)",3,3.5,3.5,0.408248290463863,3.50144
6327,"Decade Under the Influence, A (2003)",3,3.5,3.5,0.0,3.50144
6783,"Rules of the Game, The (La règle du jeu) (1939)",3,3.5,3.5,0.408248290463863,3.50144
6920,"Cercle Rouge, Le (Red Circle, The) (1970)",3,3.5,3.0,0.7071067811865476,3.50144
112897,The Expendables 3 (2014),3,3.5,4.0,0.7071067811865476,3.50144
5625,Moonlight Mile (2002),3,3.5,3.5,0.408248290463863,3.50144
6334,Blue Car (2002),3,3.5,4.0,0.7071067811865476,3.50144
6549,How to Deal (2003),3,3.5,3.5,1.224744871391589,3.50144
6629,House of Wax (1953),3,3.5,3.5,0.408248290463863,3.50144
47725,Angel-A (2005),3,3.5,3.5,0.408248290463863,3.50144
64993,5 Centimeters per Second (Byôsoku 5 senchimêtoru) (2007),3,3.5,3.5,0.816496580927726,3.50144
7010,"Lover, The (Amant, L') (1992)",3,3.5,3.5,0.408248290463863,3.50144
7017,Passenger 57 (1992),3,3.5,3.5,1.224744871391589,3.50144
7301,Diary of a Country Priest (Journal d'un curé de campagne) (1951),3,3.5,3.5,0.0,3.50144
7348,Spartan (2004),3,3.5,3.5,0.0,3.50144
60979,Batman: Gotham Knight (2008),3,3.5,4.0,0.7071067811865476,3.50144
72129,Saw VI (2009),3,3.5,3.0,0.7071067811865476,3.50144
141544,Turbo Kid (2015),3,3.5,4.0,0.7071067811865476,3.50144
166492,Office Christmas Party (2016),3,3.5,3.5,0.816496580927726,3.50144
7072,Stagecoach (1939),3,3.5,3.5,0.408248290463863,3.50144
37736,Oliver Twist (2005),3,3.5,3.5,0.0,3.50144
100714,Before Midnight (2013),3,3.5,4.0,1.4719601443879744,3.50144
3502,My Life (1993),3,3.5,3.0,1.0801234497346435,3.50144
3760,"Kentucky Fried Movie, The (1977)",3,3.5,3.0,1.0801234497346435,3.50144
4552,"Tetsuo, the Ironman (Tetsuo) (1988)",3,3.5,3.5,0.0,3.50144
5644,"Pride of the Yankees, The (1942)",3,3.5,4.0,0.7071067811865476,3.50144
6170,"Black Stallion, The (1979)",3,3.5,3.5,0.408248290463863,3.50144
6790,Avalon (2001),3,3.5,3.5,0.816496580927726,3.50144
33677,Rock School (2005),3,3.5,3.5,0.0,3.50144
50804,Hannibal Rising (2007),3,3.5,3.0,1.0801234497346435,3.50144
51925,Premonition (2007),3,3.5,3.5,0.0,3.50144
57243,"Band's Visit, The (Bikur Ha-Tizmoret) (2007)",3,3.5,3.5,0.408248290463863,3.50144
65126,Choke (2008),3,3.5,3.5,0.408248290463863,3.50144
78266,Splice (2009),3,3.5,3.5,0.408248290463863,3.50144
84187,Evangelion: 2.0 You Can (Not) Advance (Evangerion shin gekijôban: Ha) (2009),3,3.5,3.5,0.408248290463863,3.50144
85354,Mesrine: Public Enemy #1 (L'ennemi public n°1) (2008),3,3.5,4.0,1.0801234497346435,3.50144
104925,"Family, The (2013)",3,3.5,3.0,1.0801234497346435,3.50144
1684,Mrs. Dalloway (1997),4,3.5,3.0,1.118033988749895,3.501393548387097
4259,"Luzhin Defence, The (2000)",4,3.5,3.0,0.49999999999999994,3.501393548387097
7215,To Have and Have Not (1944),4,3.5,3.5,0.7071067811865476,3.501393548387097
78088,Buried (2010),4,3.5,3.5,0.3535533905932738,3.501393548387097
5522,Rollerball (1975),4,3.5,3.0,0.9354143466934853,3.501393548387097
71823,"New York, I Love You (2009)",4,3.5,3.5,0.7071067811865476,3.501393548387097
114795,Dracula Untold (2014),4,3.5,3.5,0.6123724356957945,3.501393548387097
766,I Shot Andy Warhol (1996),4,3.5,3.0,0.49999999999999994,3.501393548387097
7069,"Macbeth (a.k.a. Tragedy of Macbeth, The) (1971)",4,3.5,3.5,0.35355339059327373,3.501393548387097
27790,Millions (2004),4,3.5,3.0,0.49999999999999994,3.501393548387097
39231,Elizabethtown (2005),4,3.5,3.5,0.3535533905932738,3.501393548387097
51091,Black Snake Moan (2006),4,3.5,3.0,0.49999999999999994,3.501393548387097
62293,"Duchess, The (2008)",4,3.5,3.0,1.118033988749895,3.501393548387097
63433,Farscape: The Peacekeeper Wars (2004),4,3.5,4.0,0.8660254037844386,3.501393548387097
83132,"Secret World of Arrietty, The (Kari-gurashi no Arietti) (2010)",4,3.5,3.5,0.6123724356957946,3.501393548387097
95873,Ruby Sparks (2012),4,3.5,3.5,0.9354143466934854,3.501393548387097
271,Losing Isaiah (1995),4,3.5,3.0,1.118033988749895,3.501393548387097
523,Ruby in Paradise (1993),4,3.5,3.0,0.49999999999999994,3.501393548387097
2241,Class (1983),4,3.5,3.0,1.118033988749895,3.501393548387097
2836,Outside Providence (1999),4,3.5,3.0,1.118033988749895,3.501393548387097
3109,"River, The (1984)",4,3.5,3.0,0.49999999999999994,3.501393548387097
58347,Penelope (2006),4,3.5,3.5,0.9354143466934853,3.501393548387097
90717,Tower Heist (2011),4,3.5,3.0,0.6123724356957946,3.501393548387097
1305,"Paris, Texas (1984)",4,3.5,3.0,0.49999999999999994,3.501393548387097
3167,Carnal Knowledge (1971),4,3.5,3.0,0.49999999999999994,3.501393548387097
3445,Eyes of Laura Mars (1978),4,3.5,3.0,0.49999999999999994,3.501393548387097
4126,Less Than Zero (1987),4,3.5,3.0,0.49999999999999994,3.501393548387097
6337,Owning Mahowny (2003),4,3.5,3.5,0.3535533905932738,3.501393548387097
37240,Why We Fight (2005),4,3.5,4.0,0.8660254037844386,3.501393548387097
90345,"Thing, The (2011)",4,3.5,3.5,0.9354143466934853,3.501393548387097
1648,"House of Yes, The (1997)",4,3.5,4.0,0.8660254037844386,3.501393548387097
2660,"Thing from Another World, The (1951)",4,3.5,3.5,0.3535533905932738,3.501393548387097
66665,Away We Go (2009),4,3.5,3.0,0.49999999999999994,3.501393548387097
134214,Youth (2015),4,3.5,3.0,0.49999999999999994,3.501393548387097
137337,Amy (2015),4,3.5,3.5,0.6123724356957945,3.501393548387097
140956,Ready Player One,4,3.5,3.0,0.6123724356957945,3.501393548387097
3576,"Hidden, The (1987)",4,3.5,3.0,0.49999999999999994,3.501393548387097
6989,Gorky Park (1983),4,3.5,3.5,0.0,3.501393548387097
65585,Bride Wars (2009),4,3.5,3.5,0.0,3.501393548387097
39234,North Country (2005),4,3.5,3.5,0.6123724356957945,3.501393548387097
47382,Step Up (2006),4,3.5,3.0,1.118033988749895,3.501393548387097
67788,Confessions of a Shopaholic (2009),4,3.5,3.0,0.9354143466934853,3.501393548387097
5527,Possession (2002),4,3.5,3.0,0.7905694150420949,3.501393548387097
7894,"Duck, You Sucker (1971)",4,3.5,3.5,0.7071067811865476,3.501393548387097
90376,We Need to Talk About Kevin (2011),4,3.5,3.5,0.0,3.501393548387097
32898,"Trip to the Moon, A (Voyage dans la lune, Le) (1902)",5,3.5,3.5,0.5477225575051661,3.50135
1006,"Chamber, The (1996)",5,3.5,4.0,0.7745966692414833,3.50135
4383,"Crimson Rivers, The (Rivières pourpres, Les) (2000)",5,3.5,4.0,0.6324555320336759,3.50135
4846,Iron Monkey (Siu nin Wong Fei-hung ji: Tit Ma Lau) (1993),5,3.5,3.5,0.9486832980505138,3.50135
1363,"Preacher's Wife, The (1996)",5,3.5,3.0,0.8944271909999159,3.50135
5298,Human Nature (2001),5,3.5,3.5,0.5477225575051661,3.50135
5628,Wasabi (2001),5,3.5,3.5,0.7071067811865476,3.50135
72605,Brothers (2009),5,3.5,3.5,0.5477225575051661,3.50135
1442,Prefontaine (1997),5,3.5,4.0,0.7745966692414834,3.50135
3858,Cecil B. DeMented (2000),5,3.5,4.0,1.1832159566199232,3.50135
4231,Someone Like You (2001),5,3.5,3.5,0.5477225575051661,3.50135
54281,Charlie Bartlett (2007),5,3.5,3.5,0.5477225575051661,3.50135
183897,Isle of Dogs (2018),5,3.5,3.5,1.140175425099138,3.50135
66509,Funny People (2009),5,3.5,3.5,0.0,3.50135
3342,Birdy (1984),5,3.5,3.0,0.8944271909999159,3.50135
4086,"Big Easy, The (1987)",5,3.5,3.5,0.4472135954999579,3.50135
101525,"Place Beyond the Pines, The (2012)",5,3.5,3.5,0.4472135954999579,3.50135
65685,Inkheart (2008),5,3.5,3.5,0.4472135954999579,3.50135
3529,"Postman Always Rings Twice, The (1981)",5,3.5,3.0,0.6324555320336759,3.50135
8157,Jin Roh: The Wolf Brigade (Jin-Rô) (1998),5,3.5,3.5,0.7071067811865476,3.50135
98585,Hitchcock (2012),5,3.5,3.5,0.31622776601683794,3.50135
346,Backbeat (1993),6,3.5,3.0,0.5,3.501309090909091
4102,Eddie Murphy Raw (1987),6,3.5,3.0,1.2583057392117916,3.501309090909091
5319,Nine Queens (Nueve reinas) (2000),6,3.5,3.5,0.9574271077563381,3.501309090909091
119155,Night at the Museum: Secret of the Tomb (2014),6,3.5,3.5,0.6454972243679029,3.501309090909091
1191,Madonna: Truth or Dare (1991),6,3.5,3.0,0.9574271077563381,3.501309090909091
5479,K-19: The Widowmaker (2002),6,3.5,4.0,0.7637626158259734,3.501309090909091
4616,Lean on Me (1989),6,3.5,3.5,0.6454972243679028,3.501309090909091
55872,August Rush (2007),6,3.5,3.0,0.5773502691896258,3.501309090909091
66297,Futurama: Into the Wild Green Yonder (2009),6,3.5,3.5,0.408248290463863,3.501309090909091
75985,Repo Men (2010),6,3.5,3.5,0.8660254037844386,3.501309090909091
7757,Jason and the Argonauts (1963),6,3.5,3.5,0.5773502691896257,3.501309090909091
44788,This Film Is Not Yet Rated (2006),6,3.5,3.5,0.408248290463863,3.501309090909091
1226,"Quiet Man, The (1952)",6,3.5,3.0,0.9574271077563381,3.501309090909091
5421,"Dangerous Lives of Altar Boys, The (2002)",6,3.5,3.5,0.5773502691896257,3.501309090909091
7379,The Alamo (2004),6,3.5,3.5,0.5,3.501309090909091
60161,Futurama: The Beast with a Billion Backs (2008),6,3.5,3.5,0.408248290463863,3.501309090909091
347,Bitter Moon (1992),6,3.5,3.0,0.7637626158259734,3.501309090909091
6664,Commando (1985),6,3.5,3.0,0.7071067811865476,3.501309090909091
47640,Beerfest (2006),6,3.5,3.5,0.6454972243679029,3.501309090909091
87192,Attack the Block (2011),6,3.5,3.0,0.7071067811865476,3.501309090909091
4178,Of Mice and Men (1939),6,3.5,3.5,0.5773502691896257,3.501309090909091
42004,Transamerica (2005),6,3.5,3.5,0.49999999999999994,3.501309090909091
48982,Flushed Away (2006),7,3.5,3.5,0.8017837257372732,3.501270588235294
99149,"Misérables, Les (2012)",7,3.5,3.5,0.5345224838248488,3.501270588235294
2729,Lolita (1962),7,3.5,3.5,0.4629100498862757,3.501270588235294
6932,Shattered Glass (2003),7,3.5,3.5,1.0690449676496976,3.501270588235294
53460,Surf's Up (2007),7,3.5,3.5,0.3779644730092272,3.501270588235294
5004,"Party, The (1968)",7,3.5,3.5,0.4629100498862758,3.501270588235294
108729,Enemy (2013),7,3.5,4.0,0.7071067811865476,3.501270588235294
3565,Where the Heart Is (2000),7,3.5,3.5,0.3779644730092272,3.501270588235294
5364,Unfaithful (2002),7,3.5,3.5,0.6546536707079772,3.501270588235294
781,Stealing Beauty (1996),7,3.5,4.0,0.7559289460184544,3.501270588235294
2349,Mona Lisa (1986),7,3.5,4.0,1.0350983390135313,3.501270588235294
4508,Gorillas in the Mist (1988),8,3.5,3.5,0.4330127018922193,3.5012342857142857
2759,Dick (1999),8,3.5,3.5,0.7905694150420948,3.5012342857142857
7007,"Last Boy Scout, The (1991)",8,3.5,3.5,0.8660254037844386,3.5012342857142857
6299,"Winged Migration (Peuple migrateur, Le) (2001)",9,3.5,3.5,0.6666666666666666,3.5012
74795,Green Zone (2010),9,3.5,3.5,0.40824829046386296,3.5012
2745,"Mission, The (1986)",9,3.5,3.5,0.816496580927726,3.5012
3071,Stand and Deliver (1988),9,3.5,3.5,0.7817359599705717,3.5012
97923,Flight (2012),9,3.5,3.5,0.8498365855987975,3.5012
728,Cold Comfort Farm (1995),10,3.5,3.0,0.7071067811865476,3.5011675675675673
91485,"Expendables 2, The (2012)",10,3.5,3.5,0.7416198487095662,3.5011675675675673
4994,"Majestic, The (2001)",10,3.5,3.5,0.9219544457292886,3.5011675675675673
1017,Swiss Family Robinson (1960),10,3.5,3.5,0.7071067811865475,3.5011675675675673
1678,"Joy Luck Club, The (1993)",10,3.5,3.5,0.8062257748298549,3.5011675675675673
2089,"Rescuers Down Under, The (1990)",10,3.5,3.0,0.5477225575051661,3.5011675675675673
1810,Primary Colors (1998),11,3.5,3.5,0.6030226891555273,3.501136842105263
44974,Hard Candy (2005),12,3.5,3.5,1.2909944487358054,3.5011076923076923
233,Exotica (1994),12,3.5,3.0,0.4999999999999999,3.5011076923076923
90746,"Adventures of Tintin, The (2011)",12,3.5,3.5,0.5773502691896257,3.5011076923076923
6753,Secondhand Lions (2003),12,3.5,3.5,0.5400617248673217,3.5011076923076923
6944,Father of the Bride (1991),13,3.5,4.0,1.019049330730136,3.50108
26,Othello (1995),13,3.5,4.0,0.588348405414552,3.50108
2474,"Color of Money, The (1986)",13,3.5,4.0,0.6793662204867574,3.50108
257,Just Cause (1995),14,3.5,3.0,0.9063269671749656,3.5010536585365855
48043,"Fountain, The (2006)",14,3.5,3.5,0.6546536707079771,3.5010536585365855
7439,"Punisher, The (2004)",14,3.5,3.0,0.9258200997725514,3.5010536585365855
5066,"Walk to Remember, A (2002)",14,3.5,3.5,1.2535663410560174,3.5010536585365855
99007,Warm Bodies (2013),14,3.5,3.5,0.7559289460184544,3.5010536585365855
1754,Fallen (1998),15,3.5,3.5,0.8755950357709134,3.5010285714285714
52975,Hairspray (2007),15,3.5,3.5,0.5163977794943222,3.5010285714285714
412,"Age of Innocence, The (1993)",15,3.5,3.5,1.0165300454651272,3.5010285714285714
69406,"Proposal, The (2009)",16,3.5,3.5,0.9013878188659973,3.501004651162791
140,Up Close and Personal (1996),16,3.5,3.0,0.6614378277661476,3.501004651162791
33162,Kingdom of Heaven (2005),17,3.5,3.5,0.8574929257125442,3.5009818181818178
5785,Jackass: The Movie (2002),17,3.5,3.5,0.985184366143778,3.5009818181818178
1693,Amistad (1997),19,3.5,3.5,0.8429272304235245,3.5009391304347828
81229,Red (2010),20,3.5,3.5,0.7416198487095662,3.5009191489361706
3984,Diamonds Are Forever (1971),21,3.5,3.5,0.6546536707079772,3.5008999999999997
2394,"Prince of Egypt, The (1998)",25,3.5,3.0,0.9273618495495705,3.5008307692307694
1801,"Man in the Iron Mask, The (1998)",25,3.5,3.5,0.812403840463596,3.5008307692307694
37733,"History of Violence, A (2005)",27,3.5,3.5,0.8498365855987974,3.5008
1271,Fried Green Tomatoes (1991),30,3.5,3.5,0.7958224257542214,3.500757894736842
3386,JFK (1991),31,3.5,3.5,0.8519427513705969,3.5007448275862068
46723,Babel (2006),31,3.5,3.5,0.7620007620011431,3.5007448275862068
6754,Underworld (2003),33,3.5,3.5,0.7177405625652734,3.5007200000000003
61132,Tropic Thunder (2008),33,3.5,3.5,1.0371873387954444,3.5007200000000003
4641,Ghost World (2001),34,3.5,3.5,0.8488746876271652,3.500708196721311
1569,My Best Friend's Wedding (1997),40,3.5,3.5,0.9013878188659974,3.500644776119403
368,Maverick (1994),74,3.5,3.5,0.8342337477865217,3.5004277227722773
380,True Lies (1994),178,3.497191011235955,3.5,0.9095269652920461,3.497771707317073
10,GoldenEye (1995),132,3.496212121212121,3.5,0.8561192658904679,3.497127044025157
21,Get Shorty (1995),89,3.49438202247191,4.0,0.8627574750765153,3.496062068965517
141,"Birdcage, The (1996)",86,3.494186046511628,3.5,0.8369872121446492,3.4959575221238937
2353,Enemy of the State (1998),67,3.4925373134328357,3.5,0.8830600515128385,3.4951404255319147
8644,"I, Robot (2004)",61,3.4918032786885247,3.5,0.9210284846287038,3.494809090909091
1022,Cinderella (1950),42,3.488095238095238,3.0,0.7829134784503518,3.4933797101449278
91658,"Girl with the Dragon Tattoo, The (2011)",42,3.488095238095238,4.0,1.3115244457813533,3.4933797101449278
3174,Man on the Moon (1999),39,3.4871794871794872,3.5,0.8203124755408404,3.4930787878787877
61323,Burn After Reading (2008),39,3.4871794871794872,3.5,0.9162855582156738,3.4930787878787877
3702,Mad Max (1979),38,3.486842105263158,3.5,0.892120788562312,3.492972307692308
8622,Fahrenheit 9/11 (2004),37,3.4864864864864864,3.5,0.7753507182584352,3.4928625
30810,"Life Aquatic with Steve Zissou, The (2004)",37,3.4864864864864864,3.5,1.0099938887056645,3.4928625
671,Mystery Science Theater 3000: The Movie (1996),36,3.486111111111111,4.0,1.1813722665183761,3.492749206349206
524,Rudy (1993),34,3.485294117647059,3.5,0.9194411195494463,3.492511475409836
53322,Ocean's Thirteen (2007),33,3.484848484848485,3.5,0.9085857182160576,3.4923866666666665
4874,K-PAX (2001),33,3.484848484848485,4.0,0.9807607474352884,3.4923866666666665
4901,Spy Game (2001),27,3.4814814814814814,3.5,0.7262470944862066,3.4915407407407404
2108,L.A. Story (1991),24,3.4791666666666665,3.0,0.8597379284151394,3.491043137254902
1031,Bedknobs and Broomsticks (1971),24,3.4791666666666665,3.0,0.9733871988519722,3.491043137254902
2993,Thunderball (1965),24,3.4791666666666665,3.5,0.6843361544023683,3.491043137254902
34437,Broken Flowers (2005),21,3.4761904761904763,3.5,0.5664465358747771,3.4904833333333336
2139,"Secret of NIMH, The (1982)",21,3.4761904761904763,3.5,0.715078924651486,3.4904833333333336
1049,"Ghost and the Darkness, The (1996)",21,3.4761904761904763,3.5,0.993744607367105,3.4904833333333336
1441,Benny & Joon (1993),19,3.473684210526316,3.5,0.9930506454796425,3.4900695652173916
5528,One Hour Photo (2002),19,3.473684210526316,3.5,0.9661873552992536,3.4900695652173916
2009,Soylent Green (1973),19,3.473684210526316,3.5,0.5249983511384211,3.4900695652173916
2863,"Hard Day's Night, A (1964)",19,3.473684210526316,3.5,0.8346711330080897,3.4900695652173916
138036,The Man from U.N.C.L.E. (2015),18,3.4722222222222223,3.5,0.8893228107545624,3.489848888888889
1580,Men in Black (a.k.a. MIB) (1997),165,3.487878787878788,3.5,0.9144488572798092,3.4898083333333334
1019,"20,000 Leagues Under the Sea (1954)",17,3.4705882352941178,3.0,0.8655258217389507,3.4896181818181815
60126,Get Smart (2008),16,3.46875,3.5,0.6242182611074429,3.4893767441860466
56174,I Am Legend (2007),62,3.4838709677419355,3.5,0.7878499833432138,3.4892494382022474
2321,Pleasantville (1998),61,3.4836065573770494,3.5,0.9998656184902889,3.4891272727272726
135569,Star Trek Beyond (2016),15,3.466666666666667,3.5,0.6944222218666553,3.4891238095238095
1057,Everyone Says I Love You (1996),15,3.466666666666667,3.0,0.8459051693633014,3.4891238095238095
147,"Basketball Diaries, The (1995)",15,3.466666666666667,3.5,0.8259674462242577,3.4891238095238095
97306,Seven Psychopaths (2012),15,3.466666666666667,3.5,0.7408703590297623,3.4891238095238095
3033,Spaceballs (1987),59,3.483050847457627,3.5,0.8485586068616254,3.488874418604651
36517,"Constant Gardener, The (2005)",13,3.4615384615384617,4.0,0.8651709137847686,3.4885800000000002
3551,Marathon Man (1976),13,3.4615384615384617,3.5,0.7457969011409736,3.4885800000000002
73,"Misérables, Les (1995)",13,3.4615384615384617,4.0,0.663949096216618,3.4885800000000002
3812,Everything You Always Wanted to Know About Sex * But Were Afraid to Ask (1972),12,3.4583333333333335,3.5,0.9455671431591848,3.4882871794871795
54999,Shoot 'Em Up (2007),12,3.4583333333333335,3.5,0.9004242827072628,3.4882871794871795
188,"Prophecy, The (1995)",12,3.4583333333333335,3.5,0.9673488971869916,3.4882871794871795
119141,The Interview (2014),12,3.4583333333333335,3.5,1.126542152882981,3.4882871794871795
6662,"Pink Panther, The (1963)",11,3.4545454545454546,3.5,0.4979295977319692,3.487978947368421
7247,Chitty Chitty Bang Bang (1968),11,3.4545454545454546,3.5,0.9403709484353273,3.487978947368421
30822,In Good Company (2004),11,3.4545454545454546,3.5,0.5821022034029861,3.487978947368421
48783,Flags of Our Fathers (2006),11,3.4545454545454546,3.5,0.9642365197998376,3.487978947368421
54004,I Now Pronounce You Chuck and Larry (2007),11,3.4545454545454546,4.0,1.1570838237598051,3.487978947368421
1216,"Big Blue, The (Grand bleu, Le) (1988)",11,3.4545454545454546,3.0,0.7820295697311479,3.487978947368421
3397,"Great Muppet Caper, The (1981)",11,3.4545454545454546,3.0,0.7820295697311479,3.487978947368421
6242,Ringu (Ring) (1998),11,3.4545454545454546,3.5,0.6893523130955955,3.487978947368421
104241,Kick-Ass 2 (2013),11,3.4545454545454546,3.0,0.6199173498629935,3.487978947368421
597,Pretty Woman (1990),135,3.4851851851851854,3.5,0.845337409604483,3.487920987654321
79134,Grown Ups (2010),10,3.45,3.5,0.85,3.4876540540540537
3018,Re-Animator (1985),10,3.45,3.5,1.0111874208078344,3.4876540540540537
166461,Moana (2016),10,3.45,4.0,1.2539936203984452,3.4876540540540537
79139,"Sorcerer's Apprentice, The (2010)",10,3.45,3.5,0.65,3.4876540540540537
38886,"Squid and the Whale, The (2005)",9,3.4444444444444446,4.0,0.8314794192830981,3.487311111111111
1012,Old Yeller (1957),9,3.4444444444444446,3.5,0.6431020501550125,3.487311111111111
4678,UHF (1989),9,3.4444444444444446,3.5,1.1653431646335015,3.487311111111111
7123,Naked Lunch (1991),9,3.4444444444444446,3.5,0.7973722274670735,3.487311111111111
33437,Unleashed (Danny the Dog) (2005),9,3.4444444444444446,3.5,0.7243558228002943,3.487311111111111
49396,Tenacious D in The Pick of Destiny (2006),9,3.4444444444444446,3.5,0.49690399499995336,3.487311111111111
96110,"Campaign, The (2012)",9,3.4444444444444446,3.5,0.5983516452371671,3.487311111111111
62956,Futurama: Bender's Game (2008),9,3.4444444444444446,4.0,0.6849348892187752,3.487311111111111
133419,Pitch Perfect 2 (2015),9,3.4444444444444446,3.5,0.7617394000445605,3.487311111111111
3272,Bad Lieutenant (1992),8,3.4375,3.5,1.1021995055342748,3.4869485714285715
63062,Changeling (2008),8,3.4375,3.0,0.46351240544347894,3.4869485714285715
58299,Horton Hears a Who! (2008),8,3.4375,3.0,0.463512405443479,3.4869485714285715
407,In the Mouth of Madness (1995),8,3.4375,3.0,0.8816709987291178,3.4869485714285715
2348,Sid and Nancy (1986),8,3.4375,3.5,0.6817945071647322,3.4869485714285715
78574,Winter's Bone (2010),8,3.4375,3.0,0.7680128579652817,3.4869485714285715
143385,Bridge of Spies (2015),8,3.4375,4.0,0.982264602843857,3.4869485714285715
1396,Sneakers (1992),46,3.4782608695652173,3.5,0.6507230237867725,3.4868931506849314
236,French Kiss (1995),45,3.477777777777778,3.0,0.9064923579720506,3.486711111111111
71254,Gamer (2009),7,3.4285714285714284,3.5,0.3194382824999699,3.486564705882353
229,Death and the Maiden (1994),7,3.4285714285714284,3.0,0.7759128922285868,3.486564705882353
4889,Heist (2001),7,3.4285714285714284,3.5,0.41649656391752143,3.486564705882353
8880,Mask (1985),7,3.4285714285714284,4.0,0.7759128922285868,3.486564705882353
4951,Lord of the Flies (1990),7,3.4285714285714284,3.5,0.7284313590846836,3.486564705882353
6868,Wonderland (2003),7,3.4285714285714284,3.5,0.6776309271789385,3.486564705882353
3521,Mystery Train (1989),7,3.4285714285714284,4.0,1.1157499537009505,3.486564705882353
6639,Wait Until Dark (1967),7,3.4285714285714284,4.0,1.207966751806269,3.486564705882353
5303,Joe Versus the Volcano (1990),7,3.4285714285714284,4.0,1.0497813183356477,3.486564705882353
1376,Star Trek IV: The Voyage Home (1986),43,3.4767441860465116,3.5,1.0888092940204301,3.486331428571429
58103,Vantage Point (2008),6,3.4166666666666665,3.5,0.5335936864527375,3.486157575757576
2976,Bringing Out the Dead (1999),6,3.4166666666666665,3.5,0.7312470322826768,3.486157575757576
6669,Ikiru (1952),6,3.4166666666666665,3.5,1.1334558757279536,3.486157575757576
73268,Daybreakers (2010),6,3.4166666666666665,3.5,0.4487637339278754,3.486157575757576
79185,Knight and Day (2010),6,3.4166666666666665,3.5,1.1334558757279536,3.486157575757576
136598,Vacation (2015),6,3.4166666666666665,3.5,1.1334558757279536,3.486157575757576
2184,"Trouble with Harry, The (1955)",6,3.4166666666666665,3.0,0.9316949906249123,3.486157575757576
2099,Song of the South (1946),6,3.4166666666666665,3.0,0.6066758241067098,3.486157575757576
3412,"Bear, The (Ours, L') (1988)",6,3.4166666666666665,3.5,0.7312470322826768,3.486157575757576
64034,"Boy in the Striped Pajamas, The (Boy in the Striped Pyjamas, The) (2008)",6,3.4166666666666665,4.0,1.16963907063485,3.486157575757576
2282,Pecker (1998),6,3.4166666666666665,3.0,1.3043729868748772,3.486157575757576
7235,Ichi the Killer (Koroshiya 1) (2001),6,3.4166666666666665,3.0,0.8374896350934076,3.486157575757576
103372,"Heat, The (2013)",6,3.4166666666666665,3.5,0.8374896350934075,3.486157575757576
122890,Warcraft (2016),6,3.4166666666666665,3.5,0.8858454843945541,3.486157575757576
3210,Fast Times at Ridgemont High (1982),42,3.4761904761904763,3.5,0.8518354199999199,3.486133333333333
27020,Gia (1998),5,3.4,3.5,0.2,3.485725
2618,"Castle, The (1997)",5,3.4,3.5,0.3741657386773941,3.485725
6663,"Pink Panther Strikes Again, The (1976)",5,3.4,3.5,0.3741657386773941,3.485725
68073,Pirate Radio (2009),5,3.4,4.0,1.4966629547095762,3.485725
2077,"Journey of Natty Gann, The (1985)",5,3.4,3.5,0.5830951894845301,3.485725
4267,One Night at McCool's (2001),5,3.4,3.0,0.58309518948453,3.485725
104218,Grown Ups 2 (2013),5,3.4,3.5,1.1135528725660042,3.485725
340,"War, The (1994)",5,3.4,3.0,0.4898979485566356,3.485725
2070,Tender Mercies (1983),5,3.4,4.0,1.2,3.485725
8253,Lupin III: The Castle Of Cagliostro (Rupan sansei: Kariosutoro no shiro) (1979),5,3.4,3.5,1.019803902718557,3.485725
71379,Paranormal Activity (2009),5,3.4,3.0,1.1575836902790226,3.485725
175569,Wind River (2017),5,3.4,4.0,1.0677078252031311,3.485725
68,French Twist (Gazon maudit) (1995),5,3.4,3.0,1.0198039027185568,3.485725
7320,Dirty Dancing: Havana Nights (2004),5,3.4,3.0,0.7348469228349533,3.485725
469,"House of the Spirits, The (1993)",5,3.4,4.0,0.8,3.485725
2769,"Yards, The (2000)",5,3.4,4.0,1.2,3.485725
3528,"Prince of Tides, The (1991)",5,3.4,4.0,0.7999999999999999,3.485725
4220,"Longest Yard, The (1974)",5,3.4,4.0,0.8,3.485725
4372,Crazy/Beautiful (2001),5,3.4,3.0,1.019803902718557,3.485725
58105,"Spiderwick Chronicles, The (2008)",5,3.4,3.5,0.7348469228349535,3.485725
71135,Pandorum (2009),5,3.4,3.5,0.7348469228349535,3.485725
270,Love Affair (1994),5,3.4,3.0,1.2409673645990857,3.485725
550,Threesome (1994),5,3.4,3.0,1.019803902718557,3.485725
3425,Mo' Better Blues (1990),5,3.4,3.0,0.7348469228349535,3.485725
3994,Unbreakable (2000),73,3.4794520547945207,3.5,1.0251573757045946,3.4854320000000003
3516,"Bell, Book and Candle (1958)",4,3.375,3.0,0.414578098794425,3.4852645161290323
7048,Nothing to Lose (1997),4,3.375,3.5,0.81967981553775,3.4852645161290323
32289,Ice Princess (2005),4,3.375,2.5,1.0231690964840563,3.4852645161290323
2337,Velvet Goldmine (1998),4,3.375,3.0,0.4145780987944249,3.4852645161290323
2593,"Monster, The (Mostro, Il) (1994)",4,3.375,3.0,0.414578098794425,3.4852645161290323
4381,"Closet, The (Placard, Le) (2001)",4,3.375,3.0,1.0825317547305484,3.4852645161290323
6093,"Last Unicorn, The (1982)",4,3.375,2.5,1.1388041973930374,3.4852645161290323
74685,"Crazies, The (2010)",4,3.375,3.5,1.243734296383275,3.4852645161290323
5809,Femme Fatale (2002),4,3.375,3.0,0.6495190528383289,3.4852645161290323
26865,Fist of Legend (Jing wu ying xiong) (1994),4,3.375,3.0,1.5562374497485916,3.4852645161290323
61352,Traitor (2008),4,3.375,3.0,0.414578098794425,3.4852645161290323
72167,"Boondock Saints II: All Saints Day, The (2009)",4,3.375,3.5,1.4737282653189496,3.4852645161290323
86548,Water for Elephants (2011),4,3.375,3.5,0.21650635094610962,3.4852645161290323
840,House Arrest (1996),4,3.375,3.0,0.414578098794425,3.4852645161290323
4067,Untamed Heart (1993),4,3.375,3.5,0.81967981553775,3.4852645161290323
4850,Spriggan (Supurigan) (1998),4,3.375,3.0,0.739509972887452,3.4852645161290323
6658,10 (1979),4,3.375,3.5,0.8926785535678563,3.4852645161290323
1353,"Mirror Has Two Faces, The (1996)",4,3.375,3.0,0.960143218483576,3.4852645161290323
1447,Gridlock'd (1997),4,3.375,3.0,0.649519052838329,3.4852645161290323
2057,"Incredible Journey, The (1963)",4,3.375,3.0,0.649519052838329,3.4852645161290323
2970,Fitzcarraldo (1982),4,3.375,3.0,0.649519052838329,3.4852645161290323
5222,Kissing Jessica Stein (2001),4,3.375,4.0,1.709349291397168,3.4852645161290323
25825,Fury (1936),4,3.375,4.0,1.6723860200324565,3.4852645161290323
1099,"Christmas Carol, A (1938)",4,3.375,3.5,0.8196798155377502,3.4852645161290323
2693,Trekkies (1997),4,3.375,4.0,1.3863170633011772,3.4852645161290323
4585,"Dream Team, The (1989)",4,3.375,3.0,0.649519052838329,3.4852645161290323
4703,Chocolat (1988),4,3.375,3.5,1.4737282653189496,3.4852645161290323
85020,"Mechanic, The (2011)",4,3.375,3.0,0.739509972887452,3.4852645161290323
92507,Safe House (2012),4,3.375,3.5,0.5448623679425842,3.4852645161290323
103980,Blue Jasmine (2013),4,3.375,3.0,0.649519052838329,3.4852645161290323
513,Radioland Murders (1994),4,3.375,3.0,0.414578098794425,3.4852645161290323
4042,"Alamo, The (1960)",4,3.375,3.0,0.414578098794425,3.4852645161290323
4535,"Man from Snowy River, The (1982)",4,3.375,2.5,1.192424001771182,3.4852645161290323
8364,Baadasssss! (How to Get the Man's Foot Outta Your Ass) (2003),4,3.375,3.5,0.5448623679425841,3.4852645161290323
40851,Zathura (2005),4,3.375,3.0,0.649519052838329,3.4852645161290323
46967,Scoop (2006),4,3.375,3.0,0.739509972887452,3.4852645161290323
67267,Sunshine Cleaning (2008),4,3.375,3.5,0.8196798155377502,3.4852645161290323
146,"Amazing Panda Adventure, The (1995)",3,3.3333333333333335,3.0,0.4714045207910317,3.4847733333333335
536,"Simple Twist of Fate, A (1994)",3,3.3333333333333335,3.0,0.4714045207910317,3.4847733333333335
1827,"Big One, The (1997)",3,3.3333333333333335,3.5,0.6236095644623235,3.4847733333333335
2477,Firewalker (1986),3,3.3333333333333335,3.0,1.247219128924647,3.4847733333333335
3947,Get Carter (1971),3,3.3333333333333335,3.5,0.6236095644623235,3.4847733333333335
4991,Joe Somebody (2001),3,3.3333333333333335,3.0,0.4714045207910317,3.4847733333333335
5506,Blood Work (2002),3,3.3333333333333335,3.0,0.4714045207910317,3.4847733333333335
40962,"Yours, Mine and Ours (2005)",3,3.3333333333333335,3.0,0.8498365855987975,3.4847733333333335
56607,"Kite Runner, The (2007)",3,3.3333333333333335,3.5,0.6236095644623235,3.4847733333333335
65982,Outlander (2008),3,3.3333333333333335,3.0,0.4714045207910317,3.4847733333333335
141866,Green Room (2015),3,3.3333333333333335,3.0,0.4714045207910317,3.4847733333333335
113,Before and After (1996),3,3.3333333333333335,3.0,0.4714045207910317,3.4847733333333335
747,"Stupids, The (1996)",3,3.3333333333333335,3.0,0.4714045207910317,3.4847733333333335
2041,Condorman (1981),3,3.3333333333333335,4.0,0.9428090415820634,3.4847733333333335
3480,Lucas (1986),3,3.3333333333333335,4.0,0.9428090415820634,3.4847733333333335
4219,Girls Just Want to Have Fun (1985),3,3.3333333333333335,3.0,0.4714045207910317,3.4847733333333335
5485,Tadpole (2002),3,3.3333333333333335,3.0,1.247219128924647,3.4847733333333335
43460,Tristram Shandy: A Cock and Bull Story (2005),3,3.3333333333333335,3.0,0.4714045207910317,3.4847733333333335
152083,Whiskey Tango Foxtrot (2016),3,3.3333333333333335,3.0,0.4714045207910317,3.4847733333333335
4849,My First Mister (2001),3,3.3333333333333335,3.0,0.4714045207910317,3.4847733333333335
4916,Midway (1976),3,3.3333333333333335,3.0,0.4714045207910317,3.4847733333333335
6002,Love Liza (2002),3,3.3333333333333335,3.5,0.23570226039551584,3.4847733333333335
6063,May (2002),3,3.3333333333333335,3.5,0.6236095644623235,3.4847733333333335
8836,Wicker Park (2004),3,3.3333333333333335,3.5,0.6236095644623235,3.4847733333333335
61289,Sukiyaki Western Django (2008),3,3.3333333333333335,3.0,0.8498365855987975,3.4847733333333335
74508,Persuasion (2007),3,3.3333333333333335,3.5,1.0274023338281628,3.4847733333333335
94833,"Pirates! Band of Misfits, The (2012)",3,3.3333333333333335,3.5,0.6236095644623235,3.4847733333333335
1629,"MatchMaker, The (1997)",3,3.3333333333333335,4.0,0.9428090415820634,3.4847733333333335
2024,"Rapture, The (1991)",3,3.3333333333333335,3.0,0.4714045207910317,3.4847733333333335
2782,Pit and the Pendulum (1961),3,3.3333333333333335,3.5,1.0274023338281628,3.4847733333333335
4488,Colors (1988),3,3.3333333333333335,3.0,0.4714045207910317,3.4847733333333335
5333,Bob le Flambeur (1955),3,3.3333333333333335,3.0,0.4714045207910317,3.4847733333333335
6436,This Boy's Life (1993),3,3.3333333333333335,3.0,0.8498365855987975,3.4847733333333335
33896,3 Extremes (Three... Extremes) (Saam gaang yi) (2004),3,3.3333333333333335,3.5,0.6236095644623235,3.4847733333333335
49647,Charlotte's Web (2006),3,3.3333333333333335,3.5,0.6236095644623235,3.4847733333333335
691,Mrs. Winterbourne (1996),3,3.3333333333333335,3.0,0.4714045207910317,3.4847733333333335
1401,Ghosts of Mississippi (1996),3,3.3333333333333335,4.0,0.9428090415820634,3.4847733333333335
3537,Where the Money Is (2000),3,3.3333333333333335,3.0,1.247219128924647,3.4847733333333335
4003,She's Having a Baby (1988),3,3.3333333333333335,3.0,0.4714045207910317,3.4847733333333335
4043,At Close Range (1986),3,3.3333333333333335,3.0,0.4714045207910317,3.4847733333333335
4409,Shadows and Fog (1991),3,3.3333333333333335,3.5,0.23570226039551584,3.4847733333333335
4833,"Changeling, The (1980)",3,3.3333333333333335,3.5,0.6236095644623235,3.4847733333333335
7354,Mad Dog and Glory (1993),3,3.3333333333333335,3.5,0.23570226039551584,3.4847733333333335
33639,Mad Hot Ballroom (2005),3,3.3333333333333335,3.5,0.23570226039551584,3.4847733333333335
99728,Gangster Squad (2013),3,3.3333333333333335,3.5,0.6236095644623235,3.4847733333333335
160567,Mike & Dave Need Wedding Dates (2016),3,3.3333333333333335,3.5,1.0274023338281628,3.4847733333333335
156,Blue in the Face (1995),3,3.3333333333333335,4.0,0.9428090415820634,3.4847733333333335
1904,Henry Fool (1997),3,3.3333333333333335,3.0,1.247219128924647,3.4847733333333335
3055,Felicia's Journey (1999),3,3.3333333333333335,3.0,0.4714045207910317,3.4847733333333335
3769,Thunderbolt and Lightfoot (1974),3,3.3333333333333335,3.0,0.4714045207910317,3.4847733333333335
25937,Easter Parade (1948),3,3.3333333333333335,3.5,0.23570226039551584,3.4847733333333335
27408,Ripley's Game (2002),3,3.3333333333333335,3.5,0.6236095644623235,3.4847733333333335
64167,Dinotopia (2002),3,3.3333333333333335,3.5,0.23570226039551584,3.4847733333333335
135532,The Last Witch Hunter (2015),3,3.3333333333333335,3.5,1.0274023338281628,3.4847733333333335
731,Heaven's Prisoners (1996),3,3.3333333333333335,3.0,0.4714045207910317,3.4847733333333335
2633,"Mummy, The (1932)",3,3.3333333333333335,4.0,0.9428090415820634,3.4847733333333335
2634,"Mummy, The (1959)",3,3.3333333333333335,3.0,0.4714045207910317,3.4847733333333335
3179,Angela's Ashes (1999),3,3.3333333333333335,3.0,0.4714045207910317,3.4847733333333335
6197,Spider (2002),3,3.3333333333333335,3.5,0.23570226039551584,3.4847733333333335
6898,Sweet Sixteen (2002),3,3.3333333333333335,3.5,0.6236095644623235,3.4847733333333335
7009,Lorenzo's Oil (1992),3,3.3333333333333335,3.5,0.23570226039551584,3.4847733333333335
36537,Thumbsucker (2005),3,3.3333333333333335,3.5,0.6236095644623235,3.4847733333333335
71668,Couples Retreat (2009),3,3.3333333333333335,3.0,0.8498365855987975,3.4847733333333335
114074,The Skeleton Twins (2014),3,3.3333333333333335,3.0,0.4714045207910317,3.4847733333333335
177615,Lady Bird (2017),3,3.3333333333333335,3.0,0.8498365855987975,3.4847733333333335
78,"Crossing Guard, The (1995)",3,3.3333333333333335,3.0,0.4714045207910317,3.4847733333333335
1604,Money Talks (1997),3,3.3333333333333335,3.0,0.4714045207910317,3.4847733333333335
3185,Snow Falling on Cedars (1999),3,3.3333333333333335,3.0,0.4714045207910317,3.4847733333333335
4688,Black Robe (1991),3,3.3333333333333335,3.5,0.6236095644623235,3.4847733333333335
53550,Rescue Dawn (2006),3,3.3333333333333335,3.5,0.6236095644623235,3.4847733333333335
108949,"Art of the Steal, The (2013)",3,3.3333333333333335,3.5,0.6236095644623235,3.4847733333333335
313,"Swan Princess, The (1994)",3,3.3333333333333335,3.0,0.4714045207910317,3.4847733333333335
1465,Rosewood (1997),3,3.3333333333333335,4.0,0.9428090415820634,3.4847733333333335
1529,Nowhere (1997),3,3.3333333333333335,3.5,0.6236095644623235,3.4847733333333335
3626,8 ½ Women (a.k.a. 8 1/2 Women) (a.k.a. Eight and a Half Women) (1999),3,3.3333333333333335,3.0,0.4714045207910317,3.4847733333333335
6433,"Man with the Movie Camera, The (Chelovek s kino-apparatom) (1929)",3,3.3333333333333335,3.0,1.247219128924647,3.4847733333333335
6650,Kind Hearts and Coronets (1949),3,3.3333333333333335,4.0,1.699673171197595,3.4847733333333335
7310,Raw Deal (1986),3,3.3333333333333335,3.5,0.6236095644623235,3.4847733333333335
7810,Babylon 5: A Call to Arms (1999),3,3.3333333333333335,3.0,0.4714045207910317,3.4847733333333335
58303,"Counterfeiters, The (Die Fälscher) (2007)",3,3.3333333333333335,4.0,1.3123346456686351,3.4847733333333335
110297,Muppets Most Wanted (2014),3,3.3333333333333335,3.5,0.23570226039551584,3.4847733333333335
178061,"I, Tonya (2017)",3,3.3333333333333335,3.0,0.4714045207910317,3.4847733333333335
31696,Constantine (2005),35,3.4714285714285715,3.5,0.8778452283278411,3.484567741935484
1460,That Darn Cat (1997),2,3.25,3.0,0.25,3.4842482758620688
1547,Shiloh (1997),2,3.25,3.0,0.25,3.4842482758620688
4959,"Affair of the Necklace, The (2001)",2,3.25,3.0,0.25,3.4842482758620688
5853,Scanners (1981),2,3.25,3.0,0.25,3.4842482758620688
7067,Juliet of the Spirits (Giulietta degli spiriti) (1965),2,3.25,2.5,0.75,3.4842482758620688
8832,Warriors of Heaven and Earth (Tian di ying xiong) (2003),2,3.25,3.0,0.25,3.4842482758620688
26413,Snake in the Eagle's Shadow (Se ying diu sau) (1978),2,3.25,3.0,0.25,3.4842482758620688
88672,Our Idiot Brother (2011),2,3.25,3.0,0.25,3.4842482758620688
88954,"Very Harold & Kumar 3D Christmas, A (2011)",2,3.25,3.0,0.25,3.4842482758620688
96004,Dragon Ball Z: The History of Trunks (Doragon bôru Z: Zetsubô e no hankô!! Nokosareta chô senshi - Gohan to Torankusu) (1993),2,3.25,2.0,1.25,3.4842482758620688
101739,Evil Dead (2013),2,3.25,3.0,0.25,3.4842482758620688
148652,The Ridiculous 6 (2015),2,3.25,3.0,0.25,3.4842482758620688
384,Bad Company (1995),2,3.25,3.0,0.25,3.4842482758620688
3150,"War Zone, The (1999)",2,3.25,2.5,0.75,3.4842482758620688
3901,Duets (2000),2,3.25,3.0,0.25,3.4842482758620688
5529,Serving Sara (2002),2,3.25,2.5,0.75,3.4842482758620688
5667,Tuck Everlasting (2002),2,3.25,3.0,0.25,3.4842482758620688
6405,Treasure Island (1950),2,3.25,3.0,0.25,3.4842482758620688
6909,"Eye, The (Gin gwai) (Jian gui) (2002)",2,3.25,2.5,0.75,3.4842482758620688
7085,Send Me No Flowers (1964),2,3.25,3.0,0.25,3.4842482758620688
7884,Highway 61 (1991),2,3.25,2.5,0.75,3.4842482758620688
8596,Revenge of the Pink Panther (1978),2,3.25,3.0,0.25,3.4842482758620688
8605,Taxi 3 (2003),2,3.25,2.0,1.25,3.4842482758620688
54276,No Reservations (2007),2,3.25,3.0,0.25,3.4842482758620688
57536,Strange Wilderness (2008),2,3.25,3.0,0.25,3.4842482758620688
77191,Death at a Funeral (2010),2,3.25,2.5,0.75,3.4842482758620688
99910,"Last Stand, The (2013)",2,3.25,3.0,0.25,3.4842482758620688
141004,Victor Frankenstein (2015),2,3.25,2.0,1.25,3.4842482758620688
159415,Swiss Army Man (2016),2,3.25,2.5,0.75,3.4842482758620688
5569,"Last House on the Left, The (1972)",2,3.25,3.0,0.25,3.4842482758620688
5707,Absence of Malice (1981),2,3.25,3.0,0.25,3.4842482758620688
5893,"Last Seduction, The (1994)",2,3.25,2.5,0.75,3.4842482758620688
6780,"Brief History of Time, A (1991)",2,3.25,3.0,0.25,3.4842482758620688
7108,Crime Story (Zhong an zu) (1993),2,3.25,3.0,0.25,3.4842482758620688
26504,Cloak & Dagger (1984),2,3.25,3.0,0.25,3.4842482758620688
51927,Dead Silence (2007),2,3.25,3.0,0.25,3.4842482758620688
75395,Frozen (2010),2,3.25,3.0,0.25,3.4842482758620688
80846,Devil (2010),2,3.25,3.0,0.25,3.4842482758620688
89030,Fright Night (2011),2,3.25,3.0,0.25,3.4842482758620688
95147,Dragon Ball: Sleeping Princess in Devil's Castle (Doragon bôru: Majinjô no nemuri hime) (1987),2,3.25,3.0,0.25,3.4842482758620688
139855,Anomalisa (2015),2,3.25,3.0,0.25,3.4842482758620688
547,Surviving the Game (1994),2,3.25,2.5,0.75,3.4842482758620688
1417,"Portrait of a Lady, The (1996)",2,3.25,3.0,0.25,3.4842482758620688
2546,"Deep End of the Ocean, The (1999)",2,3.25,2.5,0.75,3.4842482758620688
2766,"Adventures of Sebastian Cole, The (1998)",2,3.25,3.0,0.25,3.4842482758620688
2929,Reds (1981),2,3.25,3.0,0.25,3.4842482758620688
3539,"Filth and the Fury, The (2000)",2,3.25,2.5,0.75,3.4842482758620688
4080,Baby Boom (1987),2,3.25,3.0,0.25,3.4842482758620688
4252,"Circle, The (Dayereh) (2000)",2,3.25,3.0,0.25,3.4842482758620688
4683,"Wizard, The (1989)",2,3.25,2.5,0.75,3.4842482758620688
4863,Female Trouble (1975),2,3.25,2.0,1.25,3.4842482758620688
5069,Escaflowne: The Movie (Escaflowne) (2000),2,3.25,2.5,0.75,3.4842482758620688
5512,Secret Ballot (Raye makhfi) (2001),2,3.25,3.0,0.25,3.4842482758620688
7222,Reefer Madness (a.k.a. Tell Your Children) (1938),2,3.25,2.5,0.75,3.4842482758620688
8609,Our Hospitality (1923),2,3.25,3.0,0.25,3.4842482758620688
26750,Quigley Down Under (1990),2,3.25,3.0,0.25,3.4842482758620688
31694,Bride & Prejudice (2004),2,3.25,3.0,0.25,3.4842482758620688
48879,Catch a Fire (2006),2,3.25,2.5,0.75,3.4842482758620688
54745,Rocket Science (2007),2,3.25,3.0,0.25,3.4842482758620688
55620,For the Bible Tells Me So (2007),2,3.25,3.0,0.25,3.4842482758620688
104129,Man of Tai Chi (2013),2,3.25,2.0,1.25,3.4842482758620688
106062,Jackass Presents: Bad Grandpa (2013),2,3.25,2.5,0.75,3.4842482758620688
115231,St. Vincent (2014),2,3.25,2.5,0.75,3.4842482758620688
127136,True Story (2015),2,3.25,2.5,0.75,3.4842482758620688
141830,Unbelievable Adventures of Italians in Russia (1974),2,3.25,2.0,1.25,3.4842482758620688
1829,Chinese Box (1997),2,3.25,3.0,0.25,3.4842482758620688
4428,"Misfits, The (1961)",2,3.25,2.5,0.75,3.4842482758620688
6223,Spun (2001),2,3.25,2.5,0.75,3.4842482758620688
6568,Camp (2003),2,3.25,2.0,1.25,3.4842482758620688
8578,Undead (2003),2,3.25,3.0,0.25,3.4842482758620688
52579,"Vie en Rose, La (Môme, La) (2007)",2,3.25,3.0,0.25,3.4842482758620688
58107,Step Up 2 the Streets (2008),2,3.25,2.5,0.75,3.4842482758620688
58876,Stop-Loss (2008),2,3.25,3.0,0.25,3.4842482758620688
92048,"Whistleblower, The (2010)",2,3.25,2.5,0.75,3.4842482758620688
104419,Justice League: Crisis on Two Earths (2010),2,3.25,2.5,0.75,3.4842482758620688
106438,Philomena (2013),2,3.25,2.0,1.25,3.4842482758620688
1621,Soul Food (1997),2,3.25,2.0,1.25,3.4842482758620688
1937,Going My Way (1944),2,3.25,3.0,0.25,3.4842482758620688
6994,"Hard Way, The (1991)",2,3.25,1.5,1.75,3.4842482758620688
7440,Paper Clips (2004),2,3.25,2.5,0.75,3.4842482758620688
8451,Blackboard Jungle (1955),2,3.25,3.0,0.25,3.4842482758620688
25856,Wuthering Heights (1939),2,3.25,3.0,0.25,3.4842482758620688
51498,2001 Maniacs (2005),2,3.25,3.0,0.25,3.4842482758620688
54116,First Snow (2006),2,3.25,3.0,0.25,3.4842482758620688
86817,Something Borrowed (2011),2,3.25,2.5,0.75,3.4842482758620688
135456,Ghost in the Shell: Stand Alone Complex - The Laughing Man (2005),2,3.25,3.0,0.25,3.4842482758620688
171867,Rough Night (2017),2,3.25,2.0,1.25,3.4842482758620688
3283,Minnie and Moskowitz (1971),2,3.25,2.0,1.25,3.4842482758620688
3368,"Big Country, The (1958)",2,3.25,3.0,0.25,3.4842482758620688
4574,Blind Fury (1989),2,3.25,3.0,0.25,3.4842482758620688
4600,Gross Anatomy (a.k.a. A Cut Above) (1989),2,3.25,2.5,0.75,3.4842482758620688
4690,"Cotton Club, The (1984)",2,3.25,3.0,0.25,3.4842482758620688
5202,Mon oncle d'Amérique (1980),2,3.25,2.5,0.75,3.4842482758620688
5499,Robin and Marian (1976),2,3.25,3.0,0.25,3.4842482758620688
7581,"Fountainhead, The (1949)",2,3.25,3.0,0.25,3.4842482758620688
37545,Woyzeck (1979),2,3.25,3.0,0.25,3.4842482758620688
55080,"Brave One, The (2007)",2,3.25,2.5,0.75,3.4842482758620688
61465,Bangkok Dangerous (2008),2,3.25,3.0,0.25,3.4842482758620688
105355,Blue Is the Warmest Color (La vie d'Adèle) (2013),2,3.25,2.5,0.75,3.4842482758620688
1718,Stranger in the House (1997),2,3.25,2.0,1.25,3.4842482758620688
4200,Double Impact (1991),2,3.25,2.0,1.25,3.4842482758620688
4796,"Grass Is Greener, The (1960)",2,3.25,3.0,0.25,3.4842482758620688
5282,High Crimes (2002),2,3.25,2.5,0.75,3.4842482758620688
6035,Pépé le Moko (1937),2,3.25,2.5,0.75,3.4842482758620688
8492,"Christmas Carol, A (Scrooge) (1951)",2,3.25,3.0,0.25,3.4842482758620688
8809,Danny Deckchair (2003),2,3.25,2.5,0.75,3.4842482758620688
48883,Death of a President (2006),2,3.25,3.0,0.25,3.4842482758620688
63222,JCVD (2008),2,3.25,2.5,0.75,3.4842482758620688
80727,Middle Men (2009),2,3.25,2.5,0.75,3.4842482758620688
80880,Stone (2010),2,3.25,2.5,0.75,3.4842482758620688
155812,Get a Job (2016),2,3.25,2.5,0.75,3.4842482758620688
2071,And the Band Played On (1993),2,3.25,3.0,0.25,3.4842482758620688
2210,Sabotage (1936),2,3.25,3.0,0.25,3.4842482758620688
2784,"Masque of the Red Death, The (1964)",2,3.25,3.0,0.25,3.4842482758620688
3240,"Big Tease, The (1999)",2,3.25,2.5,0.75,3.4842482758620688
4743,Tortilla Soup (2001),2,3.25,3.0,0.25,3.4842482758620688
5131,How to Kill Your Neighbor's Dog (2000),2,3.25,2.0,1.25,3.4842482758620688
5521,"Principal, The (1987)",2,3.25,2.5,0.75,3.4842482758620688
5682,"Grey Zone, The (2001)",2,3.25,2.5,0.75,3.4842482758620688
27441,Blood: The Last Vampire (2000),2,3.25,2.5,0.75,3.4842482758620688
27664,"Brown Bunny, The (2003)",2,3.25,3.0,0.25,3.4842482758620688
45382,Down in the Valley (2005),2,3.25,2.5,0.75,3.4842482758620688
47124,"Ant Bully, The (2006)",2,3.25,3.0,0.25,3.4842482758620688
103539,The Spectacular Now (2013),2,3.25,2.5,0.75,3.4842482758620688
114627,Angel's Egg (Tenshi no tamago) (1985),2,3.25,3.0,0.25,3.4842482758620688
132422,Da Sweet Blood of Jesus (2014),2,3.25,2.0,1.25,3.4842482758620688
161922,The Edge of Seventeen (2016),2,3.25,3.0,0.25,3.4842482758620688
165947,The True Memoirs of an International Assassin (2016),2,3.25,2.5,0.75,3.4842482758620688
176419,Mother! (2017),2,3.25,3.0,0.25,3.4842482758620688
184791,Fred Armisen: Standup for Drummers (2018),2,3.25,2.5,0.75,3.4842482758620688
187031,Jurassic World: Fallen Kingdom (2018),2,3.25,2.5,0.75,3.4842482758620688
8917,Team America: World Police (2004),32,3.46875,3.5,1.117597171390479,3.4837830508474577
202,Total Eclipse (1995),1,3.0,3.0,0.0,3.483685714285714
311,Relative Fear (1994),1,3.0,3.0,0.0,3.483685714285714
726,Last Dance (1996),1,3.0,3.0,0.0,3.483685714285714
1114,"Funeral, The (1996)",1,3.0,3.0,0.0,3.483685714285714
2370,"Emerald Forest, The (1985)",1,3.0,3.0,0.0,3.483685714285714
2415,Violets Are Blue... (1986),1,3.0,3.0,0.0,3.483685714285714
2451,"Gate, The (1987)",1,3.0,3.0,0.0,3.483685714285714
2611,"Winslow Boy, The (1999)",1,3.0,3.0,0.0,3.483685714285714
2727,Killer's Kiss (1955),1,3.0,3.0,0.0,3.483685714285714
2856,I Saw What You Did (1965),1,3.0,3.0,0.0,3.483685714285714
3622,"Twelve Chairs, The (1970)",1,3.0,3.0,0.0,3.483685714285714
3692,Class of Nuke 'Em High (1986),1,3.0,3.0,0.0,3.483685714285714
3807,Sinbad and the Eye of the Tiger (1977),1,3.0,3.0,0.0,3.483685714285714
3870,Our Town (1940),1,3.0,3.0,0.0,3.483685714285714
4111,Gardens of Stone (1987),1,3.0,3.0,0.0,3.483685714285714
4212,Death on the Nile (1978),1,3.0,3.0,0.0,3.483685714285714
4521,Little Nikita (1988),1,3.0,3.0,0.0,3.483685714285714
4594,Farewell to the King (1989),1,3.0,3.0,0.0,3.483685714285714
4769,Into the Arms of Strangers: Stories of the Kindertransport (2000),1,3.0,3.0,0.0,3.483685714285714
4827,"Boogeyman, The (1980)",1,3.0,3.0,0.0,3.483685714285714
5390,CQ (2001),1,3.0,3.0,0.0,3.483685714285714
5440,She Wore a Yellow Ribbon (1949),1,3.0,3.0,0.0,3.483685714285714
5773,Neighbors (1981),1,3.0,3.0,0.0,3.483685714285714
6033,Mystery Date (1991),1,3.0,3.0,0.0,3.483685714285714
6036,Secret Admirer (1985),1,3.0,3.0,0.0,3.483685714285714
6434,"Objective, Burma! (1945)",1,3.0,3.0,0.0,3.483685714285714
6748,"Brood, The (1979)",1,3.0,3.0,0.0,3.483685714285714
6817,"White Hunter, Black Heart (1990)",1,3.0,3.0,0.0,3.483685714285714
7012,Mr. Destiny (1990),1,3.0,3.0,0.0,3.483685714285714
8189,Zazie dans le métro (1960),1,3.0,3.0,0.0,3.483685714285714
26887,"Langoliers, The (1995)",1,3.0,3.0,0.0,3.483685714285714
27140,Candyman 3: Day of the Dead (1999),1,3.0,3.0,0.0,3.483685714285714
32743,Ringu 0: Bâsudei (2000),1,3.0,3.0,0.0,3.483685714285714
33558,"Snow Walker, The (2003)",1,3.0,3.0,0.0,3.483685714285714
34330,November (2004),1,3.0,3.0,0.0,3.483685714285714
44197,Find Me Guilty (2006),1,3.0,3.0,0.0,3.483685714285714
55110,December Boys (2007),1,3.0,3.0,0.0,3.483685714285714
56620,"Deaths of Ian Stone, The (2007)",1,3.0,3.0,0.0,3.483685714285714
60894,"Edge of Love, The (2008)",1,3.0,3.0,0.0,3.483685714285714
62799,"Express, The (2008)",1,3.0,3.0,0.0,3.483685714285714
65193,Wild Child (2008),1,3.0,3.0,0.0,3.483685714285714
71341,Blood Creek (a.k.a. Town Creek) (2009),1,3.0,3.0,0.0,3.483685714285714
71867,"Misfortunates, The (De helaasheid der dingen) (2009)",1,3.0,3.0,0.0,3.483685714285714
87960,Between the Folds (2008),1,3.0,3.0,0.0,3.483685714285714
93610,Space Battleship Yamato (2010),1,3.0,3.0,0.0,3.483685714285714
97328,Liberal Arts (2012),1,3.0,3.0,0.0,3.483685714285714
100304,"Liability, The (2012)",1,3.0,3.0,0.0,3.483685714285714
102590,Darkon (2006),1,3.0,3.0,0.0,3.483685714285714
103027,Much Ado About Nothing (2012),1,3.0,3.0,0.0,3.483685714285714
111795,Million Dollar Arm (2014),1,3.0,3.0,0.0,3.483685714285714
138702,Feast (2014),1,3.0,3.0,0.0,3.483685714285714
147662,Return of the One-Armed Swordsman (1969),1,3.0,3.0,0.0,3.483685714285714
163653,David Cross: Making America Great Again (2016),1,3.0,3.0,0.0,3.483685714285714
166705,Fences (2016),1,3.0,3.0,0.0,3.483685714285714
168608,Mudbound (2017),1,3.0,3.0,0.0,3.483685714285714
170937,Win It All (2017),1,3.0,3.0,0.0,3.483685714285714
171695,Robin Williams: Live on Broadway (2002),1,3.0,3.0,0.0,3.483685714285714
172229,Plain Clothes (1988),1,3.0,3.0,0.0,3.483685714285714
172461,Get Me Roger Stone (2017),1,3.0,3.0,0.0,3.483685714285714
175707,A German Life (2016),1,3.0,3.0,0.0,3.483685714285714
243,Gordy (1995),1,3.0,3.0,0.0,3.483685714285714
320,Suture (1993),1,3.0,3.0,0.0,3.483685714285714
510,Poetic Justice (1993),1,3.0,3.0,0.0,3.483685714285714
618,Two Much (1995),1,3.0,3.0,0.0,3.483685714285714
2462,Texas Chainsaw Massacre: The Next Generation (a.k.a. The Return of the Texas Chainsaw Massacre) (1994),1,3.0,3.0,0.0,3.483685714285714
2656,Tarantula (1955),1,3.0,3.0,0.0,3.483685714285714
2774,Better Than Chocolate (1999),1,3.0,3.0,0.0,3.483685714285714
2812,In Too Deep (1999),1,3.0,3.0,0.0,3.483685714285714
2979,Body Shots (1999),1,3.0,3.0,0.0,3.483685714285714
3162,Simpatico (1999),1,3.0,3.0,0.0,3.483685714285714
3652,"City of the Living Dead (a.k.a. Gates of Hell, The) (Paura nella città dei morti viventi) (1980)",1,3.0,3.0,0.0,3.483685714285714
3658,Quatermass and the Pit (1967),1,3.0,3.0,0.0,3.483685714285714
3731,Cutter's Way (1981),1,3.0,3.0,0.0,3.483685714285714
3806,Mackenna's Gold (1969),1,3.0,3.0,0.0,3.483685714285714
3974,"Little Vampire, The (2000)",1,3.0,3.0,0.0,3.483685714285714
4074,"Legend of Rita, The (Stille nach dem Schuß, Die) (1999)",1,3.0,3.0,0.0,3.483685714285714
4722,All Over the Guy (2001),1,3.0,3.0,0.0,3.483685714285714
5272,Time Out (L'emploi du temps) (2001),1,3.0,3.0,0.0,3.483685714285714
5311,"Watcher in the Woods, The (1980)",1,3.0,3.0,0.0,3.483685714285714
5929,"Party 2, The (Boum 2, La) (1982)",1,3.0,3.0,0.0,3.483685714285714
5947,Evelyn (2002),1,3.0,3.0,0.0,3.483685714285714
6042,Blind Spot: Hitler's Secretary (Im toten Winkel - Hitlers Sekretärin) (2002),1,3.0,3.0,0.0,3.483685714285714
6883,Sylvia (2003),1,3.0,3.0,0.0,3.483685714285714
7165,"Company, The (2003)",1,3.0,3.0,0.0,3.483685714285714
7727,Protocol (1984),1,3.0,3.0,0.0,3.483685714285714
7822,Mogambo (1953),1,3.0,3.0,0.0,3.483685714285714
8462,Executive Suite (1954),1,3.0,3.0,0.0,3.483685714285714
8755,My Voyage to Italy (Il mio viaggio in Italia) (1999),1,3.0,3.0,0.0,3.483685714285714
8773,Sherlock Holmes and the Secret Weapon (1942),1,3.0,3.0,0.0,3.483685714285714
26701,Patlabor: The Movie (Kidô keisatsu patorebâ: The Movie) (1989),1,3.0,3.0,0.0,3.483685714285714
30890,"Keys to the House, The (Chiavi di casa, Le) (2004)",1,3.0,3.0,0.0,3.483685714285714
31851,Sons of the Desert (1933),1,3.0,3.0,0.0,3.483685714285714
31867,Man of the House (2005),1,3.0,3.0,0.0,3.483685714285714
32875,Holiday (Jour de fête) (1949),1,3.0,3.0,0.0,3.483685714285714
37211,Go West (1940),1,3.0,3.0,0.0,3.483685714285714
37475,"Unfinished Life, An (2005)",1,3.0,3.0,0.0,3.483685714285714
40617,Creep (2004),1,3.0,3.0,0.0,3.483685714285714
43930,Just My Luck (2006),1,3.0,3.0,0.0,3.483685714285714
45106,American Dreamz (2006),1,3.0,3.0,0.0,3.483685714285714
47952,"Covenant, The (2006)",1,3.0,3.0,0.0,3.483685714285714
48150,"Woods, The (2006)",1,3.0,3.0,0.0,3.483685714285714
51573,Meshes of the Afternoon (1943),1,3.0,3.0,0.0,3.483685714285714
55190,Love and Other Disasters (2006),1,3.0,3.0,0.0,3.483685714285714
55854,"Fugitive, The (1947)",1,3.0,3.0,0.0,3.483685714285714
57499,Heaven and Earth (Ten to Chi to) (1990),1,3.0,3.0,0.0,3.483685714285714
57526,Untraceable (2008),1,3.0,3.0,0.0,3.483685714285714
59738,All the Boys Love Mandy Lane (2006),1,3.0,3.0,0.0,3.483685714285714
66427,My Name Is Bruce (2007),1,3.0,3.0,0.0,3.483685714285714
72601,Teenage Mutant Ninja Turtles: Turtles Forever (2009),1,3.0,3.0,0.0,3.483685714285714
73808,"Chaser, The (Chugyeogja) (2008)",1,3.0,3.0,0.0,3.483685714285714
82641,"One-Armed Swordsman, The (Dubei dao) (1967)",1,3.0,3.0,0.0,3.483685714285714
84523,Kill! (Kiru) (1968),1,3.0,3.0,0.0,3.483685714285714
90428,Margaret (2011),1,3.0,3.0,0.0,3.483685714285714
92046,Contact High (2009),1,3.0,3.0,0.0,3.483685714285714
97936,Anna Karenina (2012),1,3.0,3.0,0.0,3.483685714285714
99087,Playing for Keeps (2012),1,3.0,3.0,0.0,3.483685714285714
102058,Hulk Vs. (2009),1,3.0,3.0,0.0,3.483685714285714
104141,Batman: Mystery of the Batwoman (2003),1,3.0,3.0,0.0,3.483685714285714
113374,"Old Lady and the Pigeons, The (La vieille dame et les pigeons) (1997)",1,3.0,3.0,0.0,3.483685714285714
124484,Kenny & Company (1976),1,3.0,3.0,0.0,3.483685714285714
136024,The Professional: Golgo 13 (1983),1,3.0,3.0,0.0,3.483685714285714
159193,Café Society (2016),1,3.0,3.0,0.0,3.483685714285714
168174,Jim Gaffigan: Cinco (2017),1,3.0,3.0,0.0,3.483685714285714
175781,Der Herr Karl (1961),1,3.0,3.0,0.0,3.483685714285714
137,Man of the Year (1995),1,3.0,3.0,0.0,3.483685714285714
189,Reckless (1995),1,3.0,3.0,0.0,3.483685714285714
706,Sunset Park (1996),1,3.0,3.0,0.0,3.483685714285714
775,Spirits of the Dead (1968),1,3.0,3.0,0.0,3.483685714285714
976,"Farewell to Arms, A (1932)",1,3.0,3.0,0.0,3.483685714285714
1119,Drunks (1995),1,3.0,3.0,0.0,3.483685714285714
1516,Children of the Revolution (1996),1,3.0,3.0,0.0,3.483685714285714
1685,"I Love You, I Love You Not (1996)",1,3.0,3.0,0.0,3.483685714285714
1794,Love and Death on Long Island (1997),1,3.0,3.0,0.0,3.483685714285714
2207,Jamaica Inn (1939),1,3.0,3.0,0.0,3.483685714285714
2307,One Tough Cop (1998),1,3.0,3.0,0.0,3.483685714285714
3514,Joe Gould's Secret (2000),1,3.0,3.0,0.0,3.483685714285714
4197,Real Life (1979),1,3.0,3.0,0.0,3.483685714285714
4704,Hatari! (1962),1,3.0,3.0,0.0,3.483685714285714
5063,One-Eyed Jacks (1961),1,3.0,3.0,0.0,3.483685714285714
5384,I Want to Live! (1958),1,3.0,3.0,0.0,3.483685714285714
5635,"Man from Elysian Fields, The (2001)",1,3.0,3.0,0.0,3.483685714285714
5684,Naqoyqatsi (2002),1,3.0,3.0,0.0,3.483685714285714
6477,"Song of Bernadette, The (1943)",1,3.0,3.0,0.0,3.483685714285714
6561,"Mouse That Roared, The (1959)",1,3.0,3.0,0.0,3.483685714285714
6986,Ben-Hur: A Tale of the Christ (1925),1,3.0,3.0,0.0,3.483685714285714
7049,Flying Down to Rio (1933),1,3.0,3.0,0.0,3.483685714285714
7052,Mary of Scotland (1936),1,3.0,3.0,0.0,3.483685714285714
7372,Ned Kelly (2003),1,3.0,3.0,0.0,3.483685714285714
7882,The Plague of the Zombies (1966),1,3.0,3.0,0.0,3.483685714285714
8711,Mr. Blandings Builds His Dream House (1948),1,3.0,3.0,0.0,3.483685714285714
25746,"Hunchback of Notre Dame, The (1923)",1,3.0,3.0,0.0,3.483685714285714
26464,Blue Thunder (1983),1,3.0,3.0,0.0,3.483685714285714
26900,"Last Wedding, The (Kivenpyörittäjän kylä) (1995)",1,3.0,3.0,0.0,3.483685714285714
27746,Ginger Snaps: Unleashed (2004),1,3.0,3.0,0.0,3.483685714285714
27769,Down to the Bone (2004),1,3.0,3.0,0.0,3.483685714285714
31617,El Cid (1961),1,3.0,3.0,0.0,3.483685714285714
42285,"Dentist, The (1996)",1,3.0,3.0,0.0,3.483685714285714
42559,Samurai Assassin (Samurai) (1965),1,3.0,3.0,0.0,3.483685714285714
44657,Mouchette (1967),1,3.0,3.0,0.0,3.483685714285714
61692,Altered (2006),1,3.0,3.0,0.0,3.483685714285714
65135,Blackadder's Christmas Carol (1988),1,3.0,3.0,0.0,3.483685714285714
74696,Last Train Home (2009),1,3.0,3.0,0.0,3.483685714285714
84637,Gnomeo & Juliet (2011),1,3.0,3.0,0.0,3.483685714285714
89945,BlinkyTM (2011),1,3.0,3.0,0.0,3.483685714285714
95839,"Christmas Carol, A (1999)",1,3.0,3.0,0.0,3.483685714285714
97785,Silent Hill: Revelation 3D (2012),1,3.0,3.0,0.0,3.483685714285714
99574,Promised Land (2012),1,3.0,3.0,0.0,3.483685714285714
102819,Behind the Candelabra (2013),1,3.0,3.0,0.0,3.483685714285714
102852,With Great Power: The Stan Lee Story (2012),1,3.0,3.0,0.0,3.483685714285714
103085,Rapture-Palooza (2013),1,3.0,3.0,0.0,3.483685714285714
105801,Escape From Tomorrow (2013),1,3.0,3.0,0.0,3.483685714285714
106441,"Book Thief, The (2013)",1,3.0,3.0,0.0,3.483685714285714
109941,Puss in Boots: The Three Diablos (2012),1,3.0,3.0,0.0,3.483685714285714
114707,Horns (2014),1,3.0,3.0,0.0,3.483685714285714
114847,Autómata (Automata) (2014),1,3.0,3.0,0.0,3.483685714285714
119828,A Man Called Blade (1977),1,3.0,3.0,0.0,3.483685714285714
126482,Strange Magic (2015),1,3.0,3.0,0.0,3.483685714285714
151777,The Finest Hours (2016),1,3.0,3.0,0.0,3.483685714285714
159403,Neo Tokyo (1987),1,3.0,3.0,0.0,3.483685714285714
166558,Underworld: Blood Wars (2016),1,3.0,3.0,0.0,3.483685714285714
169982,Power Rangers (2017),1,3.0,3.0,0.0,3.483685714285714
184987,A Wrinkle in Time (2018),1,3.0,3.0,0.0,3.483685714285714
185435,"Game Over, Man! (2018)",1,3.0,3.0,0.0,3.483685714285714
193567,anohana: The Flower We Saw That Day - The Movie (2013),1,3.0,3.0,0.0,3.483685714285714
336,"Walking Dead, The (1995)",1,3.0,3.0,0.0,3.483685714285714
963,"Inspector General, The (1949)",1,3.0,3.0,0.0,3.483685714285714
1514,Temptress Moon (Feng Yue) (1996),1,3.0,3.0,0.0,3.483685714285714
1585,Love Serenade (1996),1,3.0,3.0,0.0,3.483685714285714
2652,"Curse of Frankenstein, The (1957)",1,3.0,3.0,0.0,3.483685714285714
3192,"Terrorist, The (a.k.a. Malli) (Theeviravaathi) (1998)",1,3.0,3.0,0.0,3.483685714285714
3284,They Might Be Giants (1971),1,3.0,3.0,0.0,3.483685714285714
3691,Private School (1983),1,3.0,3.0,0.0,3.483685714285714
4139,No Man's Land (1987),1,3.0,3.0,0.0,3.483685714285714
4420,"Barefoot Contessa, The (1954)",1,3.0,3.0,0.0,3.483685714285714
4473,Bat*21 (1988),1,3.0,3.0,0.0,3.483685714285714
4497,Dead Heat (1988),1,3.0,3.0,0.0,3.483685714285714
4666,Skin Deep (1989),1,3.0,3.0,0.0,3.483685714285714
4825,"Swamp, The (Ciénaga, La) (2001)",1,3.0,3.0,0.0,3.483685714285714
4831,Can't Stop the Music (1980),1,3.0,3.0,0.0,3.483685714285714
4939,"Final Countdown, The (1980)",1,3.0,3.0,0.0,3.483685714285714
5375,"Harvey Girls, The (1946)",1,3.0,3.0,0.0,3.483685714285714
6182,"Thrill of It All, The (1963)",1,3.0,3.0,0.0,3.483685714285714
6527,Scaramouche (1952),1,3.0,3.0,0.0,3.483685714285714
6821,More American Graffiti (1979),1,3.0,3.0,0.0,3.483685714285714
7083,Sweet Dreams (1985),1,3.0,3.0,0.0,3.483685714285714
7202,Beyond Re-Animator (2003),1,3.0,3.0,0.0,3.483685714285714
8771,Sherlock Holmes: Terror by Night (1946),1,3.0,3.0,0.0,3.483685714285714
8844,Camera Buff (Amator) (1979),1,3.0,3.0,0.0,3.483685714285714
8964,Callas Forever (2002),1,3.0,3.0,0.0,3.483685714285714
8987,Bush's Brain (2004),1,3.0,3.0,0.0,3.483685714285714
25962,King Solomon's Mines (1950),1,3.0,3.0,0.0,3.483685714285714
26498,Boy Meets Girl (1984),1,3.0,3.0,0.0,3.483685714285714
26838,"Snapper, The (1993)",1,3.0,3.0,0.0,3.483685714285714
27802,Infernal Affairs 2 (Mou gaan dou II) (2003),1,3.0,3.0,0.0,3.483685714285714
54686,"Last Legion, The (2007)",1,3.0,3.0,0.0,3.483685714285714
55207,Cashback (2004),1,3.0,3.0,0.0,3.483685714285714
56274,Margot at the Wedding (2007),1,3.0,3.0,0.0,3.483685714285714
56837,As You Like It (2006),1,3.0,3.0,0.0,3.483685714285714
58078,"Air I Breathe, The (2007)",1,3.0,3.0,0.0,3.483685714285714
60857,"Tracey Fragments, The (2007)",1,3.0,3.0,0.0,3.483685714285714
61697,Righteous Kill (2008),1,3.0,3.0,0.0,3.483685714285714
62008,Dead Fury (2008),1,3.0,3.0,0.0,3.483685714285714
62662,Tokyo-Ga (1985),1,3.0,3.0,0.0,3.483685714285714
65810,Notorious (2009),1,3.0,3.0,0.0,3.483685714285714
90809,Tomboy (2011),1,3.0,3.0,0.0,3.483685714285714
95201,To Rome with Love (2012),1,3.0,3.0,0.0,3.483685714285714
96471,Prime Suspect 3 (1993),1,3.0,3.0,0.0,3.483685714285714
96518,Prime Suspect 6: The Last Witness (2003),1,3.0,3.0,0.0,3.483685714285714
99638,Fish Story (Fisshu sutôrî) (2009),1,3.0,3.0,0.0,3.483685714285714
107723,Highlander: The Search for Vengeance (2007),1,3.0,3.0,0.0,3.483685714285714
115203,"Culture High, The (2014)",1,3.0,3.0,0.0,3.483685714285714
115819,Mr Hublot (2013),1,3.0,3.0,0.0,3.483685714285714
117444,Song of the Sea (2014),1,3.0,3.0,0.0,3.483685714285714
130686,The Final Girls (2015),1,3.0,3.0,0.0,3.483685714285714
135937,The Silence of the Hams (1994),1,3.0,3.0,0.0,3.483685714285714
148592,Just Jim (2015),1,3.0,3.0,0.0,3.483685714285714
153386,Long Live Ghosts! (1977),1,3.0,3.0,0.0,3.483685714285714
160422,The Wooden Horse (1950),1,3.0,3.0,0.0,3.483685714285714
162982,Steins;Gate the Movie: The Burden of Déjà vu (2013),1,3.0,3.0,0.0,3.483685714285714
170957,Cars 3 (2017),1,3.0,3.0,0.0,3.483685714285714
186587,Rampage (2018),1,3.0,3.0,0.0,3.483685714285714
128,Jupiter's Wife (1994),1,3.0,3.0,0.0,3.483685714285714
201,Three Wishes (1995),1,3.0,3.0,0.0,3.483685714285714
254,Jefferson in Paris (1995),1,3.0,3.0,0.0,3.483685714285714
310,Rent-a-Kid (1995),1,3.0,3.0,0.0,3.483685714285714
638,Jack and Sarah (1995),1,3.0,3.0,0.0,3.483685714285714
1008,"Davy Crockett, King of the Wild Frontier (1955)",1,3.0,3.0,0.0,3.483685714285714
1162,"Ruling Class, The (1972)",1,3.0,3.0,0.0,3.483685714285714
1841,"Gingerbread Man, The (1998)",1,3.0,3.0,0.0,3.483685714285714
2055,Hot Lead and Cold Feet (1978),1,3.0,3.0,0.0,3.483685714285714
2179,Topaz (1969),1,3.0,3.0,0.0,3.483685714285714
2544,"School of Flesh, The (École de la chair, L') (1998)",1,3.0,3.0,0.0,3.483685714285714
2559,"King and I, The (1999)",1,3.0,3.0,0.0,3.483685714285714
2620,This Is My Father (1998),1,3.0,3.0,0.0,3.483685714285714
2896,Alvarez Kelly (1966),1,3.0,3.0,0.0,3.483685714285714
3183,"Third Miracle, The (1999)",1,3.0,3.0,0.0,3.483685714285714
4202,Fuzz (1972),1,3.0,3.0,0.0,3.483685714285714
4384,Lumumba (2000),1,3.0,3.0,0.0,3.483685714285714
4715,"Awakening, The (1980)",1,3.0,3.0,0.0,3.483685714285714
5927,"Best Little Whorehouse in Texas, The (1982)",1,3.0,3.0,0.0,3.483685714285714
6336,Marooned in Iraq (Gomgashtei dar Aragh) (2002),1,3.0,3.0,0.0,3.483685714285714
6814,City Heat (1984),1,3.0,3.0,0.0,3.483685714285714
7306,"Herod's Law (Ley de Herodes, La) (2000)",1,3.0,3.0,0.0,3.483685714285714
8092,Frankenstein Unbound (1990),1,3.0,3.0,0.0,3.483685714285714
8391,Big Wednesday (1978),1,3.0,3.0,0.0,3.483685714285714
8502,Show Boat (1951),1,3.0,3.0,0.0,3.483685714285714
26562,White Nights (1985),1,3.0,3.0,0.0,3.483685714285714
26761,Prime Suspect 2 (1992),1,3.0,3.0,0.0,3.483685714285714
32914,Carrie (2002),1,3.0,3.0,0.0,3.483685714285714
33801,Godzilla: Final Wars (Gojira: Fainaru uôzu) (2004),1,3.0,3.0,0.0,3.483685714285714
34018,At the Circus (1939),1,3.0,3.0,0.0,3.483685714285714
34540,Pretty Persuasion (2005),1,3.0,3.0,0.0,3.483685714285714
40578,Sword of the Beast (Kedamono no ken) (1965),1,3.0,3.0,0.0,3.483685714285714
43908,London (2005),1,3.0,3.0,0.0,3.483685714285714
47937,Severance (2006),1,3.0,3.0,0.0,3.483685714285714
50356,The Little World of Don Camillo (1952),1,3.0,3.0,0.0,3.483685714285714
55805,Before the Devil Knows You're Dead (2007),1,3.0,3.0,0.0,3.483685714285714
59336,Redbelt (2008),1,3.0,3.0,0.0,3.483685714285714
71147,Death of a Cyclist (Muerte de un ciclista) (1955),1,3.0,3.0,0.0,3.483685714285714
72603,Merry Madagascar (2009),1,3.0,3.0,0.0,3.483685714285714
73676,Robin-B-Hood (Bo bui gai wak) (2006),1,3.0,3.0,0.0,3.483685714285714
78959,Endgame (2009),1,3.0,3.0,0.0,3.483685714285714
81949,"Romantics, The (2010)",1,3.0,3.0,0.0,3.483685714285714
82088,Vincent Wants to Sea (Vincent will meer) (2010),1,3.0,3.0,0.0,3.483685714285714
87197,Let the Bullets Fly (2010),1,3.0,3.0,0.0,3.483685714285714
88094,Upside Down: The Creation Records Story (2010),1,3.0,3.0,0.0,3.483685714285714
88515,Blitz (2011),1,3.0,3.0,0.0,3.483685714285714
88911,My Afternoons with Margueritte (La tête en friche) (2010),1,3.0,3.0,0.0,3.483685714285714
95624,"Firm, The (2009)",1,3.0,3.0,0.0,3.483685714285714
95738,"Adventures of Mary-Kate and Ashley, The: The Case of the Christmas Caper (1995)",1,3.0,3.0,0.0,3.483685714285714
98503,Half a Loaf of Kung Fu (Dian zhi gong fu gan chian chan) (1980),1,3.0,3.0,0.0,3.483685714285714
113225,Magic in the Moonlight (2014),1,3.0,3.0,0.0,3.483685714285714
114246,"Walk Among the Tombstones, A (2014)",1,3.0,3.0,0.0,3.483685714285714
120919,Man on High Heels (2014),1,3.0,3.0,0.0,3.483685714285714
127146,Kurt Cobain: Montage of Heck (2015),1,3.0,3.0,0.0,3.483685714285714
128488,Wild Card (2015),1,3.0,3.0,0.0,3.483685714285714
140301,The Escort (2015),1,3.0,3.0,0.0,3.483685714285714
142056,Iron Man & Hulk: Heroes United (2013),1,3.0,3.0,0.0,3.483685714285714
144222,Bros Before Hos (2013),1,3.0,3.0,0.0,3.483685714285714
160400,Genius (2016),1,3.0,3.0,0.0,3.483685714285714
172253,The Night Before (1988),1,3.0,3.0,0.0,3.483685714285714
174737,Don Camillo in Moscow (1965),1,3.0,3.0,0.0,3.483685714285714
179073,Male Hunt (1964),1,3.0,3.0,0.0,3.483685714285714
179709,Wonder Wheel (2017),1,3.0,3.0,0.0,3.483685714285714
183301,The Tale of the Bunny Picnic (1986),1,3.0,3.0,0.0,3.483685714285714
49,When Night Is Falling (1995),1,3.0,3.0,0.0,3.483685714285714
979,Nothing Personal (1995),1,3.0,3.0,0.0,3.483685714285714
1040,"Secret Agent, The (1996)",1,3.0,3.0,0.0,3.483685714285714
1870,"Dancer, Texas Pop. 81 (1998)",1,3.0,3.0,0.0,3.483685714285714
1926,"Broadway Melody, The (1929)",1,3.0,3.0,0.0,3.483685714285714
2211,Secret Agent (1936),1,3.0,3.0,0.0,3.483685714285714
2975,"Best Man, The (1999)",1,3.0,3.0,0.0,3.483685714285714
3345,"Charlie, the Lonesome Cougar (1967)",1,3.0,3.0,0.0,3.483685714285714
4284,Frankie and Johnny (1966),1,3.0,3.0,0.0,3.483685714285714
4653,"Return of the Musketeers, The (1989)",1,3.0,3.0,0.0,3.483685714285714
5077,Cousins (1989),1,3.0,3.0,0.0,3.483685714285714
5212,"Octagon, The (1980)",1,3.0,3.0,0.0,3.483685714285714
5345,Triumph of the Spirit (1989),1,3.0,3.0,0.0,3.483685714285714
5353,Butterflies Are Free (1972),1,3.0,3.0,0.0,3.483685714285714
5358,Mountains of the Moon (1990),1,3.0,3.0,0.0,3.483685714285714
5768,Modern Problems (1981),1,3.0,3.0,0.0,3.483685714285714
6476,Shattered (1991),1,3.0,3.0,0.0,3.483685714285714
6480,Thoroughly Modern Millie (1967),1,3.0,3.0,0.0,3.483685714285714
6510,"Bodies, Rest & Motion (1993)",1,3.0,3.0,0.0,3.483685714285714
6699,Once Upon a Time in the Midlands (2002),1,3.0,3.0,0.0,3.483685714285714
7109,Beyond the Clouds (Al di là delle nuvole) (1996),1,3.0,3.0,0.0,3.483685714285714
7167,Japanese Story (2003),1,3.0,3.0,0.0,3.483685714285714
7730,Matinee (1993),1,3.0,3.0,0.0,3.483685714285714
7891,"Last Man on Earth, The (Ultimo uomo della Terra, L') (1964)",1,3.0,3.0,0.0,3.483685714285714
7944,"Night of the Iguana, The (1964)",1,3.0,3.0,0.0,3.483685714285714
8379,"Dresser, The (1983)",1,3.0,3.0,0.0,3.483685714285714
8385,Lover Come Back (1961),1,3.0,3.0,0.0,3.483685714285714
8713,"New Adventures of Pippi Longstocking, The (1988)",1,3.0,3.0,0.0,3.483685714285714
25927,"Stranger, The (1946)",1,3.0,3.0,0.0,3.483685714285714
26344,French Connection II (1975),1,3.0,3.0,0.0,3.483685714285714
27036,Merlin (1998),1,3.0,3.0,0.0,3.483685714285714
44773,"Dead Hate the Living!, The (2000)",1,3.0,3.0,0.0,3.483685714285714
47774,"Icicle Thief, The (Ladri di saponette) (1989)",1,3.0,3.0,0.0,3.483685714285714
49263,Fuck (2005),1,3.0,3.0,0.0,3.483685714285714
49666,Fur: An Imaginary Portrait of Diane Arbus (2006),1,3.0,3.0,0.0,3.483685714285714
52462,Aqua Teen Hunger Force Colon Movie Film for Theaters (2007),1,3.0,3.0,0.0,3.483685714285714
61986,Appaloosa (2008),1,3.0,3.0,0.0,3.483685714285714
63768,Tattooed Life (Irezumi ichidai) (1965),1,3.0,3.0,0.0,3.483685714285714
65577,"Tale of Despereaux, The (2008)",1,3.0,3.0,0.0,3.483685714285714
89343,Red State (2011),1,3.0,3.0,0.0,3.483685714285714
95199,What to Expect When You're Expecting (2012),1,3.0,3.0,0.0,3.483685714285714
100302,Upside Down (2012),1,3.0,3.0,0.0,3.483685714285714
101423,Mezzo Forte (1998),1,3.0,3.0,0.0,3.483685714285714
102007,"Invincible Iron Man, The (2007)",1,3.0,3.0,0.0,3.483685714285714
105720,"Thief of Paris, The (Le voleur) (1967)",1,3.0,3.0,0.0,3.483685714285714
115216,"Salvation, The (2014)",1,3.0,3.0,0.0,3.483685714285714
116529,Stalingrad (2013),1,3.0,3.0,0.0,3.483685714285714
120827,The Hound of the Baskervilles (1988),1,3.0,3.0,0.0,3.483685714285714
123545,The Blue Lagoon (1949),1,3.0,3.0,0.0,3.483685714285714
131749,Libre et assoupi (2014),1,3.0,3.0,0.0,3.483685714285714
133780,Güeros (2014),1,3.0,3.0,0.0,3.483685714285714
134248,Hot Girls Wanted (2015),1,3.0,3.0,0.0,3.483685714285714
134515,BMX Bandits (1983),1,3.0,3.0,0.0,3.483685714285714
135288,Mr. Holmes (2015),1,3.0,3.0,0.0,3.483685714285714
171759,The Beguiled (2017),1,3.0,3.0,0.0,3.483685714285714
172887,Kid's Story (2003),1,3.0,3.0,0.0,3.483685714285714
173941,Atomic Blonde (2017),1,3.0,3.0,0.0,3.483685714285714
83,Once Upon a Time... When We Were Colored (1995),1,3.0,3.0,0.0,3.483685714285714
219,"Cure, The (1995)",1,3.0,3.0,0.0,3.483685714285714
488,M. Butterfly (1993),1,3.0,3.0,0.0,3.483685714285714
649,Cold Fever (Á köldum klaka) (1995),1,3.0,3.0,0.0,3.483685714285714
987,Bliss (1997),1,3.0,3.0,0.0,3.483685714285714
993,Infinity (1996),1,3.0,3.0,0.0,3.483685714285714
1660,Eve's Bayou (1997),1,3.0,3.0,0.0,3.483685714285714
1661,Switchback (1997),1,3.0,3.0,0.0,3.483685714285714
1807,"Cool, Dry Place, A (1998)",1,3.0,3.0,0.0,3.483685714285714
1933,"Life of Emile Zola, The (1937)",1,3.0,3.0,0.0,3.483685714285714
2056,In Search of the Castaways (1962),1,3.0,3.0,0.0,3.483685714285714
4879,High Heels and Low Lifes (2001),1,3.0,3.0,0.0,3.483685714285714
5112,Last Orders (2001),1,3.0,3.0,0.0,3.483685714285714
5168,Royal Wedding (1951),1,3.0,3.0,0.0,3.483685714285714
5424,Harvard Man (2001),1,3.0,3.0,0.0,3.483685714285714
5640,"Godzilla, King of the Monsters! (Kaijû-ô Gojira) (1956)",1,3.0,3.0,0.0,3.483685714285714
5651,"Incredible Mr. Limpet, The (1964)",1,3.0,3.0,0.0,3.483685714285714
5749,Ghost Story (1981),1,3.0,3.0,0.0,3.483685714285714
5780,Polyester (1981),1,3.0,3.0,0.0,3.483685714285714
5979,Attack of the Crab Monsters (1957),1,3.0,3.0,0.0,3.483685714285714
6141,They Call Me Bruce? (a.k.a. A Fistful of Chopsticks) (1982),1,3.0,3.0,0.0,3.483685714285714
6222,Prozac Nation (2001),1,3.0,3.0,0.0,3.483685714285714
6329,Manic (2001),1,3.0,3.0,0.0,3.483685714285714
6382,Together (Han ni Zai Yiki) (2002),1,3.0,3.0,0.0,3.483685714285714
6449,From the Terrace (1960),1,3.0,3.0,0.0,3.483685714285714
6465,Jubilee (1977),1,3.0,3.0,0.0,3.483685714285714
6597,"Princess Blade, The (Shura Yukihime) (2001)",1,3.0,3.0,0.0,3.483685714285714
8617,Butterfield 8 (1960),1,3.0,3.0,0.0,3.483685714285714
8955,Undertow (2004),1,3.0,3.0,0.0,3.483685714285714
26195,Sympathy for the Devil (1968),1,3.0,3.0,0.0,3.483685714285714
26630,Moonwalker (1988),1,3.0,3.0,0.0,3.483685714285714
27667,Ju-on: The Curse (2000),1,3.0,3.0,0.0,3.483685714285714
27695,Nicotina (2003),1,3.0,3.0,0.0,3.483685714285714
49314,Harsh Times (2006),1,3.0,3.0,0.0,3.483685714285714
52724,Lucky You (2007),1,3.0,3.0,0.0,3.483685714285714
71160,"Hunt For Gollum, The (2009)",1,3.0,3.0,0.0,3.483685714285714
73681,"Concert, Le (2009)",1,3.0,3.0,0.0,3.483685714285714
76751,American Drug War: The Last White Hope (2007),1,3.0,3.0,0.0,3.483685714285714
77667,MacGruber (2010),1,3.0,3.0,0.0,3.483685714285714
78264,"Back-up Plan, The (2010)",1,3.0,3.0,0.0,3.483685714285714
78544,Ricky Gervais Live 3: Fame (2007),1,3.0,3.0,0.0,3.483685714285714
81791,Somewhere (2010),1,3.0,3.0,0.0,3.483685714285714
88267,Winnie the Pooh (2011),1,3.0,3.0,0.0,3.483685714285714
93193,Red Hill (2010),1,3.0,3.0,0.0,3.483685714285714
97230,Side by Side (2012),1,3.0,3.0,0.0,3.483685714285714
97701,Paranormal Activity 4 (2012),1,3.0,3.0,0.0,3.483685714285714
99846,Everything or Nothing: The Untold Story of 007 (2012),1,3.0,3.0,0.0,3.483685714285714
106648,Guilty of Romance (Koi no tsumi) (2011) ,1,3.0,3.0,0.0,3.483685714285714
113278,Batman: Assault on Arkham (2014),1,3.0,3.0,0.0,3.483685714285714
113780,"As Above, So Below (2014)",1,3.0,3.0,0.0,3.483685714285714
116505,New Kids Nitro (2011),1,3.0,3.0,0.0,3.483685714285714
117877,The Rabbi's Cat (Le chat du rabbin) (2011),1,3.0,3.0,0.0,3.483685714285714
125914,Mortdecai (2015),1,3.0,3.0,0.0,3.483685714285714
131439,Kill Me Three Times (2014),1,3.0,3.0,0.0,3.483685714285714
131739,Batman vs. Robin (2015),1,3.0,3.0,0.0,3.483685714285714
132888,Comedy Central Roast of James Franco (2013),1,3.0,3.0,0.0,3.483685714285714
139415,Irrational Man (2015),1,3.0,3.0,0.0,3.483685714285714
139655,Goodnight Mommy (Ich seh ich seh) (2014),1,3.0,3.0,0.0,3.483685714285714
142366,Cigarette Burns (2005),1,3.0,3.0,0.0,3.483685714285714
146210,Blue Mountain State: The Rise of Thadland (2015),1,3.0,3.0,0.0,3.483685714285714
149334,Nocturnal Animals,1,3.0,3.0,0.0,3.483685714285714
153236,Genius Party (2007),1,3.0,3.0,0.0,3.483685714285714
159061,The Wailing (2016),1,3.0,3.0,0.0,3.483685714285714
189111,Spiral (2018),1,3.0,3.0,0.0,3.483685714285714
359,I Like It Like That (1994),1,3.0,3.0,0.0,3.483685714285714
386,S.F.W. (1994),1,3.0,3.0,0.0,3.483685714285714
615,Bread and Chocolate (Pane e cioccolata) (1973),1,3.0,3.0,0.0,3.483685714285714
1671,Deceiver (1997),1,3.0,3.0,0.0,3.483685714285714
2008,"This World, Then the Fireworks (1997)",1,3.0,3.0,0.0,3.483685714285714
2661,It Came from Outer Space (1953),1,3.0,3.0,0.0,3.483685714285714
2743,Native Son (1986),1,3.0,3.0,0.0,3.483685714285714
2837,Bedrooms & Hallways (1998),1,3.0,3.0,0.0,3.483685714285714
3143,Hell in the Pacific (1968),1,3.0,3.0,0.0,3.483685714285714
3400,We're Back! A Dinosaur's Story (1993),1,3.0,3.0,0.0,3.483685714285714
3417,"Crimson Pirate, The (1952)",1,3.0,3.0,0.0,3.483685714285714
3680,"Decline of Western Civilization Part II: The Metal Years, The (1988)",1,3.0,3.0,0.0,3.483685714285714
3945,Digimon: The Movie (2000),1,3.0,3.0,0.0,3.483685714285714
4198,Battle Beyond the Stars (1980),1,3.0,3.0,0.0,3.483685714285714
4353,Uncommon Valor (1983),1,3.0,3.0,0.0,3.483685714285714
4524,Moon Over Parador (1988),1,3.0,3.0,0.0,3.483685714285714
4705,"Cage aux Folles, La (1978)",1,3.0,3.0,0.0,3.483685714285714
5307,Taking Care of Business (1990),1,3.0,3.0,0.0,3.483685714285714
5465,All About Lily Chou-Chou (Riri Shushu no subete) (2001),1,3.0,3.0,0.0,3.483685714285714
6225,King of Kings (1961),1,3.0,3.0,0.0,3.483685714285714
6772,To Be and to Have (Être et avoir) (2002),1,3.0,3.0,0.0,3.483685714285714
6809,Tightrope (1984),1,3.0,3.0,0.0,3.483685714285714
6837,Love Affair (1939),1,3.0,3.0,0.0,3.483685714285714
7178,"Great Gatsby, The (1974)",1,3.0,3.0,0.0,3.483685714285714
7205,"Wind and the Lion, The (1975)",1,3.0,3.0,0.0,3.483685714285714
8057,Sweet Bird of Youth (1962),1,3.0,3.0,0.0,3.483685714285714
8450,Anthony Adverse (1936),1,3.0,3.0,0.0,3.483685714285714
8575,"Happenstance (Battement d'ailes du papillon, Le) (2001)",1,3.0,3.0,0.0,3.483685714285714
27003,Beowulf (1999),1,3.0,3.0,0.0,3.483685714285714
27075,Addams Family Reunion (1998),1,3.0,3.0,0.0,3.483685714285714
27778,Ginger Snaps Back: The Beginning (2004),1,3.0,3.0,0.0,3.483685714285714
34129,Rebound (2005),1,3.0,3.0,0.0,3.483685714285714
50064,"Good German, The (2006)",1,3.0,3.0,0.0,3.483685714285714
51471,Amazing Grace (2006),1,3.0,3.0,0.0,3.483685714285714
54121,Broken Arrow (1950),1,3.0,3.0,0.0,3.483685714285714
58492,Snow Angels (2007),1,3.0,3.0,0.0,3.483685714285714
65359,Earthsea (Legend of Earthsea) (2004),1,3.0,3.0,0.0,3.483685714285714
75389,"Burrowers, The (2008)",1,3.0,3.0,0.0,3.483685714285714
85438,Jane Eyre (2011),1,3.0,3.0,0.0,3.483685714285714
88327,"New One-Armed Swordsman, The (Xin du bi dao) (1971)",1,3.0,3.0,0.0,3.483685714285714
94262,"Atomic Submarine, The (1959)",1,3.0,3.0,0.0,3.483685714285714
99992,Shadow Dancer (2012),1,3.0,3.0,0.0,3.483685714285714
102070,Grabbers (2012),1,3.0,3.0,0.0,3.483685714285714
107436,Haunter (2013),1,3.0,3.0,0.0,3.483685714285714
109282,GLOW: The Story of the Gorgeous Ladies of Wrestling (2012),1,3.0,3.0,0.0,3.483685714285714
130050,Digging Up the Marrow (2014),1,3.0,3.0,0.0,3.483685714285714
142558,If I Were a Rich Man (2002),1,3.0,3.0,0.0,3.483685714285714
145150,The Dressmaker (2015),1,3.0,3.0,0.0,3.483685714285714
160573,Pete's Dragon (2016),1,3.0,3.0,0.0,3.483685714285714
161044,Webmaster (1998),1,3.0,3.0,0.0,3.483685714285714
161354,Batman: The Killing Joke (2016),1,3.0,3.0,0.0,3.483685714285714
170401,Table 19 (2017),1,3.0,3.0,0.0,3.483685714285714
175743,Self-criticism of a Bourgeois Dog (2017),1,3.0,3.0,0.0,3.483685714285714
177285,Sword Art Online The Movie: Ordinal Scale (2017),1,3.0,3.0,0.0,3.483685714285714
185473,Blockers (2018),1,3.0,3.0,0.0,3.483685714285714
117,"Young Poisoner's Handbook, The (1995)",1,3.0,3.0,0.0,3.483685714285714
220,Castle Freak (1995),1,3.0,3.0,0.0,3.483685714285714
287,Nina Takes a Lover (1994),1,3.0,3.0,0.0,3.483685714285714
295,"Pyromaniac's Love Story, A (1995)",1,3.0,3.0,0.0,3.483685714285714
406,Federal Hill (1994),1,3.0,3.0,0.0,3.483685714285714
579,"Escort, The (Scorta, La) (1993)",1,3.0,3.0,0.0,3.483685714285714
636,Frisk (1995),1,3.0,3.0,0.0,3.483685714285714
982,Picnic (1955),1,3.0,3.0,0.0,3.483685714285714
1053,Normal Life (1996),1,3.0,3.0,0.0,3.483685714285714
1180,Hear My Song (1991),1,3.0,3.0,0.0,3.483685714285714
1839,My Giant (1998),1,3.0,3.0,0.0,3.483685714285714
2172,"Strike! (a.k.a. All I Wanna Do, The Hairy Bird) (1998)",1,3.0,3.0,0.0,3.483685714285714
2577,Metroland (1997),1,3.0,3.0,0.0,3.483685714285714
2893,Plunkett & MaCleane (1999),1,3.0,3.0,0.0,3.483685714285714
3112,'night Mother (1986),1,3.0,3.0,0.0,3.483685714285714
3405,"Night to Remember, A (1958)",1,3.0,3.0,0.0,3.483685714285714
3428,"Champ, The (1979)",1,3.0,3.0,0.0,3.483685714285714
3661,Puppet Master II (1991),1,3.0,3.0,0.0,3.483685714285714
3736,"Ace in the Hole (Big Carnival, The) (1951)",1,3.0,3.0,0.0,3.483685714285714
3926,Voyage to the Bottom of the Sea (1961),1,3.0,3.0,0.0,3.483685714285714
4110,"Fourth Protocol, The (1987)",1,3.0,3.0,0.0,3.483685714285714
4174,Avalon (1990),1,3.0,3.0,0.0,3.483685714285714
4436,Obsession (1976),1,3.0,3.0,0.0,3.483685714285714
4505,For Keeps (1988),1,3.0,3.0,0.0,3.483685714285714
4557,Tucker: The Man and His Dream (1988),1,3.0,3.0,0.0,3.483685714285714
4925,"Cheap Detective, The (1978)",1,3.0,3.0,0.0,3.483685714285714
4927,"Last Wave, The (1977)",1,3.0,3.0,0.0,3.483685714285714
4966,"Incredible Shrinking Man, The (1957)",1,3.0,3.0,0.0,3.483685714285714
5221,Harrison's Flowers (2000),1,3.0,3.0,0.0,3.483685714285714
5435,Hombre (1967),1,3.0,3.0,0.0,3.483685714285714
5649,Horror of Dracula (Dracula) (1958),1,3.0,3.0,0.0,3.483685714285714
5752,Gregory's Girl (1981),1,3.0,3.0,0.0,3.483685714285714
5974,"Thief of Bagdad, The (1940)",1,3.0,3.0,0.0,3.483685714285714
6009,"City of Lost Souls, The (Hyôryuu-gai) (2000)",1,3.0,3.0,0.0,3.483685714285714
6158,"Jungle Book 2, The (2003)",1,3.0,3.0,0.0,3.483685714285714
6186,Gods and Generals (2003),1,3.0,3.0,0.0,3.483685714285714
6210,Volcano High (Whasango) (2001),1,3.0,3.0,0.0,3.483685714285714
6769,Mambo Italiano (2003),1,3.0,3.0,0.0,3.483685714285714
6797,Bugsy (1991),1,3.0,3.0,0.0,3.483685714285714
7131,"Summer Place, A (1959)",1,3.0,3.0,0.0,3.483685714285714
7349,Broken Wings (Knafayim Shvurot) (2002),1,3.0,3.0,0.0,3.483685714285714
7455,"Mudge Boy, The (2003)",1,3.0,3.0,0.0,3.483685714285714
7900,Frankenstein Must Be Destroyed (1969),1,3.0,3.0,0.0,3.483685714285714
8481,Northwest Passage (1940),1,3.0,3.0,0.0,3.483685714285714
8712,My Favorite Wife (1940),1,3.0,3.0,0.0,3.483685714285714
8918,Eulogy (2004),1,3.0,3.0,0.0,3.483685714285714
26283,Charley Varrick (1973),1,3.0,3.0,0.0,3.483685714285714
26467,"Day After, The (1983)",1,3.0,3.0,0.0,3.483685714285714
26539,Death of a Salesman (1985),1,3.0,3.0,0.0,3.483685714285714
26622,Dominick and Eugene (1988),1,3.0,3.0,0.0,3.483685714285714
26797,Visions of Light: The Art of Cinematography (1992),1,3.0,3.0,0.0,3.483685714285714
27491,Pulse (Kairo) (2001),1,3.0,3.0,0.0,3.483685714285714
27513,Dog Days (Hundstage) (2001),1,3.0,3.0,0.0,3.483685714285714
31162,"Life and Death of Peter Sellers, The (2004)",1,3.0,3.0,0.0,3.483685714285714
31590,Hands Off the Loot (Touchez pas au grisbi) (1954),1,3.0,3.0,0.0,3.483685714285714
32060,"Cat and the Canary, The (1927)",1,3.0,3.0,0.0,3.483685714285714
34397,"Order, The (2001)",1,3.0,3.0,0.0,3.483685714285714
45183,"Protector, The (a.k.a. Warrior King) (Tom yum goong) (2005)",1,3.0,3.0,0.0,3.483685714285714
50354,The Return of Don Camillo (1953),1,3.0,3.0,0.0,3.483685714285714
55729,King of California (2007),1,3.0,3.0,0.0,3.483685714285714
63239,Cinderella (1997),1,3.0,3.0,0.0,3.483685714285714
72919,Did You Hear About the Morgans? (2009),1,3.0,3.0,0.0,3.483685714285714
73741,Ninja (2009),1,3.0,3.0,0.0,3.483685714285714
78218,Unthinkable (2010),1,3.0,3.0,0.0,3.483685714285714
79299,"No. 1 Ladies' Detective Agency, The (2008)",1,3.0,3.0,0.0,3.483685714285714
79536,Hellsinki (Rööperi) (2009),1,3.0,3.0,0.0,3.483685714285714
85394,Cave of Forgotten Dreams (2010),1,3.0,3.0,0.0,3.483685714285714
86864,Mothra (Mosura) (1961),1,3.0,3.0,0.0,3.483685714285714
88108,Monte Carlo (2011),1,3.0,3.0,0.0,3.483685714285714
90945,"Sign of Four, The (1987)",1,3.0,3.0,0.0,3.483685714285714
91890,"Iron Lady, The (2011)",1,3.0,3.0,0.0,3.483685714285714
93114,Ro.Go.Pa.G. (1963),1,3.0,3.0,0.0,3.483685714285714
94160,Dante's Inferno: An Animated Epic (2010),1,3.0,3.0,0.0,3.483685714285714
96283,Diary of a Wimpy Kid: Dog Days (2012),1,3.0,3.0,0.0,3.483685714285714
103233,LEGO Batman: The Movie - DC Heroes Unite (2013),1,3.0,3.0,0.0,3.483685714285714
106785,Homefront (2013),1,3.0,3.0,0.0,3.483685714285714
106927,RoboGeisha (Robo-geisha) (2009),1,3.0,3.0,0.0,3.483685714285714
111800,G.B.F. (2013),1,3.0,3.0,0.0,3.483685714285714
112727,Deliver Us from Evil (2014),1,3.0,3.0,0.0,3.483685714285714
113186,Felony (2013),1,3.0,3.0,0.0,3.483685714285714
114335,La cravate (1957),1,3.0,3.0,0.0,3.483685714285714
116413,Life Partners (2014),1,3.0,3.0,0.0,3.483685714285714
117511,Hello Ladies: The Movie (2014),1,3.0,3.0,0.0,3.483685714285714
118354,Kill the Messenger (2014),1,3.0,3.0,0.0,3.483685714285714
121253,The Town that Dreaded Sundown (2014),1,3.0,3.0,0.0,3.483685714285714
134524,Turtle Power: The Definitive History of the Teenage Mutant Ninja Turtles (2014),1,3.0,3.0,0.0,3.483685714285714
135885,Absolutely Anything (2015),1,3.0,3.0,0.0,3.483685714285714
139511,Exte: Hair Extensions (2007),1,3.0,3.0,0.0,3.483685714285714
147142,Those Happy Days (2006),1,3.0,3.0,0.0,3.483685714285714
148482,Truth (2015),1,3.0,3.0,0.0,3.483685714285714
151311,Wiener-Dog (2016),1,3.0,3.0,0.0,3.483685714285714
155589,Noin 7 veljestä (1968),1,3.0,3.0,0.0,3.483685714285714
157122,The Man Who Knew Infinity (2016),1,3.0,3.0,0.0,3.483685714285714
158874,Karate Bullfighter (1975),1,3.0,3.0,0.0,3.483685714285714
160836,Hazard (2005),1,3.0,3.0,0.0,3.483685714285714
172013,Stefan Zweig: Farewell to Europe (2016),1,3.0,3.0,0.0,3.483685714285714
174727,Good Time (2017),1,3.0,3.0,0.0,3.483685714285714
3081,Sleepy Hollow (1999),62,3.475806451612903,4.0,0.8999436333372125,3.4836314606741574
1127,"Abyss, The (1989)",62,3.475806451612903,3.5,0.9176909107647913,3.4836314606741574
3253,Wayne's World (1992),61,3.4754098360655736,3.5,1.009894611885996,3.4834454545454543
95167,Brave (2012),30,3.466666666666667,3.5,0.9655165571973494,3.4832140350877188
1339,Dracula (Bram Stoker's Dracula) (1992),29,3.4655172413793105,3.5,0.8703054802844111,3.482914285714286
3186,"Girl, Interrupted (1999)",28,3.4642857142857144,3.5,0.7550848039952133,3.482603636363636
52,Mighty Aphrodite (1995),28,3.4642857142857144,3.0,0.8549078002561303,3.482603636363636
88744,Rise of the Planet of the Apes (2011),27,3.462962962962963,4.0,1.035713441045153,3.4822814814814813
2687,Tarzan (1999),24,3.4583333333333335,3.0,0.9673488971869916,3.4812392156862746
4489,Coming to America (1988),24,3.4583333333333335,3.5,0.7488416981504762,3.4812392156862746
799,"Frighteners, The (1996)",23,3.4565217391304346,4.0,0.9197476435350511,3.4808640000000004
3536,Keeping the Faith (2000),21,3.4523809523809526,3.5,0.8715716770344346,3.4800666666666666
8910,I Heart Huckabees (2004),21,3.4523809523809526,3.5,0.9747375947837484,3.4800666666666666
3255,"League of Their Own, A (1992)",45,3.466666666666667,3.5,0.6699917080747261,3.479766666666667
55290,Gone Baby Gone (2007),20,3.45,4.0,0.998749217771909,3.4796425531914896
2174,Beetlejuice (1988),91,3.4725274725274726,3.5,0.9028728183793866,3.4791796610169494
3635,"Spy Who Loved Me, The (1977)",18,3.4444444444444446,3.5,0.8958064164776165,3.478737777777778
3418,Thelma & Louise (1991),41,3.4634146341463414,4.0,1.0204628547059527,3.478576470588235
41285,Match Point (2005),17,3.4411764705882355,3.5,0.9374927912064251,3.4782545454545453
6879,Runaway Jury (2003),17,3.4411764705882355,3.5,0.44991348649348095,3.4782545454545453
539,Sleepless in Seattle (1993),106,3.4716981132075473,3.5,0.832223064820413,3.477768421052631
6659,Tremors (1990),16,3.4375,3.5,1.0288798520721456,3.4777488372093024
2387,Very Bad Things (1998),16,3.4375,4.0,1.1301963325015703,3.4777488372093024
106002,Ender's Game (2013),16,3.4375,3.5,0.7880950133074057,3.4777488372093024
112623,Dawn of the Planet of the Apes (2014),15,3.433333333333333,4.0,1.0466878978738388,3.477219047619047
56145,"Mist, The (2007)",14,3.4285714285714284,4.0,1.2657175104763823,3.476663414634146
3441,Red Dawn (1984),14,3.4285714285714284,3.5,1.1316413941253471,3.476663414634146
218,Boys on the Side (1995),14,3.4285714285714284,3.0,0.9793792286287204,3.476663414634146
1619,Seven Years in Tibet (1997),14,3.4285714285714284,3.0,0.7985957062499249,3.476663414634146
45431,Over the Hedge (2006),14,3.4285714285714284,3.5,0.8206518066482897,3.476663414634146
47200,Crank (2006),14,3.4285714285714284,3.0,1.0497813183356477,3.476663414634146
58047,"Definitely, Maybe (2008)",14,3.4285714285714284,3.5,0.775912892228587,3.476663414634146
63113,Quantum of Solace (2008),35,3.4571428571428573,3.5,0.8312763729129231,3.476503225806452
339,While You Were Sleeping (1995),98,3.4693877551020407,3.5,0.8800983436775347,3.4763456
8807,Harold and Kumar Go to White Castle (2004),34,3.4558823529411766,4.0,0.9264705882352942,3.4761180327868852
174055,Dunkirk (2017),13,3.423076923076923,4.0,1.1067303515337046,3.4760800000000005
1799,Suicide Kings (1997),13,3.423076923076923,3.0,0.6749972605686247,3.4760800000000005
2712,Eyes Wide Shut (1999),53,3.4622641509433962,3.5,1.102523078112857,3.4755399999999996
1416,Evita (1996),12,3.4166666666666665,3.5,1.076903998610007,3.4754666666666667
1916,Buffalo '66 (a.k.a. Buffalo 66) (1998),12,3.4166666666666665,3.0,1.320248293146238,3.4754666666666667
99112,Jack Reacher (2012),12,3.4166666666666665,3.5,0.759202798262025,3.4754666666666667
1566,Hercules (1997),31,3.4516129032258065,4.0,1.0188136578937907,3.4748827586206894
97225,Hotel Transylvania (2012),11,3.409090909090909,3.5,0.899954085146515,3.474821052631579
1078,Bananas (1971),11,3.409090909090909,3.0,0.9727697526833045,3.474821052631579
64983,Valkyrie (2008),11,3.409090909090909,3.5,0.4679831882266818,3.474821052631579
3262,Twin Peaks: Fire Walk with Me (1992),11,3.409090909090909,3.0,0.6680426571226848,3.474821052631579
55830,Be Kind Rewind (2008),10,3.4,3.5,0.66332495807108,3.47414054054054
921,My Favorite Year (1982),9,3.388888888888889,3.0,0.8089010988089465,3.473422222222222
164909,La La Land (2016),9,3.388888888888889,3.5,1.0743933114340953,3.473422222222222
26614,"Bourne Identity, The (1988)",9,3.388888888888889,4.0,1.1493422703098446,3.473422222222222
35957,Red Eye (2005),9,3.388888888888889,3.5,0.3928371006591931,3.473422222222222
95105,Madagascar 3: Europe's Most Wanted (2012),9,3.388888888888889,3.5,0.9938079899999066,3.473422222222222
2015,"Absent-Minded Professor, The (1961)",9,3.388888888888889,3.5,0.3928371006591931,3.473422222222222
111921,The Fault in Our Stars (2014),9,3.388888888888889,3.5,0.8089010988089466,3.473422222222222
39444,"Weather Man, The (2005)",9,3.388888888888889,3.5,1.0743933114340953,3.473422222222222
42002,"Producers, The (2005)",9,3.388888888888889,3.5,0.773799348732451,3.473422222222222
1914,Smoke Signals (1998),9,3.388888888888889,4.0,1.048220125784067,3.473422222222222
55267,Dan in Real Life (2007),9,3.388888888888889,3.0,0.773799348732451,3.473422222222222
71156,"Men Who Stare at Goats, The (2009)",9,3.388888888888889,3.0,0.6136311676215145,3.473422222222222
149406,Kung Fu Panda 3 (2016),8,3.375,3.5,0.9601432184835761,3.4726628571428573
4062,Mystic Pizza (1988),8,3.375,3.5,1.0825317547305484,3.4726628571428573
92420,Chronicle (2012),8,3.375,3.5,1.4086784586980805,3.4726628571428573
2443,Playing by Heart (1998),8,3.375,3.0,0.81967981553775,3.4726628571428573
4359,"Seven Year Itch, The (1955)",8,3.375,3.5,0.8196798155377503,3.4726628571428573
56788,Charlie Wilson's War (2007),8,3.375,3.5,1.165922381636102,3.4726628571428573
102686,"Hangover Part III, The (2013)",8,3.375,3.5,0.5448623679425842,3.4726628571428573
2861,For Love of the Game (1999),8,3.375,3.0,0.6959705453537528,3.4726628571428573
3969,Pay It Forward (2000),26,3.4423076923076925,3.5,1.1629448948262195,3.47251320754717
252,I.Q. (1994),43,3.453488372093023,3.5,0.8546313872099052,3.4720457142857146
2946,Help! (1965),7,3.357142857142857,3.5,0.3499271061118826,3.471858823529412
4006,Transformers: The Movie (1986),7,3.357142857142857,3.5,1.1866605518454392,3.471858823529412
102716,"Fast & Furious 6 (Fast and the Furious 6, The) (2013)",7,3.357142857142857,3.5,0.7423074889580903,3.471858823529412
95558,Beasts of the Southern Wild (2012),7,3.357142857142857,3.0,0.6388765649999399,3.471858823529412
1627,U Turn (1997),7,3.357142857142857,4.0,1.2737538928662149,3.471858823529412
7380,Ella Enchanted (2004),7,3.357142857142857,3.5,0.34992710611188255,3.471858823529412
40148,Revolver (2005),7,3.357142857142857,3.0,1.2163847404233143,3.471858823529412
64575,Doubt (2008),7,3.357142857142857,3.5,0.7889543583705185,3.471858823529412
81782,Unstoppable (2010),7,3.357142857142857,3.5,0.4403152859263555,3.471858823529412
6721,Once Upon a Time in China (Wong Fei Hung) (1991),7,3.357142857142857,3.0,0.7423074889580903,3.471858823529412
5103,"Sandlot, The (1993)",24,3.4375,3.5,1.1209417543595503,3.471435294117647
87869,Horrible Bosses (2011),24,3.4375,3.5,0.9499177595981665,3.471435294117647
627,"Last Supper, The (1995)",6,3.3333333333333335,3.0,0.9860132971832694,3.4710060606060607
1083,"Great Race, The (1965)",6,3.3333333333333335,3.0,0.7453559924999299,3.4710060606060607
2506,"Other Sister, The (1999)",6,3.3333333333333335,3.0,0.9860132971832694,3.4710060606060607
3422,She's Gotta Have It (1986),6,3.3333333333333335,3.0,0.7453559924999298,3.4710060606060607
84601,Unknown (2011),6,3.3333333333333335,3.5,0.7993052538854533,3.4710060606060607
556,"War Room, The (1993)",6,3.3333333333333335,3.0,0.7453559924999299,3.4710060606060607
45440,Art School Confidential (2006),6,3.3333333333333335,3.0,0.8975274678557505,3.4710060606060607
354,Cobb (1994),6,3.3333333333333335,3.0,0.7453559924999298,3.4710060606060607
828,"Adventures of Pinocchio, The (1996)",6,3.3333333333333335,3.0,0.9428090415820634,3.4710060606060607
8869,First Daughter (2004),6,3.3333333333333335,2.5,1.2133516482134197,3.4710060606060607
166534,Split (2017),6,3.3333333333333335,4.0,1.4337208778404378,3.4710060606060607
2671,Notting Hill (1999),56,3.455357142857143,3.5,1.044871769790974,3.4703999999999997
1129,Escape from New York (1981),39,3.448717948717949,3.5,0.9526943693927842,3.470351515151515
203,"To Wong Foo, Thanks for Everything! Julie Newmar (1995)",22,3.4318181818181817,3.0,0.773061425077043,3.470269387755102
7700,"Wages of Fear, The (Salaire de la peur, Le) (1953)",5,3.3,4.0,1.4000000000000001,3.4701
43921,Running Scared (2006),5,3.3,3.0,0.6,3.4701
56805,Walk Hard: The Dewey Cox Story (2007),5,3.3,3.0,0.6782329983125268,3.4701
5909,Visitor Q (Bizita Q) (2001),5,3.3,4.0,1.5362291495737217,3.4701
91653,We Bought a Zoo (2011),5,3.3,3.5,0.5099019513592784,3.4701
104243,Riddick (2013),5,3.3,3.5,0.24494897427831783,3.4701
161634,Don't Breathe (2016),5,3.3,3.5,0.5099019513592785,3.4701
37739,"Greatest Game Ever Played, The (2005)",5,3.3,3.5,0.5099019513592785,3.4701
3724,Coming Home (1978),5,3.3,3.5,0.7483314773547882,3.4701
27912,Outfoxed: Rupert Murdoch's War on Journalism (2004),5,3.3,4.0,1.2489995996796797,3.4701
112818,"Purge: Anarchy, The (2014)",5,3.3,3.0,0.9797958971132712,3.4701
3169,The Falcon and the Snowman (1985),5,3.3,3.0,0.6000000000000001,3.4701
138210,13 Hours (2016),5,3.3,3.5,1.1224972160321824,3.4701
2406,Romancing the Stone (1984),54,3.4537037037037037,3.5,0.6889909323068755,3.469669135802469
107406,Snowpiercer (2013),21,3.4285714285714284,3.5,1.0383791660645965,3.4696499999999997
55269,"Darjeeling Limited, The (2007)",21,3.4285714285714284,3.5,0.7284313590846836,3.4696499999999997
207,"Walk in the Clouds, A (1995)",21,3.4285714285714284,3.5,1.0610609502455808,3.4696499999999997
365,Little Buddha (1993),4,3.25,3.0,0.8291561975888498,3.469135483870968
4091,Can't Buy Me Love (1987),4,3.25,3.0,0.25,3.469135483870968
31804,Night Watch (Nochnoy dozor) (2004),4,3.25,3.0,0.9013878188659973,3.469135483870968
93443,Goon (2011),4,3.25,2.5,1.0307764064044151,3.469135483870968
4191,Alfie (1966),4,3.25,2.5,0.75,3.469135483870968
7362,Taking Lives (2004),4,3.25,3.0,0.25,3.469135483870968
103075,"Purge, The (2013)",4,3.25,3.0,0.5590169943749475,3.469135483870968
109846,Mr. Peabody & Sherman (2014),4,3.25,3.5,1.4361406616345072,3.469135483870968
3011,"They Shoot Horses, Don't They? (1969)",4,3.25,3.0,0.82915619758885,3.469135483870968
3142,U2: Rattle and Hum (1988),4,3.25,4.0,1.299038105676658,3.469135483870968
42734,Hoodwinked! (2005),4,3.25,3.5,1.0307764064044151,3.469135483870968
44204,Tsotsi (2005),4,3.25,3.0,0.25,3.469135483870968
53956,Death at a Funeral (2007),4,3.25,3.0,0.5590169943749475,3.469135483870968
574,Spanking the Monkey (1994),4,3.25,3.0,0.4330127018922193,3.469135483870968
2522,Airport '77 (1977),4,3.25,3.0,1.0897247358851685,3.469135483870968
2587,Life (1999),4,3.25,3.0,0.82915619758885,3.469135483870968
7982,"Tale of Two Sisters, A (Janghwa, Hongryeon) (2003)",4,3.25,3.5,1.6393596310755,3.469135483870968
44864,Friends with Money (2006),4,3.25,3.0,0.5590169943749475,3.469135483870968
54785,Halloween (2007),4,3.25,3.0,0.25,3.469135483870968
56563,Helvetica (2007),4,3.25,3.0,0.5590169943749475,3.469135483870968
3865,"Original Kings of Comedy, The (2000)",4,3.25,3.0,0.82915619758885,3.469135483870968
6341,"Shape of Things, The (2003)",4,3.25,3.0,0.5590169943749475,3.469135483870968
113573,Sin City: A Dame to Kill For (2014),4,3.25,3.0,0.4330127018922193,3.469135483870968
1730,Kundun (1997),4,3.25,3.0,0.82915619758885,3.469135483870968
6978,Slacker (1991),4,3.25,3.5,0.75,3.469135483870968
2851,Saturn 3 (1980),4,3.25,3.0,1.0897247358851685,3.469135483870968
5951,Morvern Callar (2002),4,3.25,2.5,1.0307764064044151,3.469135483870968
7294,Welcome to Mooseport (2004),4,3.25,3.0,0.5590169943749475,3.469135483870968
40723,Wolf Creek (2005),4,3.25,3.5,1.0307764064044151,3.469135483870968
1979,Friday the 13th Part VI: Jason Lives (1986),4,3.25,3.0,1.0897247358851685,3.469135483870968
53318,Cashback (2006),4,3.25,2.5,1.0307764064044151,3.469135483870968
2771,Brokedown Palace (1999),4,3.25,3.0,1.479019945774904,3.469135483870968
7541,100 Girls (2000),4,3.25,3.5,0.4330127018922193,3.469135483870968
40614,Derailed (2005),4,3.25,3.0,0.5590169943749475,3.469135483870968
55245,Good Luck Chuck (2007),4,3.25,3.0,0.7499999999999999,3.469135483870968
109578,Non-Stop (2014),4,3.25,3.5,0.75,3.469135483870968
140247,The Gift (2015),4,3.25,3.5,1.4361406616345072,3.469135483870968
6297,Holes (2003),20,3.425,3.5,0.6179603547154138,3.469004255319149
4482,"Bright Lights, Big City (1988)",3,3.1666666666666665,2.5,1.3123346456686351,3.4681066666666664
6162,Gerry (2002),3,3.1666666666666665,3.5,0.4714045207910317,3.4681066666666664
6584,"What's Up, Tiger Lily? (1966)",3,3.1666666666666665,3.0,0.6236095644623235,3.4681066666666664
51024,The Odyssey (1997),3,3.1666666666666665,3.5,0.8498365855987975,3.4681066666666664
54780,"Nanny Diaries, The (2007)",3,3.1666666666666665,3.0,0.23570226039551584,3.4681066666666664
93563,Lockout (2012),3,3.1666666666666665,3.0,1.4337208778404378,3.4681066666666664
521,Romeo Is Bleeding (1993),3,3.1666666666666665,3.0,0.23570226039551584,3.4681066666666664
3287,"Tigger Movie, The (2000)",3,3.1666666666666665,3.0,1.0274023338281628,3.4681066666666664
5074,Storytelling (2001),3,3.1666666666666665,3.5,0.8498365855987975,3.4681066666666664
8183,Educating Rita (1983),3,3.1666666666666665,3.5,0.4714045207910317,3.4681066666666664
31700,Because of Winn-Dixie (2005),3,3.1666666666666665,3.0,0.23570226039551584,3.4681066666666664
2177,Family Plot (1976),3,3.1666666666666665,3.0,0.23570226039551584,3.4681066666666664
7124,Grass (1999),3,3.1666666666666665,3.5,0.4714045207910317,3.4681066666666664
27873,Metallica: Some Kind of Monster (2004),3,3.1666666666666665,3.5,0.4714045207910317,3.4681066666666664
59727,"Strangers, The (2008)",3,3.1666666666666665,3.0,1.0274023338281628,3.4681066666666664
72731,"Lovely Bones, The (2009)",3,3.1666666666666665,3.0,0.23570226039551584,3.4681066666666664
80590,Wall Street: Money Never Sleeps (2010),3,3.1666666666666665,3.5,0.8498365855987975,3.4681066666666664
1340,"Bride of Frankenstein, The (Bride of Frankenstein) (1935)",3,3.1666666666666665,3.0,0.23570226039551584,3.4681066666666664
3326,What Planet Are You From? (2000),3,3.1666666666666665,2.5,1.3123346456686351,3.4681066666666664
4373,Pootie Tang (2001),3,3.1666666666666665,3.0,1.0274023338281628,3.4681066666666664
2554,Children of the Damned (1963),3,3.1666666666666665,3.5,0.8498365855987975,3.4681066666666664
4506,Frantic (1988),3,3.1666666666666665,3.0,0.23570226039551584,3.4681066666666664
5680,Auto Focus (2002),3,3.1666666666666665,3.0,0.23570226039551584,3.4681066666666664
7840,Gunga Din (1939),3,3.1666666666666665,3.0,0.6236095644623235,3.4681066666666664
30898,"Upside of Anger, The (2005)",3,3.1666666666666665,3.0,0.23570226039551584,3.4681066666666664
33830,Herbie: Fully Loaded (2005),3,3.1666666666666665,3.0,1.0274023338281628,3.4681066666666664
34536,The Great Raid (2005),3,3.1666666666666665,3.0,0.6236095644623235,3.4681066666666664
63436,Saw V (2008),3,3.1666666666666665,3.0,1.0274023338281628,3.4681066666666664
92391,Grave Encounters (2011),3,3.1666666666666665,3.5,0.8498365855987975,3.4681066666666664
209,White Man's Burden (1995),3,3.1666666666666665,3.0,0.6236095644623235,3.4681066666666664
3420,...And Justice for All (1979),3,3.1666666666666665,3.0,0.6236095644623235,3.4681066666666664
7015,Only the Lonely (1991),3,3.1666666666666665,3.0,0.6236095644623235,3.4681066666666664
7045,"Witches, The (1990)",3,3.1666666666666665,3.0,0.23570226039551584,3.4681066666666664
30848,"Love Song for Bobby Long, A (2004)",3,3.1666666666666665,3.5,0.4714045207910317,3.4681066666666664
91978,Man on a Ledge (2012),3,3.1666666666666665,3.5,0.8498365855987975,3.4681066666666664
3696,Night of the Creeps (1986),3,3.1666666666666665,3.5,0.8498365855987975,3.4681066666666664
26974,Gummo (1997),3,3.1666666666666665,3.0,0.6236095644623235,3.4681066666666664
33725,It's All Gone Pete Tong (2004),3,3.1666666666666665,3.5,0.8498365855987975,3.4681066666666664
75813,Leaves of Grass (2009),3,3.1666666666666665,3.0,0.23570226039551584,3.4681066666666664
87876,Cars 2 (2011),3,3.1666666666666665,3.0,0.6236095644623235,3.4681066666666664
2439,Affliction (1997),3,3.1666666666666665,3.0,0.6236095644623235,3.4681066666666664
59037,Speed Racer (2008),3,3.1666666666666665,3.0,0.6236095644623235,3.4681066666666664
80241,Going the Distance (2010),3,3.1666666666666665,3.0,0.6236095644623235,3.4681066666666664
81158,Restrepo (2010),3,3.1666666666666665,3.0,0.23570226039551584,3.4681066666666664
99917,Upstream Color (2013),3,3.1666666666666665,3.0,0.23570226039551584,3.4681066666666664
3145,Cradle Will Rock (1999),3,3.1666666666666665,3.0,0.6236095644623235,3.4681066666666664
4662,"See No Evil, Hear No Evil (1989)",3,3.1666666666666665,3.0,0.23570226039551584,3.4681066666666664
26171,Play Time (a.k.a. Playtime) (1967),3,3.1666666666666665,4.0,1.9293061504650375,3.4681066666666664
26422,Hair (1979),3,3.1666666666666665,3.0,0.23570226039551584,3.4681066666666664
43708,Block Party (a.k.a. Dave Chappelle's Block Party) (2005),3,3.1666666666666665,3.0,0.23570226039551584,3.4681066666666664
69849,Roots (1977),3,3.1666666666666665,3.5,0.4714045207910317,3.4681066666666664
90403,"Three Musketeers, The (2011)",3,3.1666666666666665,3.0,0.6236095644623235,3.4681066666666664
104906,Austenland (2013),3,3.1666666666666665,3.0,0.6236095644623235,3.4681066666666664
661,James and the Giant Peach (1996),49,3.4489795918367347,3.0,1.0113887096623564,3.4676736842105265
2527,Westworld (1973),18,3.4166666666666665,3.0,0.5335936864527374,3.4676266666666664
514,"Ref, The (1994)",18,3.4166666666666665,3.0,1.044163673845139,3.4676266666666664
103341,"World's End, The (2013)",18,3.4166666666666665,3.5,1.2610621625351297,3.4676266666666664
118696,The Hobbit: The Battle of the Five Armies (2014),18,3.4166666666666665,3.0,1.0573814617041266,3.4676266666666664
253,Interview with the Vampire: The Vampire Chronicles (1994),109,3.458715596330275,3.5,1.0116941018963197,3.4672294117647056
504,No Escape (1994),2,3.0,3.0,0.0,3.467006896551724
981,Dangerous Ground (1997),2,3.0,3.0,0.0,3.467006896551724
1489,Cats Don't Dance (1997),2,3.0,2.0,1.0,3.467006896551724
3161,Onegin (1999),2,3.0,2.0,1.0,3.467006896551724
3662,Puppet Master III: Toulon's Revenge (1991),2,3.0,3.0,0.0,3.467006896551724
3738,"Sugarland Express, The (1974)",2,3.0,2.0,1.0,3.467006896551724
4403,"Fall of the House of Usher, The (House of Usher) (1960)",2,3.0,3.0,0.0,3.467006896551724
6884,Veronica Guerin (2003),2,3.0,2.5,0.5,3.467006896551724
26172,Point Blank (1967),2,3.0,3.0,0.0,3.467006896551724
26542,Ewoks: The Battle for Endor (1985),2,3.0,2.5,0.5,3.467006896551724
48414,Open Season (2006),2,3.0,3.0,0.0,3.467006896551724
51088,Reno 911!: Miami (2007),2,3.0,2.0,1.0,3.467006896551724
51698,"Last Mimzy, The (2007)",2,3.0,2.5,0.5,3.467006896551724
54771,"Invasion, The (2007)",2,3.0,2.0,1.0,3.467006896551724
66783,Friday the 13th (2009),2,3.0,3.0,0.0,3.467006896551724
107069,Lone Survivor (2013),2,3.0,2.5,0.5,3.467006896551724
418,Being Human (1993),2,3.0,3.0,0.0,3.467006896551724
511,"Program, The (1993)",2,3.0,2.0,1.0,3.467006896551724
2847,Only Angels Have Wings (1939),2,3.0,3.0,0.0,3.467006896551724
3628,Flying Tigers (1942),2,3.0,2.0,1.0,3.467006896551724
3765,"Hot Spot, The (1990)",2,3.0,3.0,0.0,3.467006896551724
6060,"Guru, The (2002)",2,3.0,2.0,1.0,3.467006896551724
7646,Rose Red (2002),2,3.0,2.0,1.0,3.467006896551724
48161,Gridiron Gang (2006),2,3.0,3.0,0.0,3.467006896551724
53161,"I'm a Cyborg, But That's OK (Saibogujiman kwenchana) (2006)",2,3.0,3.0,0.0,3.467006896551724
56379,"Maxed Out: Hard Times, Easy Credit and the Era of Predatory Lenders (2006)",2,3.0,2.5,0.5,3.467006896551724
66171,Push (2009),2,3.0,2.5,0.5,3.467006896551724
92439,"Art of Getting By, The (2011)",2,3.0,2.0,1.0,3.467006896551724
98499,"Fearless Hyena, The (Xiao quan guai zhao) (1979)",2,3.0,3.0,0.0,3.467006896551724
100810,Dark Skies (2013),2,3.0,2.0,1.0,3.467006896551724
114713,Annabelle (2014),2,3.0,2.5,0.5,3.467006896551724
141890,Beasts of No Nation (2015),2,3.0,3.0,0.0,3.467006896551724
269,My Crazy Life (Mi vida loca) (1993),2,3.0,3.0,0.0,3.467006896551724
1662,Gang Related (1997),2,3.0,3.0,0.0,3.467006896551724
2962,Fever Pitch (1997),2,3.0,3.0,0.0,3.467006896551724
6723,Once Upon a Time in China III (Wong Fei-hung tsi sam: Siwong tsangba) (1993),2,3.0,2.0,1.0,3.467006896551724
7193,"Adventures of Ford Fairlane, The (1990)",2,3.0,2.0,1.0,3.467006896551724
26999,"Lion King II: Simba's Pride, The (1998)",2,3.0,3.0,0.0,3.467006896551724
33781,Quo Vadis (1951),2,3.0,2.5,0.5,3.467006896551724
34148,"Beat That My Heart Skipped, The (battre mon coeur s'est arrêté, De) (2005)",2,3.0,3.0,0.0,3.467006896551724
62792,Pride and Glory (2008),2,3.0,2.5,0.5,3.467006896551724
66198,"International, The (2009)",2,3.0,3.0,0.0,3.467006896551724
90471,Puncture (2011),2,3.0,2.5,0.5,3.467006896551724
97643,[REC]³ 3 Génesis (2012),2,3.0,3.0,0.0,3.467006896551724
102720,Epic (2013),2,3.0,2.5,0.5,3.467006896551724
104272,Blackfish (2013),2,3.0,2.0,1.0,3.467006896551724
118924,Top Five (2014),2,3.0,3.0,0.0,3.467006896551724
179211,Christina P: Mother Inferior (2017),2,3.0,2.5,0.5,3.467006896551724
294,"Perez Family, The (1995)",2,3.0,3.0,0.0,3.467006896551724
1428,Angel Baby (1995),2,3.0,3.0,0.0,3.467006896551724
1572,"Contempt (Mépris, Le) (1963)",2,3.0,2.5,0.5,3.467006896551724
1583,"Simple Wish, A (1997)",2,3.0,3.0,0.0,3.467006896551724
4009,Talk Radio (1988),2,3.0,3.0,0.0,3.467006896551724
4470,Ariel (1988),2,3.0,2.0,1.0,3.467006896551724
6428,Two Mules for Sister Sara (1970),2,3.0,3.0,0.0,3.467006896551724
7782,Sniper (1993),2,3.0,1.5,1.5,3.467006896551724
49957,"History Boys, The (2006)",2,3.0,3.0,0.0,3.467006896551724
56336,Wrong Turn 2: Dead End (2007),2,3.0,2.0,1.0,3.467006896551724
64997,War of the Worlds (2005),2,3.0,2.5,0.5,3.467006896551724
71429,World's Greatest Dad (2009),2,3.0,1.5,1.5,3.467006896551724
81456,Heartbeats (Les amours imaginaires) (2010),2,3.0,3.0,0.0,3.467006896551724
89028,Don't Be Afraid of the Dark (2010),2,3.0,2.5,0.5,3.467006896551724
105211,Enough Said (2013),2,3.0,2.5,0.5,3.467006896551724
484,Lassie (1994),2,3.0,1.0,2.0,3.467006896551724
635,"Family Thing, A (1996)",2,3.0,3.0,0.0,3.467006896551724
2271,Permanent Midnight (1998),2,3.0,3.0,0.0,3.467006896551724
2977,Crazy in Alabama (1999),2,3.0,2.0,1.0,3.467006896551724
4516,Johnny Be Good (1988),2,3.0,2.0,1.0,3.467006896551724
4784,"French Lieutenant's Woman, The (1981)",2,3.0,3.0,0.0,3.467006896551724
6217,"Safety of Objects, The (2001)",2,3.0,1.5,1.5,3.467006896551724
6357,High Society (1956),2,3.0,3.0,0.0,3.467006896551724
31660,Steamboy (Suchîmubôi) (2004),2,3.0,3.0,0.0,3.467006896551724
61705,Lakeview Terrace (2008),2,3.0,2.5,0.5,3.467006896551724
72294,"Christmas Carol, A (2009)",2,3.0,2.5,0.5,3.467006896551724
91842,Contraband (2012),2,3.0,2.0,1.0,3.467006896551724
107314,Oldboy (2013),2,3.0,2.5,0.5,3.467006896551724
155064,The Neon Demon (2016),2,3.0,2.5,0.5,3.467006896551724
2280,Clay Pigeons (1998),2,3.0,3.0,0.0,3.467006896551724
4113,"Glass Menagerie, The (1987)",2,3.0,2.0,1.0,3.467006896551724
5051,Italian for Beginners (Italiensk for begyndere) (2000),2,3.0,3.0,0.0,3.467006896551724
5134,Mean Machine (2001),2,3.0,2.5,0.5,3.467006896551724
33815,"Perfect Man, The (2005)",2,3.0,3.0,0.0,3.467006896551724
60289,Kit Kittredge: An American Girl (2008),2,3.0,2.0,1.0,3.467006896551724
91470,Violet & Daisy (2011),2,3.0,1.5,1.5,3.467006896551724
98122,Indie Game: The Movie (2012),2,3.0,3.0,0.0,3.467006896551724
104908,Insidious: Chapter 2 (2013),2,3.0,3.0,0.0,3.467006896551724
109853,Barefoot (2014),2,3.0,2.0,1.0,3.467006896551724
279,My Family (1995),2,3.0,3.0,0.0,3.467006896551724
3165,Boiling Point (1993),2,3.0,2.0,1.0,3.467006896551724
3453,Here on Earth (2000),2,3.0,2.0,1.0,3.467006896551724
4632,"Package, The (1989)",2,3.0,2.5,0.5,3.467006896551724
4811,Quadrophenia (1979),2,3.0,2.0,1.0,3.467006896551724
6143,Trail of the Pink Panther (1982),2,3.0,2.0,1.0,3.467006896551724
6330,People I Know (2002),2,3.0,2.5,0.5,3.467006896551724
6379,Wrong Turn (2003),2,3.0,2.5,0.5,3.467006896551724
6760,In This World (2002),2,3.0,3.0,0.0,3.467006896551724
7192,Only the Strong (1993),2,3.0,3.0,0.0,3.467006896551724
31114,Imaginary Heroes (2004),2,3.0,2.5,0.5,3.467006896551724
58972,Nim's Island (2008),2,3.0,2.5,0.5,3.467006896551724
69604,Whatever Works (2009),2,3.0,3.0,0.0,3.467006896551724
98623,Winners and Sinners (Qi mou miao ji: Wu fu xing) (1983),2,3.0,3.0,0.0,3.467006896551724
131656,Shaun the Sheep Movie (2015),2,3.0,2.5,0.5,3.467006896551724
138208,The Walk (2015),2,3.0,2.5,0.5,3.467006896551724
119,"Steal Big, Steal Little (1995)",2,3.0,3.0,0.0,3.467006896551724
841,"Eyes Without a Face (Yeux sans visage, Les) (1959)",2,3.0,3.0,0.0,3.467006896551724
988,Grace of My Heart (1996),2,3.0,3.0,0.0,3.467006896551724
1612,"Kiss Me, Guido (1997)",2,3.0,3.0,0.0,3.467006896551724
2400,Prancer (1989),2,3.0,3.0,0.0,3.467006896551724
3719,Love's Labour's Lost (2000),2,3.0,2.0,1.0,3.467006896551724
6997,Hoffa (1992),2,3.0,3.0,0.0,3.467006896551724
8743,Biggles (1986),2,3.0,2.5,0.5,3.467006896551724
8974,"SpongeBob SquarePants Movie, The (2004)",2,3.0,2.0,1.0,3.467006896551724
34326,Last Days (2005),2,3.0,2.0,1.0,3.467006896551724
89761,"Dangerous Method, A (2011)",2,3.0,2.5,0.5,3.467006896551724
95182,Dragon Ball Z the Movie: The Tree of Might (Doragon bôru Z 3: Chikyû marugoto chô kessen) (1990),2,3.0,2.0,1.0,3.467006896551724
104245,Planes (2013),2,3.0,2.5,0.5,3.467006896551724
129428,The Second Best Exotic Marigold Hotel (2015),2,3.0,2.5,0.5,3.467006896551724
143257,Ashby (2015),2,3.0,2.5,0.5,3.467006896551724
160571,Lights Out (2016),2,3.0,3.0,0.0,3.467006896551724
206,Unzipped (1995),2,3.0,2.0,1.0,3.467006896551724
331,Tom & Viv (1994),2,3.0,3.0,0.0,3.467006896551724
388,Boys Life (1995),2,3.0,2.0,1.0,3.467006896551724
408,8 Seconds (1994),2,3.0,2.0,1.0,3.467006896551724
1767,Music From Another Room (1998),2,3.0,2.0,1.0,3.467006896551724
2482,Still Crazy (1998),2,3.0,3.0,0.0,3.467006896551724
3138,Stealing Home (1988),2,3.0,3.0,0.0,3.467006896551724
3223,"Zed & Two Noughts, A (1985)",2,3.0,1.0,2.0,3.467006896551724
3571,Time Code (2000),2,3.0,2.0,1.0,3.467006896551724
3834,Bronco Billy (1980),2,3.0,3.0,0.0,3.467006896551724
4296,Love Story (1970),2,3.0,2.0,1.0,3.467006896551724
4661,Sea of Love (1989),2,3.0,3.0,0.0,3.467006896551724
4847,Fat Girl (À ma soeur!) (2001),2,3.0,2.5,0.5,3.467006896551724
5670,Comedian (2002),2,3.0,3.0,0.0,3.467006896551724
6889,Brother Bear (2003),2,3.0,3.0,0.0,3.467006896551724
7307,Flesh & Blood (1985),2,3.0,2.5,0.5,3.467006896551724
25750,Sherlock Jr. (1924),2,3.0,2.0,1.0,3.467006896551724
45635,"Notorious Bettie Page, The (2005)",2,3.0,3.0,0.0,3.467006896551724
56003,Southland Tales (2006),2,3.0,3.0,0.0,3.467006896551724
117109,Too Many Cooks (2014),2,3.0,1.5,1.5,3.467006896551724
132800,Welcome to Me (2014),2,3.0,1.5,1.5,3.467006896551724
136602,Creep (2014),2,3.0,2.0,1.0,3.467006896551724
142420,High Rise (2015),2,3.0,2.5,0.5,3.467006896551724
150401,Close Range (2015),2,3.0,3.0,0.0,3.467006896551724
169912,Denis Leary: No Cure for Cancer (1993),2,3.0,2.5,0.5,3.467006896551724
5630,Red Dragon (2002),31,3.435483870967742,3.5,1.1125525394180988,3.4662620689655173
596,Pinocchio (1940),60,3.45,3.5,1.0476163419878481,3.466013793103448
4065,Foxy Brown (1974),1,2.5,2.5,0.0,3.4658285714285713
4614,Kickboxer (1989),1,2.5,2.5,0.0,3.4658285714285713
5007,Topkapi (1964),1,2.5,2.5,0.0,3.4658285714285713
5828,Blackrock (1997),1,2.5,2.5,0.0,3.4658285714285713
5969,My Girl 2 (1994),1,2.5,2.5,0.0,3.4658285714285713
6691,Dust (2001),1,2.5,2.5,0.0,3.4658285714285713
6973,Final Analysis (1992),1,2.5,2.5,0.0,3.4658285714285713
7073,"Shot in the Dark, A (1964)",1,2.5,2.5,0.0,3.4658285714285713
7394,Those Magnificent Men in Their Flying Machines (1965),1,2.5,2.5,0.0,3.4658285714285713
7414,Going in Style (1979),1,2.5,2.5,0.0,3.4658285714285713
8532,"Door in the Floor, The (2004)",1,2.5,2.5,0.0,3.4658285714285713
8905,1492: Conquest of Paradise (1992),1,2.5,2.5,0.0,3.4658285714285713
26176,Titicut Follies (1967),1,2.5,2.5,0.0,3.4658285714285713
26391,"New York, New York (1977)",1,2.5,2.5,0.0,3.4658285714285713
26745,Other People's Money (1991),1,2.5,2.5,0.0,3.4658285714285713
27473,American Psycho II: All American Girl (2002),1,2.5,2.5,0.0,3.4658285714285713
31000,Sweet Liberty (1986),1,2.5,2.5,0.0,3.4658285714285713
33126,"Frisco Kid, The (1979)",1,2.5,2.5,0.0,3.4658285714285713
41769,Mozart and the Whale (2005),1,2.5,2.5,0.0,3.4658285714285713
45969,Career Opportunities (1991),1,2.5,2.5,0.0,3.4658285714285713
61071,"Sisterhood of the Traveling Pants 2, The (2008)",1,2.5,2.5,0.0,3.4658285714285713
69131,Killshot (2008),1,2.5,2.5,0.0,3.4658285714285713
70663,"I Love You, Beth Cooper (2009)",1,2.5,2.5,0.0,3.4658285714285713
71910,"Tournament, The (2009)",1,2.5,2.5,0.0,3.4658285714285713
91266,Another Cinderella Story (2008),1,2.5,2.5,0.0,3.4658285714285713
102800,Frances Ha (2012),1,2.5,2.5,0.0,3.4658285714285713
103245,Adam and Eve (National Lampoon's Adam & Eve) (2005),1,2.5,2.5,0.0,3.4658285714285713
111375,Walk of Shame (2014),1,2.5,2.5,0.0,3.4658285714285713
118198,The Green Prince (2014),1,2.5,2.5,0.0,3.4658285714285713
120783,Son of a Gun (2014),1,2.5,2.5,0.0,3.4658285714285713
121129,The Hungover Games (2014),1,2.5,2.5,0.0,3.4658285714285713
128695,The Dark Valley (2014),1,2.5,2.5,0.0,3.4658285714285713
139130,Afro Samurai (2007),1,2.5,2.5,0.0,3.4658285714285713
158388,Buck Rogers in the 25th Century (1979),1,2.5,2.5,0.0,3.4658285714285713
160341,Bloodmoon (1997),1,2.5,2.5,0.0,3.4658285714285713
171751,Munna bhai M.B.B.S. (2003),1,2.5,2.5,0.0,3.4658285714285713
189043,Boundaries (2018),1,2.5,2.5,0.0,3.4658285714285713
3669,Stay Tuned (1992),1,2.5,2.5,0.0,3.4658285714285713
3700,"Brother from Another Planet, The (1984)",1,2.5,2.5,0.0,3.4658285714285713
4777,"American Astronaut, The (2001)",1,2.5,2.5,0.0,3.4658285714285713
5458,Like Mike (2002),1,2.5,2.5,0.0,3.4658285714285713
8153,Lust for Life (1956),1,2.5,2.5,0.0,3.4658285714285713
25959,Annie Get Your Gun (1950),1,2.5,2.5,0.0,3.4658285714285713
27450,Blueberry (2004),1,2.5,2.5,0.0,3.4658285714285713
40478,Night of the Lepus (1972),1,2.5,2.5,0.0,3.4658285714285713
42638,Grand Theft Parsons (2003),1,2.5,2.5,0.0,3.4658285714285713
45648,Game 6 (2005),1,2.5,2.5,0.0,3.4658285714285713
47978,SherryBaby (2006),1,2.5,2.5,0.0,3.4658285714285713
51903,I Think I Love My Wife (2007),1,2.5,2.5,0.0,3.4658285714285713
60141,St. Trinian's (2007),1,2.5,2.5,0.0,3.4658285714285713
62437,W. (2008),1,2.5,2.5,0.0,3.4658285714285713
74095,Wicked City (Yôjû toshi) (1987),1,2.5,2.5,0.0,3.4658285714285713
77201,Valhalla Rising (2009),1,2.5,2.5,0.0,3.4658285714285713
82534,"Company Men, The (2010)",1,2.5,2.5,0.0,3.4658285714285713
83086,Burlesque (2010),1,2.5,2.5,0.0,3.4658285714285713
88697,SUBWAYStories: Tales from the Underground (1997),1,2.5,2.5,0.0,3.4658285714285713
91935,Albatross (2011),1,2.5,2.5,0.0,3.4658285714285713
93502,"Ledge, The (2011)",1,2.5,2.5,0.0,3.4658285714285713
98799,"Liar's Autobiography: The Untrue Story of Monty Python's Graham Chapman, A (2012)",1,2.5,2.5,0.0,3.4658285714285713
100326,Stand Up Guys (2012),1,2.5,2.5,0.0,3.4658285714285713
114126,Beautiful Losers (2008),1,2.5,2.5,0.0,3.4658285714285713
119218,The Punisher: Dirty Laundry (2012),1,2.5,2.5,0.0,3.4658285714285713
136838,Kiss me Kismet (2006),1,2.5,2.5,0.0,3.4658285714285713
141422,Suffragette (2015),1,2.5,2.5,0.0,3.4658285714285713
143365,The Circle (2016),1,2.5,2.5,0.0,3.4658285714285713
145080,Extraordinary Tales (2015),1,2.5,2.5,0.0,3.4658285714285713
151557,Stonewall (2015),1,2.5,2.5,0.0,3.4658285714285713
156783,Jimmy Carr: Making People Laugh (2010),1,2.5,2.5,0.0,3.4658285714285713
158528,The Shallows (2016),1,2.5,2.5,0.0,3.4658285714285713
162828,Imperium (2016),1,2.5,2.5,0.0,3.4658285714285713
3714,Clara's Heart (1988),1,2.5,2.5,0.0,3.4658285714285713
5284,Crush (2001),1,2.5,2.5,0.0,3.4658285714285713
5562,Snipes (2001),1,2.5,2.5,0.0,3.4658285714285713
6563,Masked & Anonymous (2003),1,2.5,2.5,0.0,3.4658285714285713
6751,Cold Creek Manor (2003),1,2.5,2.5,0.0,3.4658285714285713
6882,Returner (Ritaanaa) (2002),1,2.5,2.5,0.0,3.4658285714285713
7041,Trapped in Paradise (1994),1,2.5,2.5,0.0,3.4658285714285713
7179,Wuthering Heights (1992),1,2.5,2.5,0.0,3.4658285714285713
7308,King Solomon's Mines (1985),1,2.5,2.5,0.0,3.4658285714285713
7562,Dobermann (1997),1,2.5,2.5,0.0,3.4658285714285713
26365,Futureworld (1976),1,2.5,2.5,0.0,3.4658285714285713
26743,Only Yesterday (Omohide poro poro) (1991),1,2.5,2.5,0.0,3.4658285714285713
27426,"Accidental Spy, The (Dak miu mai shing) (2001)",1,2.5,2.5,0.0,3.4658285714285713
27762,Comic Book: The Movie (2004),1,2.5,2.5,0.0,3.4658285714285713
27816,Saints and Soldiers (2003),1,2.5,2.5,0.0,3.4658285714285713
31049,Out Cold (1989),1,2.5,2.5,0.0,3.4658285714285713
32659,Tanguy (2001),1,2.5,2.5,0.0,3.4658285714285713
33294,Vampire Hunter D (1985),1,2.5,2.5,0.0,3.4658285714285713
33644,Dominion: Prequel to the Exorcist (2005),1,2.5,2.5,0.0,3.4658285714285713
34811,Pusher II: With Blood on My Hands (2004),1,2.5,2.5,0.0,3.4658285714285713
44849,Renaissance (2006),1,2.5,2.5,0.0,3.4658285714285713
45074,"Wild, The (2006)",1,2.5,2.5,0.0,3.4658285714285713
47538,Crime Busters (1977),1,2.5,2.5,0.0,3.4658285714285713
48560,Running With Scissors (2006),1,2.5,2.5,0.0,3.4658285714285713
52042,Black Book (Zwartboek) (2006),1,2.5,2.5,0.0,3.4658285714285713
55294,Weirdsville (2007),1,2.5,2.5,0.0,3.4658285714285713
60803,"Little Drummer Boy, The (1968)",1,2.5,2.5,0.0,3.4658285714285713
71500,Trick 'r Treat (2007),1,2.5,2.5,0.0,3.4658285714285713
73431,"Maiden Heist, The (2009)",1,2.5,2.5,0.0,3.4658285714285713
79868,Heartless (2009),1,2.5,2.5,0.0,3.4658285714285713
79895,"Extraordinary Adventures of Adèle Blanc-Sec, The (2010)",1,2.5,2.5,0.0,3.4658285714285713
91981,Sacrifice (Zhao shi gu er) (2010),1,2.5,2.5,0.0,3.4658285714285713
97988,"Bay, The (2012)",1,2.5,2.5,0.0,3.4658285714285713
103755,Turbo (2013),1,2.5,2.5,0.0,3.4658285714285713
109317,Someone Marry Barry (2014),1,2.5,2.5,0.0,3.4658285714285713
110781,Mulan II (2004),1,2.5,2.5,0.0,3.4658285714285713
129779,Ghost in the Shell Arise - Border 1: Ghost Pain (2013),1,2.5,2.5,0.0,3.4658285714285713
137218,April Morning (1988),1,2.5,2.5,0.0,3.4658285714285713
145745,Witch Hunt (1999),1,2.5,2.5,0.0,3.4658285714285713
158402,The Crew (2016),1,2.5,2.5,0.0,3.4658285714285713
161008,The Forbidden Dance (1990),1,2.5,2.5,0.0,3.4658285714285713
172233,The Prime Gig (2000),1,2.5,2.5,0.0,3.4658285714285713
174403,The Putin Interviews (2017),1,2.5,2.5,0.0,3.4658285714285713
175693,Rick and Morty: State of Georgia Vs. Denver Fenton Allen (2016),1,2.5,2.5,0.0,3.4658285714285713
2292,Overnight Delivery (1998),1,2.5,2.5,0.0,3.4658285714285713
4568,Best of the Best (1989),1,2.5,2.5,0.0,3.4658285714285713
4800,King Solomon's Mines (1937),1,2.5,2.5,0.0,3.4658285714285713
5590,"Mack, The (1973)",1,2.5,2.5,0.0,3.4658285714285713
6603,"Double Life, A (1947)",1,2.5,2.5,0.0,3.4658285714285713
7993,"Bucket Of Blood, A (1959)",1,2.5,2.5,0.0,3.4658285714285713
8375,"Hunting of the President, The (2004)",1,2.5,2.5,0.0,3.4658285714285713
8714,Night and Day (1946),1,2.5,2.5,0.0,3.4658285714285713
26676,Almost an Angel (1990),1,2.5,2.5,0.0,3.4658285714285713
27105,Purgatory (1999),1,2.5,2.5,0.0,3.4658285714285713
31921,"Seven-Per-Cent Solution, The (1976)",1,2.5,2.5,0.0,3.4658285714285713
32515,Walker (1987),1,2.5,2.5,0.0,3.4658285714285713
38583,"Wraith, The (1986)",1,2.5,2.5,0.0,3.4658285714285713
39307,Dreamer: Inspired by a True Story (2005),1,2.5,2.5,0.0,3.4658285714285713
46772,Strangers with Candy (2005),1,2.5,2.5,0.0,3.4658285714285713
48416,School for Scoundrels (2006),1,2.5,2.5,0.0,3.4658285714285713
54962,"Nines, The (2007)",1,2.5,2.5,0.0,3.4658285714285713
79590,"Rebound, The (2009)",1,2.5,2.5,0.0,3.4658285714285713
84950,Take Me Home Tonight (2011),1,2.5,2.5,0.0,3.4658285714285713
89085,"Debt, The (2011)",1,2.5,2.5,0.0,3.4658285714285713
93598,"Snowtown (Snowtown Murders, The) (2011)",1,2.5,2.5,0.0,3.4658285714285713
107338,Dampfnudelblues (2013),1,2.5,2.5,0.0,3.4658285714285713
116849,Sex Ed (2014),1,2.5,2.5,0.0,3.4658285714285713
134021,5 to 7 (2014),1,2.5,2.5,0.0,3.4658285714285713
141131,Guardians (2016),1,2.5,2.5,0.0,3.4658285714285713
151759,Requiem for the American Dream (2015),1,2.5,2.5,0.0,3.4658285714285713
157270,Barbershop: The Next Cut (2016),1,2.5,2.5,0.0,3.4658285714285713
157340,The Angry Birds Movie (2016),1,2.5,2.5,0.0,3.4658285714285713
158830,The BFG (2016),1,2.5,2.5,0.0,3.4658285714285713
159077,The Meddler (2016),1,2.5,2.5,0.0,3.4658285714285713
160646,Goat (2016),1,2.5,2.5,0.0,3.4658285714285713
161032,The Grandmother (1970),1,2.5,2.5,0.0,3.4658285714285713
173255,"Norm Macdonald: Hitler's Dog, Gossip & Trickery (2017)",1,2.5,2.5,0.0,3.4658285714285713
2590,Hideous Kinky (1998),1,2.5,2.5,0.0,3.4658285714285713
3919,Hellraiser III: Hell on Earth (1992),1,2.5,2.5,0.0,3.4658285714285713
4354,Unlawful Entry (1992),1,2.5,2.5,0.0,3.4658285714285713
6718,Gotcha! (1985),1,2.5,2.5,0.0,3.4658285714285713
6722,Once Upon a Time in China II (Wong Fei-hung Ji Yi: Naam yi dong ji keung) (1992),1,2.5,2.5,0.0,3.4658285714285713
7477,Eye See You (D-Tox) (2002),1,2.5,2.5,0.0,3.4658285714285713
7616,Body Double (1984),1,2.5,2.5,0.0,3.4658285714285713
27539,Undertaking Betty (Plots with a View) (2002),1,2.5,2.5,0.0,3.4658285714285713
27689,"Crimson Rivers 2: Angels of the Apocalypse (Rivières pourpres II - Les anges de l'apocalypse, Les) (2004)",1,2.5,2.5,0.0,3.4658285714285713
33148,King's Ransom (2005),1,2.5,2.5,0.0,3.4658285714285713
33188,Mischief (1985),1,2.5,2.5,0.0,3.4658285714285713
33826,Saint Ralph (2004),1,2.5,2.5,0.0,3.4658285714285713
44238,Leprechaun 2 (1994),1,2.5,2.5,0.0,3.4658285714285713
58783,Youth Without Youth (2007),1,2.5,2.5,0.0,3.4658285714285713
60735,Shotgun Stories (2007),1,2.5,2.5,0.0,3.4658285714285713
62718,"Angus, Thongs and Perfect Snogging (2008)",1,2.5,2.5,0.0,3.4658285714285713
65588,"Gamers, The: Dorkness Rising (2008)",1,2.5,2.5,0.0,3.4658285714285713
66335,Afro Samurai: Resurrection (2009),1,2.5,2.5,0.0,3.4658285714285713
69904,Open Water 2: Adrift (2006),1,2.5,2.5,0.0,3.4658285714285713
69988,Humpday (2009),1,2.5,2.5,0.0,3.4658285714285713
80162,"Horde, The (La Horde) (2009)",1,2.5,2.5,0.0,3.4658285714285713
80454,Princess (Prinsessa) (2010),1,2.5,2.5,0.0,3.4658285714285713
90719,J. Edgar (2011),1,2.5,2.5,0.0,3.4658285714285713
94919,Inhale (2010),1,2.5,2.5,0.0,3.4658285714285713
96530,Conception (2011),1,2.5,2.5,0.0,3.4658285714285713
116169,Reign of Assassins (2010),1,2.5,2.5,0.0,3.4658285714285713
150604,Moonwalkers (2015),1,2.5,2.5,0.0,3.4658285714285713
156706,The Trust (2016),1,2.5,2.5,0.0,3.4658285714285713
159849,Bo Burnham: Make Happy (2016),1,2.5,2.5,0.0,3.4658285714285713
164647,Dirty 30 (2016),1,2.5,2.5,0.0,3.4658285714285713
165075,London Town (2016),1,2.5,2.5,0.0,3.4658285714285713
4864,Titanica (1992),1,2.5,2.5,0.0,3.4658285714285713
4953,"People That Time Forgot, The (1977)",1,2.5,2.5,0.0,3.4658285714285713
5156,"Big Doll House, The (1971)",1,2.5,2.5,0.0,3.4658285714285713
6705,Party Monster (2003),1,2.5,2.5,0.0,3.4658285714285713
7040,To Live and Die in L.A. (1985),1,2.5,2.5,0.0,3.4658285714285713
26726,Dutch (1991),1,2.5,2.5,0.0,3.4658285714285713
26901,Last of the Dogmen (1995),1,2.5,2.5,0.0,3.4658285714285713
27830,"Bobby Jones, Stroke of Genius (2004)",1,2.5,2.5,0.0,3.4658285714285713
31123,Ruby & Quentin (Tais-toi!) (2003),1,2.5,2.5,0.0,3.4658285714285713
33629,Airborne (1993),1,2.5,2.5,0.0,3.4658285714285713
42943,Revolution (1985),1,2.5,2.5,0.0,3.4658285714285713
70990,If These Walls Could Talk (1996),1,2.5,2.5,0.0,3.4658285714285713
83796,Anything for Her (Pour elle) (2008),1,2.5,2.5,0.0,3.4658285714285713
98697,"Money Money Money (L'aventure, c'est l'aventure) (1972)",1,2.5,2.5,0.0,3.4658285714285713
101070,Wadjda (2012),1,2.5,2.5,0.0,3.4658285714285713
102802,"Lords of Salem, The (2012)",1,2.5,2.5,0.0,3.4658285714285713
117572,Hit by Lightning (2014),1,2.5,2.5,0.0,3.4658285714285713
134861,Trevor Noah: African American (2013),1,2.5,2.5,0.0,3.4658285714285713
2281,Monument Ave. (1998),1,2.5,2.5,0.0,3.4658285714285713
2974,Bats (1999),1,2.5,2.5,0.0,3.4658285714285713
4670,"Stepfather, The (1987)",1,2.5,2.5,0.0,3.4658285714285713
5787,"Truth About Charlie, The (2002)",1,2.5,2.5,0.0,3.4658285714285713
5801,"Russians Are Coming, the Russians Are Coming, The (1966)",1,2.5,2.5,0.0,3.4658285714285713
5875,Personal Velocity (2002),1,2.5,2.5,0.0,3.4658285714285713
7292,Best Defense (1984),1,2.5,2.5,0.0,3.4658285714285713
8380,Father Hood (1993),1,2.5,2.5,0.0,3.4658285714285713
9008,"Invisible Man Returns, The (1940)",1,2.5,2.5,0.0,3.4658285714285713
26819,Fortress (1992),1,2.5,2.5,0.0,3.4658285714285713
26940,"Late Shift, The (1996)",1,2.5,2.5,0.0,3.4658285714285713
37477,"Man, The (2005)",1,2.5,2.5,0.0,3.4658285714285713
46574,"OH in Ohio, The (2006)",1,2.5,2.5,0.0,3.4658285714285713
46664,"Fallen Idol, The (1948)",1,2.5,2.5,0.0,3.4658285714285713
51933,Pride (2007),1,2.5,2.5,0.0,3.4658285714285713
55205,Interview (2007),1,2.5,2.5,0.0,3.4658285714285713
60674,Stargate: Continuum (2008),1,2.5,2.5,0.0,3.4658285714285713
71484,Metropia (2009),1,2.5,2.5,0.0,3.4658285714285713
77421,Cyrus (2010),1,2.5,2.5,0.0,3.4658285714285713
80839,Secretariat (2010),1,2.5,2.5,0.0,3.4658285714285713
86593,African Cats (2011),1,2.5,2.5,0.0,3.4658285714285713
88593,"Yellow Sea, The (a.k.a. The Murderer) (Hwanghae) (2010)",1,2.5,2.5,0.0,3.4658285714285713
91571,Coriolanus (2011),1,2.5,2.5,0.0,3.4658285714285713
92665,"For a Good Time, Call... (2012)",1,2.5,2.5,0.0,3.4658285714285713
92674,Janie Jones (2010),1,2.5,2.5,0.0,3.4658285714285713
94494,96 Minutes (2011) ,1,2.5,2.5,0.0,3.4658285714285713
97950,"Man with the Iron Fists, The (2012)",1,2.5,2.5,0.0,3.4658285714285713
112316,Jersey Boys (2014),1,2.5,2.5,0.0,3.4658285714285713
131578,Reckless Kelly (1994),1,2.5,2.5,0.0,3.4658285714285713
132084,Let It Be Me (1995),1,2.5,2.5,0.0,3.4658285714285713
149590,Standoff (2016),1,2.5,2.5,0.0,3.4658285714285713
168358,Saturn 3 (1980),1,2.5,2.5,0.0,3.4658285714285713
4961,Pornstar: The Legend of Ron Jeremy (2001),1,2.5,2.5,0.0,3.4658285714285713
5461,Me Without You (2001),1,2.5,2.5,0.0,3.4658285714285713
5922,Attila (Attila Flagello di Dio) (1982),1,2.5,2.5,0.0,3.4658285714285713
6310,Memories of Me (1988),1,2.5,2.5,0.0,3.4658285714285713
7987,Dolls (1987),1,2.5,2.5,0.0,3.4658285714285713
8382,Hello Again (1987),1,2.5,2.5,0.0,3.4658285714285713
8495,Animal Factory (2000),1,2.5,2.5,0.0,3.4658285714285713
32116,"Oh, God! You Devil (1984)",1,2.5,2.5,0.0,3.4658285714285713
32442,Greedy (1994),1,2.5,2.5,0.0,3.4658285714285713
38294,Beowulf & Grendel (2005),1,2.5,2.5,0.0,3.4658285714285713
47793,"Puffy Chair, The (2006)",1,2.5,2.5,0.0,3.4658285714285713
55036,Gotti (1996),1,2.5,2.5,0.0,3.4658285714285713
58826,"Shepherd: Border Patrol, The (2008)",1,2.5,2.5,0.0,3.4658285714285713
75446,Little Ashes (2008),1,2.5,2.5,0.0,3.4658285714285713
77709,"Sky Crawlers, The (Sukai kurora) (2008)",1,2.5,2.5,0.0,3.4658285714285713
79259,Cherrybomb (2009),1,2.5,2.5,0.0,3.4658285714285713
79572,Ramona and Beezus (2010),1,2.5,2.5,0.0,3.4658285714285713
95744,2 Days in New York (2012),1,2.5,2.5,0.0,3.4658285714285713
97665,Asterix & Obelix: God Save Britannia (Astérix et Obélix: Au service de Sa Majesté) (2012),1,2.5,2.5,0.0,3.4658285714285713
110541,"Brain Smasher... A Love Story (Bouncer and the Lady, The) (1993)",1,2.5,2.5,0.0,3.4658285714285713
110611,Cold in July (2014),1,2.5,2.5,0.0,3.4658285714285713
113849,Headshot (2011),1,2.5,2.5,0.0,3.4658285714285713
117107,Miss Meadows (2014),1,2.5,2.5,0.0,3.4658285714285713
121099,101 Dalmatians II: Patch's London Adventure (2003),1,2.5,2.5,0.0,3.4658285714285713
136564,Macbeth (2015),1,2.5,2.5,0.0,3.4658285714285713
142507,Pawn Sacrifice (2015),1,2.5,2.5,0.0,3.4658285714285713
142961,Life Eternal (2015),1,2.5,2.5,0.0,3.4658285714285713
152085,Desierto (2016),1,2.5,2.5,0.0,3.4658285714285713
156553,Zoom (2015),1,2.5,2.5,0.0,3.4658285714285713
165489,Ethel & Ernest (2016),1,2.5,2.5,0.0,3.4658285714285713
167706,Shakespeare Behind Bars (2005),1,2.5,2.5,0.0,3.4658285714285713
170551,The Quiet Family (1998),1,2.5,2.5,0.0,3.4658285714285713
189381,SuperFly (2018),1,2.5,2.5,0.0,3.4658285714285713
189713,BlacKkKlansman (2018),1,2.5,2.5,0.0,3.4658285714285713
478,Jimmy Hollywood (1994),1,2.5,2.5,0.0,3.4658285714285713
1398,In Love and War (1996),1,2.5,2.5,0.0,3.4658285714285713
2800,Little Nemo: Adventures in Slumberland (1992),1,2.5,2.5,0.0,3.4658285714285713
3455,Buddy Boy (1999),1,2.5,2.5,0.0,3.4658285714285713
4189,"Greatest Story Ever Told, The (1965)",1,2.5,2.5,0.0,3.4658285714285713
4603,Her Alibi (1989),1,2.5,2.5,0.0,3.4658285714285713
5268,No Such Thing (2001),1,2.5,2.5,0.0,3.4658285714285713
5720,"Friend Is a Treasure, A (Chi Trova Un Amico, Trova un Tesoro) (Who Finds a Friend Finds a Treasure) (1981)",1,2.5,2.5,0.0,3.4658285714285713
6204,"Meteor Man, The (1993)",1,2.5,2.5,0.0,3.4658285714285713
6696,Bollywood/Hollywood (2002),1,2.5,2.5,0.0,3.4658285714285713
7047,Year of the Dragon (1985),1,2.5,2.5,0.0,3.4658285714285713
7223,D.O.A. (1950),1,2.5,2.5,0.0,3.4658285714285713
8446,Sands of Iwo Jima (1949),1,2.5,2.5,0.0,3.4658285714285713
8500,Godzilla vs. Mechagodzilla (Gojira tai Mekagojira) (1974),1,2.5,2.5,0.0,3.4658285714285713
26285,Dark Star (1974),1,2.5,2.5,0.0,3.4658285714285713
26854,"Darkman II: Return of Durant, The (1995)",1,2.5,2.5,0.0,3.4658285714285713
26947,Pusher (1996),1,2.5,2.5,0.0,3.4658285714285713
32392,800 Bullets (800 Balas) (2002),1,2.5,2.5,0.0,3.4658285714285713
44719,Brainstorm (2001),1,2.5,2.5,0.0,3.4658285714285713
47384,Zoom (2006),1,2.5,2.5,0.0,3.4658285714285713
51545,Pusher III: I'm the Angel of Death (2005),1,2.5,2.5,0.0,3.4658285714285713
58306,Mongol (2007),1,2.5,2.5,0.0,3.4658285714285713
59016,Street Kings (2008),1,2.5,2.5,0.0,3.4658285714285713
60647,Transsiberian (2008),1,2.5,2.5,0.0,3.4658285714285713
67193,Duplicity (2009),1,2.5,2.5,0.0,3.4658285714285713
73160,Sorority Babes in the Slimeball Bowl-O-Rama (1988),1,2.5,2.5,0.0,3.4658285714285713
78103,Shake Hands with the Devil (2007),1,2.5,2.5,0.0,3.4658285714285713
81383,Heartbreaker (L'Arnacoeur) (2010),1,2.5,2.5,0.0,3.4658285714285713
101072,"Unintentional Kidnapping of Mrs. Elfriede Ott, The (Die Unabsichtliche Entführung der Frau Elfriede Ott) (2010)",1,2.5,2.5,0.0,3.4658285714285713
103221,Not Suitable for Children (2012),1,2.5,2.5,0.0,3.4658285714285713
115170,"Judge, The (2014)",1,2.5,2.5,0.0,3.4658285714285713
122260,The Diary of Anne Frank (2009),1,2.5,2.5,0.0,3.4658285714285713
136816,Bad Asses on the Bayou (2015),1,2.5,2.5,0.0,3.4658285714285713
139859,Ghost in the Shell Arise - Border 2: Ghost Whispers (2013),1,2.5,2.5,0.0,3.4658285714285713
148238,A Very Murray Christmas (2015),1,2.5,2.5,0.0,3.4658285714285713
163809,Over the Garden Wall (2013),1,2.5,2.5,0.0,3.4658285714285713
168350,100 Streets (2016),1,2.5,2.5,0.0,3.4658285714285713
169180,American Fable (2017),1,2.5,2.5,0.0,3.4658285714285713
181659,Craig Ferguson: Tickle Fight (2017),1,2.5,2.5,0.0,3.4658285714285713
182749,Judd Apatow: The Return (2017),1,2.5,2.5,0.0,3.4658285714285713
76,Screamers (1995),15,3.4,3.5,1.1575836902790226,3.4653142857142853
2702,Summer of Sam (1999),15,3.4,3.5,1.0198039027185568,3.4653142857142853
90405,In Time (2011),14,3.392857142857143,3.5,0.6595066183078353,3.464468292682927
3980,Men of Honor (2000),14,3.392857142857143,3.0,0.8057510123341769,3.464468292682927
2243,Broadcast News (1987),28,3.4285714285714284,4.0,0.9702198362290089,3.464421818181818
1094,"Crying Game, The (1992)",42,3.4404761904761907,4.0,0.98924201954963,3.464394202898551
2915,Risky Business (1983),42,3.4404761904761907,3.5,0.9076551484350901,3.464394202898551
1909,"X-Files: Fight the Future, The (1998)",42,3.4404761904761907,3.5,0.9271203558303589,3.464394202898551
52281,Grindhouse (2007),27,3.425925925925926,4.0,1.12795869132156,3.4637629629629627
2232,Cube (1997),27,3.425925925925926,4.0,1.094630867120863,3.4637629629629627
3753,"Patriot, The (2000)",68,3.448529411764706,4.0,1.0294905432041193,3.4636126315789477
2454,"Fly, The (1958)",13,3.3846153846153846,3.0,0.6249260311258431,3.4635800000000003
3477,Empire Records (1995),13,3.3846153846153846,3.0,1.0769230769230769,3.4635800000000003
3852,"Tao of Steve, The (2000)",13,3.3846153846153846,3.5,0.923076923076923,3.4635800000000003
507,"Perfect World, A (1993)",13,3.3846153846153846,3.0,0.6249260311258431,3.4635800000000003
59784,Kung Fu Panda (2008),54,3.4444444444444446,3.5,0.9411707970054121,3.463496296296296
3869,"Naked Gun 2 1/2: The Smell of Fear, The (1991)",26,3.423076923076923,3.5,0.947591153442686,3.4630792452830184
1672,"Rainmaker, The (1997)",12,3.375,3.5,0.7395099728874519,3.462646153846154
3274,Single White Female (1992),12,3.375,3.0,0.7671646933134153,3.462646153846154
7151,Girl with a Pearl Earring (2003),12,3.375,3.5,0.6166103577895309,3.462646153846154
2414,Young Sherlock Holmes (1985),11,3.3636363636363638,3.0,0.4810456929208346,3.461663157894737
65088,Bedtime Stories (2008),11,3.3636363636363638,3.5,0.642824346533225,3.461663157894737
107348,Anchorman 2: The Legend Continues (2013),11,3.3636363636363638,3.5,0.8003098573481366,3.461663157894737
1480,Smilla's Sense of Snow (1997),11,3.3636363636363638,3.0,0.526174404672283,3.461663157894737
27808,Spanglish (2004),11,3.3636363636363638,3.5,0.642824346533225,3.461663157894737
1963,Take the Money and Run (1969),11,3.3636363636363638,3.5,0.9315409787235999,3.461663157894737
2021,Dune (1984),37,3.4324324324324325,3.5,1.0078218563234638,3.4616125
41566,"Chronicles of Narnia: The Lion, the Witch and the Wardrobe, The (2005)",62,3.443548387096774,3.5,0.9293808149900622,3.461159550561798
1321,"American Werewolf in London, An (1981)",23,3.4130434782608696,3.5,0.8926289203325134,3.460864
4902,"Devil's Backbone, The (Espinazo del diablo, El) (2001)",10,3.35,4.0,1.1191514642799696,3.4606270270270265
5329,"Salton Sea, The (2002)",10,3.35,3.0,0.6344288770224761,3.4606270270270265
4787,Little Man Tate (1991),10,3.35,3.0,0.8381527307120106,3.4606270270270265
62155,Nick and Norah's Infinite Playlist (2008),10,3.35,3.5,1.0012492197250393,3.4606270270270265
1290,Some Kind of Wonderful (1987),10,3.35,3.0,0.9500000000000001,3.4606270270270265
7263,Miracle (2004),10,3.35,3.0,0.6726812023536854,3.4606270270270265
34338,"Aristocrats, The (2005)",10,3.35,3.0,1.2459935794377113,3.4606270270270265
2096,Sleeping Beauty (1959),22,3.409090909090909,3.0,0.6331085580538236,3.4600653061224484
102903,Now You See Me (2013),22,3.409090909090909,4.0,1.2213662584131275,3.4600653061224484
4519,"Land Before Time, The (1988)",9,3.3333333333333335,3.5,0.7071067811865476,3.4595333333333333
175303,It (2017),9,3.3333333333333335,3.5,1.1785113019775793,3.4595333333333333
27,Now and Then (1995),9,3.3333333333333335,3.0,1.1303883305208782,3.4595333333333333
2644,Dracula (1931),9,3.3333333333333335,3.5,0.5270462766947299,3.4595333333333333
4936,Fame (1980),9,3.3333333333333335,3.0,0.9428090415820634,3.4595333333333333
3844,Steel Magnolias (1989),9,3.3333333333333335,3.0,0.8498365855987975,3.4595333333333333
5293,Changing Lanes (2002),9,3.3333333333333335,3.0,0.5773502691896257,3.4595333333333333
3555,U-571 (2000),33,3.4242424242424243,3.5,0.69762814746796,3.4590533333333333
2171,Next Stop Wonderland (1998),8,3.3125,3.0,0.899218410621135,3.458377142857143
2870,Barefoot in the Park (1967),8,3.3125,3.0,0.4284784125250652,3.458377142857143
4155,Sweet November (2001),8,3.3125,3.0,1.1439378261076953,3.458377142857143
7570,Octopussy (1983),8,3.3125,3.5,0.8267972847076847,3.458377142857143
4361,Tootsie (1982),32,3.421875,3.5,1.0614654890174244,3.458359322033898
2085,101 Dalmatians (One Hundred and One Dalmatians) (1961),44,3.4318181818181817,3.5,0.7430810329214461,3.4583549295774647
53125,Pirates of the Caribbean: At World's End (2007),56,3.4375,3.5,0.9546058461106192,3.458351807228915
91500,The Hunger Games (2012),54,3.435185185185185,3.5,1.009429139627279,3.457323456790123
86347,Louis C.K.: Chewed Up (2008),7,3.2857142857142856,4.0,1.7291026338443147,3.4571529411764703
56156,Hitman (2007),7,3.2857142857142856,3.5,0.7953949089757174,3.4571529411764703
8169,*batteries not included (1987),7,3.2857142857142856,3.5,0.45175395145262565,3.4571529411764703
662,Fear (1996),7,3.2857142857142856,3.0,1.3850513878332367,3.4571529411764703
848,"Spitfire Grill, The (1996)",7,3.2857142857142856,4.0,1.0301575072754254,3.4571529411764703
96861,Taken 2 (2012),7,3.2857142857142856,3.5,1.3590212564600321,3.4571529411764703
522,Romper Stomper (1992),7,3.2857142857142856,3.5,1.2205719636167902,3.4571529411764703
4056,"Pledge, The (2001)",7,3.2857142857142856,3.5,1.0642617446965241,3.4571529411764703
53468,Fido (2006),7,3.2857142857142856,3.0,0.5248906591678238,3.4571529411764703
79428,Dinner for Schmucks (2010),7,3.2857142857142856,3.5,0.9583148474999099,3.4571529411764703
63859,Bolt (2008),18,3.388888888888889,3.5,0.7556372504853025,3.4565155555555553
2413,Clue (1985),18,3.388888888888889,3.0,0.5665577237325318,3.4565155555555553
3745,Titan A.E. (2000),29,3.413793103448276,3.5,0.6704214515594338,3.4561285714285717
938,Gigi (1958),6,3.25,3.0,1.181453906563152,3.4558545454545455
3594,Center Stage (2000),6,3.25,3.0,1.626601774661928,3.4558545454545455
27821,"Interpreter, The (2005)",6,3.25,3.0,0.478713553878169,3.4558545454545455
3029,Nighthawks (1981),6,3.25,3.0,0.6922186552431729,3.4558545454545455
3177,Next Friday (2000),6,3.25,3.5,0.9013878188659973,3.4558545454545455
7064,Beauty and the Beast (La belle et la bête) (1946),6,3.25,3.5,0.6291528696058958,3.4558545454545455
8879,Murder on the Orient Express (1974),6,3.25,3.0,0.6922186552431729,3.4558545454545455
48142,"Black Dahlia, The (2006)",6,3.25,3.0,0.6922186552431729,3.4558545454545455
52241,"Lookout, The (2007)",6,3.25,3.5,0.75,3.4558545454545455
3985,"Eagle Has Landed, The (1976)",6,3.25,3.0,0.3818813079129867,3.4558545454545455
44004,Failure to Launch (2006),6,3.25,3.0,0.6922186552431728,3.4558545454545455
126548,The DUFF (2015),6,3.25,3.0,0.9464847243000456,3.4558545454545455
1835,City of Angels (1998),17,3.3823529411764706,3.0,0.8998269729869619,3.455527272727273
477,What's Love Got to Do with It? (1993),17,3.3823529411764706,3.5,0.5564967037771912,3.455527272727273
103772,"Wolverine, The (2013)",16,3.375,3.5,0.8385254915624212,3.454493023255814
3538,East is East (1999),5,3.2,3.0,1.16619037896906,3.454475
4234,"Tailor of Panama, The (2001)",5,3.2,3.0,0.4,3.454475
7027,Silverado (1985),5,3.2,3.5,0.812403840463596,3.454475
302,"Queen Margot (Reine Margot, La) (1994)",5,3.2,3.0,0.4,3.454475
47950,Hollywoodland (2006),5,3.2,3.0,0.24494897427831777,3.454475
5450,Lovely & Amazing (2001),5,3.2,3.0,1.16619037896906,3.454475
6975,Funny Games (1997),5,3.2,3.5,1.4000000000000001,3.454475
26242,Duel (1971),5,3.2,3.0,0.24494897427831783,3.454475
42418,"New World, The (2005)",5,3.2,4.0,1.16619037896906,3.454475
103810,Red 2 (2013),5,3.2,3.5,0.6782329983125267,3.454475
259,Kiss of Death (1995),5,3.2,3.0,0.4,3.454475
96417,Premium Rush (2012),5,3.2,3.0,0.7483314773547881,3.454475
140928,Joy (2015),5,3.2,3.0,0.7483314773547882,3.454475
4990,Jimmy Neutron: Boy Genius (2001),5,3.2,3.0,0.5099019513592785,3.454475
422,Blink (1994),5,3.2,3.0,0.4,3.454475
2883,Mumford (1999),5,3.2,3.0,0.4,3.454475
2570,"Walk on the Moon, A (1999)",5,3.2,3.0,0.4,3.454475
63853,Australia (2008),5,3.2,3.0,0.9273618495495705,3.454475
102033,Pain & Gain (2013),5,3.2,3.0,1.0295630140987,3.454475
3599,Anchors Aweigh (1945),5,3.2,3.5,1.1224972160321824,3.454475
8604,Taxi (1998),5,3.2,3.0,1.0295630140987,3.454475
55577,Saw IV (2007),5,3.2,3.0,0.7483314773547882,3.454475
7458,Troy (2004),48,3.4270833333333335,3.5,0.924152671219546,3.4539093333333333
3917,Hellraiser (1987),15,3.3666666666666667,3.5,0.9568466729604883,3.4534095238095235
1994,Poltergeist (1982),47,3.425531914893617,3.5,0.8054252438616042,3.453286486486486
3510,Frequency (2000),36,3.4166666666666665,3.5,1.044163673845139,3.4530666666666665
4727,Captain Corelli's Mandolin (2001),4,3.125,3.0,0.41457809879442503,3.4530064516129033
27604,Suicide Club (Jisatsu saakuru) (2001),4,3.125,3.0,0.21650635094610962,3.4530064516129033
4928,That Obscure Object of Desire (Cet obscur objet du désir) (1977),4,3.125,2.5,0.8926785535678563,3.4530064516129033
148956,How to Be Single (2016),4,3.125,2.5,0.8196798155377502,3.4530064516129033
167018,Why Him? (2016),4,3.125,2.5,0.81967981553775,3.4530064516129033
4792,13 Ghosts (1960),4,3.125,2.5,0.81967981553775,3.4530064516129033
5415,Divine Secrets of the Ya-Ya Sisterhood (2002),4,3.125,3.0,0.7395099728874521,3.4530064516129033
32584,"Ballad of Jack and Rose, The (2005)",4,3.125,3.0,0.5448623679425842,3.4530064516129033
38798,In Her Shoes (2005),4,3.125,3.0,0.7395099728874521,3.4530064516129033
152091,The Brothers Grimsby (2016),4,3.125,3.0,0.5448623679425841,3.4530064516129033
142222,Demolition (2016),4,3.125,3.0,1.0231690964840563,3.4530064516129033
2639,Mommie Dearest (1981),4,3.125,3.0,0.5448623679425842,3.4530064516129033
4628,New York Stories (1989),4,3.125,3.0,0.8926785535678563,3.4530064516129033
62511,"Synecdoche, New York (2008)",4,3.125,3.5,0.960143218483576,3.4530064516129033
26322,Gone in 60 Seconds (1974),4,3.125,3.0,0.739509972887452,3.4530064516129033
33834,Land of the Dead (2005),4,3.125,3.0,1.4306903927824497,3.4530064516129033
85022,Hall Pass (2011),4,3.125,3.0,0.5448623679425842,3.4530064516129033
97860,Killing Them Softly (2012),4,3.125,2.5,0.960143218483576,3.4530064516129033
168254,Kong: Skull Island (2017),4,3.125,3.0,1.0231690964840563,3.4530064516129033
2996,Music of the Heart (1999),4,3.125,3.0,0.7395099728874521,3.4530064516129033
7033,"Secret of My Succe$s, The (a.k.a. The Secret of My Success) (1987)",4,3.125,3.0,0.414578098794425,3.4530064516129033
102993,"Way, Way Back, The (2013)",4,3.125,3.0,0.739509972887452,3.4530064516129033
7116,Diabolique (Les diaboliques) (1955),4,3.125,3.5,1.6345871038277526,3.4530064516129033
104,Happy Gilmore (1996),99,3.4393939393939394,3.5,0.9879903264788551,3.4527238095238095
780,Independence Day (a.k.a. ID4) (1996),202,3.4455445544554455,3.5,0.9935459799886133,3.452153711790393
2490,Payback (1999),45,3.422222222222222,3.5,0.9772725967687121,3.4519888888888888
230,Dolores Claiborne (1995),24,3.3958333333333335,3.0,0.7356851492920656,3.4518274509803923
212,Bushwhacked (1995),3,3.0,3.5,1.0801234497346435,3.45144
998,Set It Off (1996),3,3.0,2.0,1.4142135623730951,3.45144
2899,Gulliver's Travels (1939),3,3.0,3.0,1.632993161855452,3.45144
3598,Hamlet (2000),3,3.0,3.0,0.408248290463863,3.45144
4602,Harlem Nights (1989),3,3.0,3.0,0.0,3.45144
5382,Every Which Way But Loose (1978),3,3.0,3.0,0.816496580927726,3.45144
6219,"Hunted, The (2003)",3,3.0,3.0,0.0,3.45144
8119,Crossroads (1986),3,3.0,3.0,1.224744871391589,3.45144
47465,Tideland (2005),3,3.0,3.5,1.0801234497346435,3.45144
251,"Hunted, The (1995)",3,3.0,3.0,0.408248290463863,3.45144
3964,"Adventures of Ichabod and Mr. Toad, The (1949)",3,3.0,3.0,0.408248290463863,3.45144
6185,Dark Blue (2003),3,3.0,3.0,0.408248290463863,3.45144
6215,Laurel Canyon (2002),3,3.0,3.0,0.0,3.45144
7846,Tremors 3: Back to Perfection (2001),3,3.0,3.0,0.408248290463863,3.45144
170813,Baywatch (2017),3,3.0,3.0,0.816496580927726,3.45144
4392,Alice (1990),3,3.0,3.0,0.408248290463863,3.45144
4624,Meet the Feebles (1989),3,3.0,3.0,0.0,3.45144
5046,Impostor (2002),3,3.0,3.0,0.408248290463863,3.45144
5437,"Manhattan Project, The (1986)",3,3.0,3.0,0.0,3.45144
8982,I Am David (2003),3,3.0,3.0,0.0,3.45144
50802,Because I Said So (2007),3,3.0,3.0,0.408248290463863,3.45144
86835,Priest (2011),3,3.0,3.0,0.408248290463863,3.45144
1430,Underworld (1996),3,3.0,3.0,0.408248290463863,3.45144
1804,"Newton Boys, The (1998)",3,3.0,2.0,1.4142135623730951,3.45144
2107,Halloween H20: 20 Years Later (Halloween 7: The Revenge of Laurie Strode) (1998),3,3.0,3.0,0.408248290463863,3.45144
3395,Nadine (1987),3,3.0,3.0,0.0,3.45144
3406,Captain Horatio Hornblower R.N. (1951),3,3.0,3.0,0.816496580927726,3.45144
8916,Shall We Dance? (2004),3,3.0,3.0,0.408248290463863,3.45144
26492,Twilight Zone: The Movie (1983),3,3.0,3.0,0.816496580927726,3.45144
49132,Shut Up & Sing (2006),3,3.0,3.5,0.7071067811865476,3.45144
162600,Miss Peregrine's Home for Peculiar Children (2016),3,3.0,3.5,1.0801234497346435,3.45144
2331,Living Out Loud (1998),3,3.0,3.0,0.816496580927726,3.45144
5423,Gangster No. 1 (2000),3,3.0,3.0,0.816496580927726,3.45144
6005,Blue Collar Comedy Tour: The Movie (2003),3,3.0,3.5,0.7071067811865476,3.45144
26778,Ladybugs (1992),3,3.0,3.0,0.816496580927726,3.45144
91126,War Horse (2011),3,3.0,3.5,1.0801234497346435,3.45144
109187,"Zero Theorem, The (2013)",3,3.0,3.5,0.7071067811865476,3.45144
131714,Last Knights (2015),3,3.0,3.5,1.0801234497346435,3.45144
1670,Welcome to Sarajevo (1997),3,3.0,3.0,0.816496580927726,3.45144
4000,"Bounty, The (1984)",3,3.0,3.0,0.0,3.45144
4146,"Million Dollar Hotel, The (2001)",3,3.0,4.0,1.4142135623730951,3.45144
5589,Indian Summer (1993),3,3.0,3.0,0.816496580927726,3.45144
42015,Casanova (2005),3,3.0,3.0,0.408248290463863,3.45144
70994,Halloween II (2009),3,3.0,3.5,1.4719601443879744,3.45144
77364,"Losers, The (2010)",3,3.0,3.0,0.408248290463863,3.45144
103,Unforgettable (1996),3,3.0,3.0,0.0,3.45144
452,Widows' Peak (1994),3,3.0,3.0,0.816496580927726,3.45144
4794,Opera (1987),3,3.0,3.5,1.8708286933869707,3.45144
7142,Honey (2003),3,3.0,3.0,0.408248290463863,3.45144
48326,All the King's Men (2006),3,3.0,3.0,0.408248290463863,3.45144
70984,Taking Woodstock (2009),3,3.0,3.5,0.7071067811865476,3.45144
72701,Planet 51 (2009),3,3.0,3.5,1.0801234497346435,3.45144
81018,"Illusionist, The (L'illusionniste) (2010)",3,3.0,3.0,0.816496580927726,3.45144
2582,Twin Dragons (Shuang long hui) (1992),3,3.0,2.5,1.4719601443879744,3.45144
2681,Free Enterprise (1998),3,3.0,3.0,0.408248290463863,3.45144
3810,White Sands (1992),3,3.0,3.0,0.0,3.45144
4572,Black Rain (1989),3,3.0,3.0,0.816496580927726,3.45144
25850,Holiday (1938),3,3.0,4.0,1.7795130420052185,3.45144
70361,12 Rounds (2009),3,3.0,3.0,0.0,3.45144
30,Shanghai Triad (Yao a yao yao dao waipo qiao) (1995),3,3.0,4.0,1.4142135623730951,3.45144
486,Life with Mikey (1993),3,3.0,3.0,0.816496580927726,3.45144
2472,Tough Guys (1986),3,3.0,3.0,0.816496580927726,3.45144
2488,Peeping Tom (1960),3,3.0,3.5,1.8708286933869707,3.45144
3554,Love and Basketball (2000),3,3.0,3.0,0.408248290463863,3.45144
4492,Critters (1986),3,3.0,3.0,0.0,3.45144
8695,"Bachelor and the Bobby-Soxer, The (1947)",3,3.0,2.5,0.7071067811865476,3.45144
27478,Ali G Indahouse (2002),3,3.0,3.5,0.7071067811865476,3.45144
34321,Bad News Bears (2005),3,3.0,3.0,0.0,3.45144
96655,Robot & Frank (2012),3,3.0,2.5,0.7071067811865476,3.45144
101076,G.I. Joe: Retaliation (2013),3,3.0,3.0,0.408248290463863,3.45144
4975,Vanilla Sky (2001),44,3.4204545454545454,3.5,0.865652550878801,3.4513126760563377
33004,"Hitchhiker's Guide to the Galaxy, The (2005)",44,3.4204545454545454,3.5,0.9041770606605728,3.4513126760563377
1518,Breakdown (1997),13,3.3461538461538463,3.5,0.9880948137434715,3.45108
53972,Live Free or Die Hard (2007),32,3.40625,3.5,0.7008644216251814,3.449884745762712
144,"Brothers McMullen, The (1995)",12,3.3333333333333335,3.0,0.8249579113843054,3.449825641025641
27865,Azumi (2003),2,2.75,2.0,0.75,3.4497655172413793
48596,"Marine, The (2006)",2,2.75,2.5,0.25,3.4497655172413793
61255,"Rocker, The (2008)",2,2.75,1.5,1.25,3.4497655172413793
62344,Rachel Getting Married (2008),2,2.75,1.5,1.25,3.4497655172413793
66798,"Pink Panther 2, The (2009)",2,2.75,2.0,0.75,3.4497655172413793
87522,Larry Crowne (2011),2,2.75,1.5,1.25,3.4497655172413793
91325,Extremely Loud and Incredibly Close (2011),2,2.75,2.0,0.75,3.4497655172413793
116887,Exodus: Gods and Kings (2014),2,2.75,2.0,0.75,3.4497655172413793
159755,Popstar: Never Stop Never Stopping (2016),2,2.75,1.5,1.25,3.4497655172413793
2272,One True Thing (1998),2,2.75,2.5,0.25,3.4497655172413793
3971,"Private Eyes, The (1981)",2,2.75,2.5,0.25,3.4497655172413793
4699,Original Sin (2001),2,2.75,2.0,0.75,3.4497655172413793
5205,Motel Hell (1980),2,2.75,2.0,0.75,3.4497655172413793
27899,What the #$*! Do We Know!? (a.k.a. What the Bleep Do We Know!?) (2004),2,2.75,2.5,0.25,3.4497655172413793
55274,Elizabeth: The Golden Age (2007),2,2.75,2.5,0.25,3.4497655172413793
63808,"Class, The (Entre les murs) (2008)",2,2.75,2.5,0.25,3.4497655172413793
92309,"Innkeepers, The (2011)",2,2.75,1.5,1.25,3.4497655172413793
109848,Under the Skin (2013),2,2.75,1.5,1.25,3.4497655172413793
5611,"Four Feathers, The (2002)",2,2.75,2.0,0.75,3.4497655172413793
7395,Cheaper by the Dozen (1950),2,2.75,1.5,1.25,3.4497655172413793
26198,"Yours, Mine and Ours (1968)",2,2.75,2.5,0.25,3.4497655172413793
39801,"Great Yokai War, The (Yôkai daisensô) (2005)",2,2.75,2.0,0.75,3.4497655172413793
85885,Room in Rome (Habitación en Roma) (2010),2,2.75,1.0,1.75,3.4497655172413793
121097,To Grandmother's House We Go (1992),2,2.75,1.0,1.75,3.4497655172413793
3938,"Slumber Party Massacre, The (1982)",2,2.75,2.0,0.75,3.4497655172413793
6851,"Gas, Food, Lodging (1992)",2,2.75,2.0,0.75,3.4497655172413793
6946,Looney Tunes: Back in Action (2003),2,2.75,1.5,1.25,3.4497655172413793
58404,Justice League: The New Frontier (2008) ,2,2.75,2.5,0.25,3.4497655172413793
86059,Hop (2011),2,2.75,1.5,1.25,3.4497655172413793
135518,Self/less (2015),2,2.75,2.0,0.75,3.4497655172413793
172215,Saved by the Bell: Hawaiian Style (1992),2,2.75,2.5,0.25,3.4497655172413793
3103,Stanley & Iris (1990),2,2.75,2.0,0.75,3.4497655172413793
5531,Undisputed (2002),2,2.75,2.5,0.25,3.4497655172413793
8782,Thunderbirds (2004),2,2.75,2.5,0.25,3.4497655172413793
26555,Spies Like Us (1985),2,2.75,2.0,0.75,3.4497655172413793
44020,Ultimate Avengers (2006),2,2.75,2.5,0.25,3.4497655172413793
68959,Fullmetal Alchemist the Movie: Conqueror of Shamballa (Gekijô-ban hagane no renkinjutsushi: Shanbara wo yuku mono) (2005),2,2.75,2.0,0.75,3.4497655172413793
95583,Savages (2012),2,2.75,2.5,0.25,3.4497655172413793
96815,V/H/S (2012),2,2.75,2.0,0.75,3.4497655172413793
2597,Lost & Found (1999),2,2.75,2.5,0.25,3.4497655172413793
3715,Burglar (1987),2,2.75,1.5,1.25,3.4497655172413793
5688,Tully (2000),2,2.75,2.0,0.75,3.4497655172413793
6616,Grind (2003),2,2.75,1.5,1.25,3.4497655172413793
7019,Project X (1987),2,2.75,2.0,0.75,3.4497655172413793
7030,Radio Flyer (1992),2,2.75,2.5,0.25,3.4497655172413793
90343,Footloose (2011),2,2.75,2.5,0.25,3.4497655172413793
2068,Fanny and Alexander (Fanny och Alexander) (1982),2,2.75,0.5,2.25,3.4497655172413793
4443,Outland (1981),2,2.75,2.5,0.25,3.4497655172413793
6239,Journey to the Center of the Earth (1959),2,2.75,2.5,0.25,3.4497655172413793
26765,City Hunter (Sing si lip yan) (1993),2,2.75,2.0,0.75,3.4497655172413793
48678,Feast (2005),2,2.75,2.5,0.25,3.4497655172413793
49013,"Santa Clause 3: The Escape Clause, The (2006)",2,2.75,2.0,0.75,3.4497655172413793
56012,"Evening with Kevin Smith 2: Evening Harder, An (2006)",2,2.75,2.0,0.75,3.4497655172413793
67534,Big Stan (2007),2,2.75,2.5,0.25,3.4497655172413793
69516,"Limits of Control, The (2009)",2,2.75,2.5,0.25,3.4497655172413793
87785,Takers (2010),2,2.75,2.0,0.75,3.4497655172413793
123947,Cake (2014),2,2.75,2.5,0.25,3.4497655172413793
142372,Our Brand Is Crisis (2015),2,2.75,2.0,0.75,3.4497655172413793
185585,Pacific Rim: Uprising (2018),2,2.75,2.5,0.25,3.4497655172413793
3446,Funny Bones (1995),2,2.75,1.5,1.25,3.4497655172413793
4224,Exit Wounds (2001),2,2.75,2.5,0.25,3.4497655172413793
5113,After the Fox (Caccia alla volpe) (1966),2,2.75,2.5,0.25,3.4497655172413793
5324,Life or Something Like It (2002),2,2.75,2.0,0.75,3.4497655172413793
6078,Firefox (1982),2,2.75,2.0,0.75,3.4497655172413793
7107,Foul Play (1978),2,2.75,2.0,0.75,3.4497655172413793
8946,Surviving Christmas (2004),2,2.75,2.5,0.25,3.4497655172413793
70687,Paper Heart (2009),2,2.75,1.0,1.75,3.4497655172413793
111443,Chef (2014),2,2.75,2.5,0.25,3.4497655172413793
1329,Blood for Dracula (Andy Warhol's Dracula) (1974),2,2.75,2.0,0.75,3.4497655172413793
4672,"Tall Guy, The (1989)",2,2.75,2.0,0.75,3.4497655172413793
4770,"Glass House, The (2001)",2,2.75,2.5,0.25,3.4497655172413793
5256,Stolen Summer (2002),2,2.75,2.5,0.25,3.4497655172413793
5710,Banana Joe (1981),2,2.75,2.5,0.25,3.4497655172413793
6124,Savannah Smiles (1982),2,2.75,2.0,0.75,3.4497655172413793
6798,Bugsy Malone (1976),2,2.75,2.5,0.25,3.4497655172413793
6992,Guarding Tess (1994),2,2.75,2.0,0.75,3.4497655172413793
7321,Twisted (2004),2,2.75,2.0,0.75,3.4497655172413793
26052,Pickpocket (1959),2,2.75,1.5,1.25,3.4497655172413793
26409,"Clonus Horror, The (1979)",2,2.75,1.0,1.75,3.4497655172413793
26812,Barbarians at the Gate (1993),2,2.75,2.5,0.25,3.4497655172413793
27251,"10th Kingdom, The (2000)",2,2.75,1.0,1.75,3.4497655172413793
27618,"Sound of Thunder, A (2005)",2,2.75,2.0,0.75,3.4497655172413793
32892,Ivan's Childhood (a.k.a. My Name is Ivan) (Ivanovo detstvo) (1962),2,2.75,0.5,2.25,3.4497655172413793
41617,Havoc (2005),2,2.75,2.5,0.25,3.4497655172413793
43556,Annapolis (2006),2,2.75,2.5,0.25,3.4497655172413793
45062,"Sentinel, The (2006)",2,2.75,2.0,0.75,3.4497655172413793
58806,Smart People (2008),2,2.75,2.5,0.25,3.4497655172413793
59429,American Pie Presents Beta House (American Pie 6: Beta House) (2007),2,2.75,2.5,0.25,3.4497655172413793
102378,Syrup (2013),2,2.75,1.5,1.25,3.4497655172413793
107565,"Fuck You, Goethe (Fack Ju Göhte) (2013)",2,2.75,1.5,1.25,3.4497655172413793
114601,This Is Where I Leave You (2014),2,2.75,2.0,0.75,3.4497655172413793
129397,Marvel One-Shot: Item 47 (2012),2,2.75,2.0,0.75,3.4497655172413793
160565,The Purge: Election Year (2016),2,2.75,1.0,1.75,3.4497655172413793
1965,Repo Man (1984),21,3.380952380952381,4.0,0.9624468062575113,3.4488166666666666
5693,Saturday Night Fever (1977),11,3.3181818181818183,3.5,0.7158188976374373,3.448505263157895
991,Michael Collins (1996),11,3.3181818181818183,3.5,0.7468943965979538,3.448505263157895
5265,Death to Smoochy (2002),11,3.3181818181818183,3.0,0.8054565975758796,3.448505263157895
76293,Date Night (2010),11,3.3181818181818183,3.5,0.48956043701222757,3.448505263157895
86190,Hanna (2011),11,3.3181818181818183,3.5,1.02851895445316,3.448505263157895
2926,Hairspray (1988),11,3.3181818181818183,3.0,0.8600403603829319,3.448505263157895
1735,Great Expectations (1998),11,3.3181818181818183,3.5,0.9359663764533637,3.448505263157895
7324,Hidalgo (2004),11,3.3181818181818183,3.0,0.38569460791993493,3.448505263157895
33493,Star Wars: Episode III - Revenge of the Sith (2005),78,3.4294871794871793,3.5,1.073349534958025,3.4480304761904756
790,"Unforgettable Summer, An (Un été inoubliable) (1994)",1,2.0,2.0,0.0,3.4479714285714285
1985,Halloween 4: The Return of Michael Myers (1988),1,2.0,2.0,0.0,3.4479714285714285
2655,Howling II: Your Sister Is a Werewolf (1985),1,2.0,2.0,0.0,3.4479714285714285
2884,Dog Park (1998),1,2.0,2.0,0.0,3.4479714285714285
3389,Let's Get Harry (1986),1,2.0,2.0,0.0,3.4479714285714285
3664,Puppet Master 5: The Final Chapter (1994),1,2.0,2.0,0.0,3.4479714285714285
4123,Ishtar (1987),1,2.0,2.0,0.0,3.4479714285714285
6271,Day for Night (La Nuit Américaine) (1973),1,2.0,2.0,0.0,3.4479714285714285
6860,Mobsters (1991),1,2.0,2.0,0.0,3.4479714285714285
7191,Blame It on the Bellboy (1992),1,2.0,2.0,0.0,3.4479714285714285
26142,Major Dundee (1965),1,2.0,2.0,0.0,3.4479714285714285
27420,Teknolust (2002),1,2.0,2.0,0.0,3.4479714285714285
43558,Big Momma's House 2 (2006),1,2.0,2.0,0.0,3.4479714285714285
47516,Material Girls (2006),1,2.0,2.0,0.0,3.4479714285714285
68650,Powder Blue (2009),1,2.0,2.0,0.0,3.4479714285714285
70703,Christopher Columbus: The Discovery (1992),1,2.0,2.0,0.0,3.4479714285714285
83270,Made in Dagenham (2010),1,2.0,2.0,0.0,3.4479714285714285
86960,Across the Hall (2009),1,2.0,2.0,0.0,3.4479714285714285
97858,Mental (2012),1,2.0,2.0,0.0,3.4479714285714285
102088,"Grandmaster, The (Yi dai zong shi) (2013)",1,2.0,2.0,0.0,3.4479714285714285
103366,Redemption (Hummingbird) (2013),1,2.0,2.0,0.0,3.4479714285714285
118290,Omega Doom (1996),1,2.0,2.0,0.0,3.4479714285714285
131480,Poker Night (2014),1,2.0,2.0,0.0,3.4479714285714285
133782,Maggie (2015),1,2.0,2.0,0.0,3.4479714285714285
148675,North Pole: Open For Christmas (2015),1,2.0,2.0,0.0,3.4479714285714285
150254,The Devil's Candy (2015),1,2.0,2.0,0.0,3.4479714285714285
159690,Teenage Mutant Ninja Turtles: Out of the Shadows (2016),1,2.0,2.0,0.0,3.4479714285714285
164753,Anything for Love (2016),1,2.0,2.0,0.0,3.4479714285714285
165347,Jack Reacher: Never Go Back (2016),1,2.0,2.0,0.0,3.4479714285714285
129,Pie in the Sky (1996),1,2.0,2.0,0.0,3.4479714285714285
1318,Blue Juice (1995),1,2.0,2.0,0.0,3.4479714285714285
1331,Audrey Rose (1977),1,2.0,2.0,0.0,3.4479714285714285
1456,"Pest, The (1997)",1,2.0,2.0,0.0,3.4479714285714285
2032,"Barefoot Executive, The (1971)",1,2.0,2.0,0.0,3.4479714285714285
2659,It Came from Hollywood (1982),1,2.0,2.0,0.0,3.4479714285714285
3847,"Ilsa, She Wolf of the SS (1974)",1,2.0,2.0,0.0,3.4479714285714285
4181,Tapeheads (1988),1,2.0,2.0,0.0,3.4479714285714285
4240,Just Visiting (2001),1,2.0,2.0,0.0,3.4479714285714285
4490,"Couch Trip, The (1988)",1,2.0,2.0,0.0,3.4479714285714285
4926,Everybody's Famous! (Iedereen beroemd!) (2000),1,2.0,2.0,0.0,3.4479714285714285
5704,Without Warning (a.k.a. Alien Warning) (a.k.a. It Came Without Warning) (1980),1,2.0,2.0,0.0,3.4479714285714285
6145,Venom (1982),1,2.0,2.0,0.0,3.4479714285714285
6493,Alex and Emma (2003),1,2.0,2.0,0.0,3.4479714285714285
6746,Squirm (1976),1,2.0,2.0,0.0,3.4479714285714285
6788,Angie (1994),1,2.0,2.0,0.0,3.4479714285714285
7988,Space Truckers (1996),1,2.0,2.0,0.0,3.4479714285714285
8727,"Day of the Locust, The (1975)",1,2.0,2.0,0.0,3.4479714285714285
31083,Man Trouble (1992),1,2.0,2.0,0.0,3.4479714285714285
53808,Bring It On: All or Nothing (2006),1,2.0,2.0,0.0,3.4479714285714285
54908,Taxi 4 (2007),1,2.0,2.0,0.0,3.4479714285714285
57910,Teeth (2007),1,2.0,2.0,0.0,3.4479714285714285
61246,Hamlet 2 (2008),1,2.0,2.0,0.0,3.4479714285714285
61628,Sunflower (Xiang ri kui) (2005),1,2.0,2.0,0.0,3.4479714285714285
73488,Blood: The Last Vampire (2009),1,2.0,2.0,0.0,3.4479714285714285
77841,St Trinian's 2: The Legend of Fritton's Gold (2009),1,2.0,2.0,0.0,3.4479714285714285
101074,"Legend of Sleepy Hollow, The (1949)",1,2.0,2.0,0.0,3.4479714285714285
132488,Lovesick (2014),1,2.0,2.0,0.0,3.4479714285714285
133281,Ricki and the Flash (2015),1,2.0,2.0,0.0,3.4479714285714285
142424,Into the Forest (2015),1,2.0,2.0,0.0,3.4479714285714285
151559,Frankenstein (2015),1,2.0,2.0,0.0,3.4479714285714285
170297,Ultimate Avengers 2 (2006),1,2.0,2.0,0.0,3.4479714285714285
1891,"Ugly, The (1997)",1,2.0,2.0,0.0,3.4479714285714285
2725,Twin Falls Idaho (1999),1,2.0,2.0,0.0,3.4479714285714285
4260,"Visit, The (2000)",1,2.0,2.0,0.0,3.4479714285714285
4511,High Spirits (1988),1,2.0,2.0,0.0,3.4479714285714285
5338,Full Moon in Blue Water (1988),1,2.0,2.0,0.0,3.4479714285714285
5638,Godzilla vs. Mothra (Mosura tai Gojira) (1964),1,2.0,2.0,0.0,3.4479714285714285
6251,Piglet's Big Movie (2003),1,2.0,2.0,0.0,3.4479714285714285
7707,"He Said, She Said (1991)",1,2.0,2.0,0.0,3.4479714285714285
8425,Meet the Applegates (1991),1,2.0,2.0,0.0,3.4479714285714285
26124,Robinson Crusoe on Mars (1964),1,2.0,2.0,0.0,3.4479714285714285
26567,Club Paradise (1986),1,2.0,2.0,0.0,3.4479714285714285
26593,Hell Comes to Frogtown (1988),1,2.0,2.0,0.0,3.4479714285714285
30818,Beyond the Sea (2004),1,2.0,2.0,0.0,3.4479714285714285
49110,Mom and Dad Save the World (1992),1,2.0,2.0,0.0,3.4479714285714285
52715,Kickin It Old Skool (2007),1,2.0,2.0,0.0,3.4479714285714285
59947,"Protector, The (1985)",1,2.0,2.0,0.0,3.4479714285714285
61123,High School Musical 2 (2007),1,2.0,2.0,0.0,3.4479714285714285
92730,Rollo and the Woods Sprite (Rölli ja metsänhenki) (2001),1,2.0,2.0,0.0,3.4479714285714285
93208,Mickey's The Prince and the Pauper (1990),1,2.0,2.0,0.0,3.4479714285714285
95193,Pocahontas II: Journey to a New World (1998) ,1,2.0,2.0,0.0,3.4479714285714285
99415,Parental Guidance (2012),1,2.0,2.0,0.0,3.4479714285714285
102278,Pawn (2013),1,2.0,2.0,0.0,3.4479714285714285
107962,Freezer (2014),1,2.0,2.0,0.0,3.4479714285714285
113604,If I Stay (2014),1,2.0,2.0,0.0,3.4479714285714285
115065,Justin and the Knights of Valour (2013),1,2.0,2.0,0.0,3.4479714285714285
133365,Partisan (2015),1,2.0,2.0,0.0,3.4479714285714285
146688,Solace (2015),1,2.0,2.0,0.0,3.4479714285714285
154065,Dad's Army (2016),1,2.0,2.0,0.0,3.4479714285714285
165529,Flowers for Algernon (2000),1,2.0,2.0,0.0,3.4479714285714285
172321,Late Night with Conan O'Brien: The Best of Triumph the Insult Comic Dog (2004),1,2.0,2.0,0.0,3.4479714285714285
173751,Tiger Raid (2016),1,2.0,2.0,0.0,3.4479714285714285
176389,The Nut Job 2: Nutty by Nature (2017),1,2.0,2.0,0.0,3.4479714285714285
182727,A Christmas Story Live! (2017),1,2.0,2.0,0.0,3.4479714285714285
185033,I Kill Giants (2018),1,2.0,2.0,0.0,3.4479714285714285
409,Above the Rim (1994),1,2.0,2.0,0.0,3.4479714285714285
1679,Chairman of the Board (1998),1,2.0,2.0,0.0,3.4479714285714285
1980,Friday the 13th Part VII: The New Blood (1988),1,2.0,2.0,0.0,3.4479714285714285
2286,"Fiendish Plot of Dr. Fu Manchu, The (1980)",1,2.0,2.0,0.0,3.4479714285714285
3331,My Tutor (1983),1,2.0,2.0,0.0,3.4479714285714285
4242,Beautiful Creatures (2000),1,2.0,2.0,0.0,3.4479714285714285
4449,Adanggaman (2000),1,2.0,2.0,0.0,3.4479714285714285
4885,Domestic Disturbance (2001),1,2.0,2.0,0.0,3.4479714285714285
4952,Morons From Outer Space (1985),1,2.0,2.0,0.0,3.4479714285714285
4988,White Water Summer (1987),1,2.0,2.0,0.0,3.4479714285714285
5689,Billy Bathgate (1991),1,2.0,2.0,0.0,3.4479714285714285
5779,Piranha II: The Spawning (1981),1,2.0,2.0,0.0,3.4479714285714285
5797,"Company of Wolves, The (1984)",1,2.0,2.0,0.0,3.4479714285714285
6342,"Trip, The (2002)",1,2.0,2.0,0.0,3.4479714285714285
26590,G.I. Joe: The Movie (1987),1,2.0,2.0,0.0,3.4479714285714285
26782,"Mambo Kings, The (1992)",1,2.0,2.0,0.0,3.4479714285714285
31150,Wizards (1977),1,2.0,2.0,0.0,3.4479714285714285
31367,"Chase, The (1994)",1,2.0,2.0,0.0,3.4479714285714285
45658,On a Clear Day (2005),1,2.0,2.0,0.0,3.4479714285714285
50147,Black Christmas (2006),1,2.0,2.0,0.0,3.4479714285714285
56022,Harrison Bergeron (1995),1,2.0,2.0,0.0,3.4479714285714285
74580,"Spy Next Door, The (2010)",1,2.0,2.0,0.0,3.4479714285714285
103210,Fullmetal Alchemist: The Sacred Star of Milos (2011),1,2.0,2.0,0.0,3.4479714285714285
103865,Revenge for Jolly! (2012),1,2.0,2.0,0.0,3.4479714285714285
104837,Rage of Honor (1987),1,2.0,2.0,0.0,3.4479714285714285
112450,They Came Together (2014),1,2.0,2.0,0.0,3.4479714285714285
114925,"Captive, The (2014)",1,2.0,2.0,0.0,3.4479714285714285
119068,"Men, Women & Children (2014)",1,2.0,2.0,0.0,3.4479714285714285
121035,Houdini (2014),1,2.0,2.0,0.0,3.4479714285714285
122932,Elsa & Fred (2014),1,2.0,2.0,0.0,3.4479714285714285
127194,The D Train (2015),1,2.0,2.0,0.0,3.4479714285714285
134808,No Way Jose (2015),1,2.0,2.0,0.0,3.4479714285714285
140237,The Runner (2015),1,2.0,2.0,0.0,3.4479714285714285
144262,Slow Learners (2015),1,2.0,2.0,0.0,3.4479714285714285
146730,Lost in the Sun (2015),1,2.0,2.0,0.0,3.4479714285714285
149612,Swelter (2014),1,2.0,2.0,0.0,3.4479714285714285
157130,Despite the Falling Snow (2016),1,2.0,2.0,0.0,3.4479714285714285
169904,Guyver: Dark Hero (1994),1,2.0,2.0,0.0,3.4479714285714285
176621,Boniface's Holiday (1965),1,2.0,2.0,0.0,3.4479714285714285
176935,Geostorm (2017),1,2.0,2.0,0.0,3.4479714285714285
184053,Battle Planet (2008),1,2.0,2.0,0.0,3.4479714285714285
1867,Tarzan and the Lost City (1998),1,2.0,2.0,0.0,3.4479714285714285
2695,"Boys, The (1998)",1,2.0,2.0,0.0,3.4479714285714285
2898,"Dark Half, The (1993)",1,2.0,2.0,0.0,3.4479714285714285
2965,"Omega Code, The (1999)",1,2.0,2.0,0.0,3.4479714285714285
3014,Bustin' Loose (1981),1,2.0,2.0,0.0,3.4479714285714285
3021,"Funhouse, The (1981)",1,2.0,2.0,0.0,3.4479714285714285
3390,Shanghai Surprise (1986),1,2.0,2.0,0.0,3.4479714285714285
3619,"Hollywood Knights, The (1980)",1,2.0,2.0,0.0,3.4479714285714285
3838,Phantasm III: Lord of the Dead (1994),1,2.0,2.0,0.0,3.4479714285714285
4156,Company Man (2000),1,2.0,2.0,0.0,3.4479714285714285
4251,Chopper (2000),1,2.0,2.0,0.0,3.4479714285714285
4290,For the Boys (1991),1,2.0,2.0,0.0,3.4479714285714285
4573,Blaze (1989),1,2.0,2.0,0.0,3.4479714285714285
4810,I Never Promised You a Rose Garden (1977),1,2.0,2.0,0.0,3.4479714285714285
4860,Making the Grade (1984),1,2.0,2.0,0.0,3.4479714285714285
6267,Assassination Tango (2002),1,2.0,2.0,0.0,3.4479714285714285
6316,"Wiz, The (1978)",1,2.0,2.0,0.0,3.4479714285714285
7065,"Birth of a Nation, The (1915)",1,2.0,2.0,0.0,3.4479714285714285
7125,Spring Forward (1999),1,2.0,2.0,0.0,3.4479714285714285
27155,"Batman/Superman Movie, The (1998)",1,2.0,2.0,0.0,3.4479714285714285
27683,Tremors 4: The Legend Begins (2004),1,2.0,2.0,0.0,3.4479714285714285
32058,Class Action (1991),1,2.0,2.0,0.0,3.4479714285714285
32440,If Looks Could Kill (1991),1,2.0,2.0,0.0,3.4479714285714285
44241,Leprechaun 3 (1995),1,2.0,2.0,0.0,3.4479714285714285
46231,Stoned (2005),1,2.0,2.0,0.0,3.4479714285714285
50440,Primeval (2007),1,2.0,2.0,0.0,3.4479714285714285
51666,"Abandoned, The (2006)",1,2.0,2.0,0.0,3.4479714285714285
61011,"Walker, The (2007)",1,2.0,2.0,0.0,3.4479714285714285
65651,Fire and Ice (2008),1,2.0,2.0,0.0,3.4479714285714285
68552,Crossing Over (2009),1,2.0,2.0,0.0,3.4479714285714285
75816,Women in Trouble (2009),1,2.0,2.0,0.0,3.4479714285714285
85025,"Eagle, The (2011)",1,2.0,2.0,0.0,3.4479714285714285
96007,Dragon Ball GT: A Hero's Legacy (Doragon bôru GT: Gokû gaiden! Yûki no akashi wa sû-shin-chû) (1997),1,2.0,2.0,0.0,3.4479714285714285
96150,"Queen of Versailles, The (2012)",1,2.0,2.0,0.0,3.4479714285714285
108601,Drift (2013),1,2.0,2.0,0.0,3.4479714285714285
123310,Tornado! (1996),1,2.0,2.0,0.0,3.4479714285714285
134783,Entourage (2015),1,2.0,2.0,0.0,3.4479714285714285
136778,The Squeeze (2015),1,2.0,2.0,0.0,3.4479714285714285
136912,God Loves Caviar (2012),1,2.0,2.0,0.0,3.4479714285714285
140016,Always Watching: A Marble Hornets Story (2015),1,2.0,2.0,0.0,3.4479714285714285
160730,The Adderall Diaries (2015),1,2.0,2.0,0.0,3.4479714285714285
165139,Wild Oats (2016),1,2.0,2.0,0.0,3.4479714285714285
173873,Gulliver's Travels (1996),1,2.0,2.0,0.0,3.4479714285714285
178111,"Fireworks, Should We See It from the Side or the Bottom? (2017)",1,2.0,2.0,0.0,3.4479714285714285
180263,The Shining (1997),1,2.0,2.0,0.0,3.4479714285714285
149,Amateur (1994),1,2.0,2.0,0.0,3.4479714285714285
2190,Why Do Fools Fall In Love? (1998),1,2.0,2.0,0.0,3.4479714285714285
2698,Zone 39 (1997),1,2.0,2.0,0.0,3.4479714285714285
4610,"January Man, The (1989)",1,2.0,2.0,0.0,3.4479714285714285
5209,Ffolkes (1979),1,2.0,2.0,0.0,3.4479714285714285
6407,"Walk, Don't Run (1966)",1,2.0,2.0,0.0,3.4479714285714285
6560,Loose Cannons (1990),1,2.0,2.0,0.0,3.4479714285714285
32589,Beauty Shop (2005),1,2.0,2.0,0.0,3.4479714285714285
40597,One-Way Ticket to Mombasa (Menolippu Mombasaan) (2002),1,2.0,2.0,0.0,3.4479714285714285
48319,Flyboys (2006),1,2.0,2.0,0.0,3.4479714285714285
68600,Balls Out: Gary the Tennis Coach (2009),1,2.0,2.0,0.0,3.4479714285714285
70932,My Life in Ruins (2009),1,2.0,2.0,0.0,3.4479714285714285
72694,Shrink (2009),1,2.0,2.0,0.0,3.4479714285714285
75947,Mondo Cane (1962),1,2.0,2.0,0.0,3.4479714285714285
90384,Behind Enemy Lines II: Axis of Evil (2006),1,2.0,2.0,0.0,3.4479714285714285
92192,Apollo 18 (2011),1,2.0,2.0,0.0,3.4479714285714285
94122,Comic-Con Episode IV: A Fan's Hope (2011),1,2.0,2.0,0.0,3.4479714285714285
96114,Brake (2012),1,2.0,2.0,0.0,3.4479714285714285
109416,Bring It On: Fight to the Finish (2009),1,2.0,2.0,0.0,3.4479714285714285
116941,Jetsons: The Movie (1990),1,2.0,2.0,0.0,3.4479714285714285
118814,Playing It Cool (2014),1,2.0,2.0,0.0,3.4479714285714285
119964,A Merry Friggin' Christmas (2014),1,2.0,2.0,0.0,3.4479714285714285
124859,The Gambler (2014),1,2.0,2.0,0.0,3.4479714285714285
140850,Every Secret Thing (2014),1,2.0,2.0,0.0,3.4479714285714285
143410,Hyena Road,1,2.0,2.0,0.0,3.4479714285714285
155358,Camino (2016),1,2.0,2.0,0.0,3.4479714285714285
155743,My Big Fat Greek Wedding 2 (2016),1,2.0,2.0,0.0,3.4479714285714285
155892,Me Him Her (2015),1,2.0,2.0,0.0,3.4479714285714285
159510,Death Smiles on a Murderer (1973),1,2.0,2.0,0.0,3.4479714285714285
1677,Critical Care (1997),1,2.0,2.0,0.0,3.4479714285714285
1746,Senseless (1998),1,2.0,2.0,0.0,3.4479714285714285
1757,Fallen Angels (Duo luo tian shi) (1995),1,2.0,2.0,0.0,3.4479714285714285
1826,Barney's Great Adventure (1998),1,2.0,2.0,0.0,3.4479714285714285
2876,Thumbelina (1994),1,2.0,2.0,0.0,3.4479714285714285
2885,Guinevere (1999),1,2.0,2.0,0.0,3.4479714285714285
3625,Better Living Through Circuitry (1999),1,2.0,2.0,0.0,3.4479714285714285
4818,Extreme Days (2001),1,2.0,2.0,0.0,3.4479714285714285
5629,Jonah: A VeggieTales Movie (2002),1,2.0,2.0,0.0,3.4479714285714285
5706,...All the Marbles (1981),1,2.0,2.0,0.0,3.4479714285714285
5836,Houseboat (1958),1,2.0,2.0,0.0,3.4479714285714285
6057,Biker Boyz (2003),1,2.0,2.0,0.0,3.4479714285714285
6804,Crimewave (1985),1,2.0,2.0,0.0,3.4479714285714285
8720,"Super, The (1991)",1,2.0,2.0,0.0,3.4479714285714285
31223,Racing Stripes (2005),1,2.0,2.0,0.0,3.4479714285714285
37844,Roll Bounce (2005),1,2.0,2.0,0.0,3.4479714285714285
66915,Rock-A-Doodle (1991),1,2.0,2.0,0.0,3.4479714285714285
72165,Cirque du Freak: The Vampire's Assistant (2009),1,2.0,2.0,0.0,3.4479714285714285
81681,I Shot Jesse James (1949),1,2.0,2.0,0.0,3.4479714285714285
86028,Henry's Crime (2010),1,2.0,2.0,0.0,3.4479714285714285
86286,Daffy Duck's Quackbusters (1988),1,2.0,2.0,0.0,3.4479714285714285
95717,Treasure Island (2012),1,2.0,2.0,0.0,3.4479714285714285
96520,Prime Suspect: The Lost Child (1995),1,2.0,2.0,0.0,3.4479714285714285
101531,Phil Spector (2013),1,2.0,2.0,0.0,3.4479714285714285
102165,"English Teacher, The (2013)",1,2.0,2.0,0.0,3.4479714285714285
109295,Cold Comes the Night (2013),1,2.0,2.0,0.0,3.4479714285714285
115151,Plastic (2014),1,2.0,2.0,0.0,3.4479714285714285
128197,Hard Promises (1991),1,2.0,2.0,0.0,3.4479714285714285
137345,That Demon Within (2014),1,2.0,2.0,0.0,3.4479714285714285
149902,Garm Wars: The Last Druid (2014),1,2.0,2.0,0.0,3.4479714285714285
156675,Project X (1968),1,2.0,2.0,0.0,3.4479714285714285
298,Pushing Hands (Tui shou) (1992),1,2.0,2.0,0.0,3.4479714285714285
882,"Trigger Effect, The (1996)",1,2.0,2.0,0.0,3.4479714285714285
1054,Get on the Bus (1996),1,2.0,2.0,0.0,3.4479714285714285
2982,"Guardian, The (1990)",1,2.0,2.0,0.0,3.4479714285714285
3132,Daddy Long Legs (1919),1,2.0,2.0,0.0,3.4479714285714285
3281,"Brandon Teena Story, The (1998)",1,2.0,2.0,0.0,3.4479714285714285
4463,1969 (1988),1,2.0,2.0,0.0,3.4479714285714285
4613,K-9 (1989),1,2.0,2.0,0.0,3.4479714285714285
5442,V. I. Warshawski (1991),1,2.0,2.0,0.0,3.4479714285714285
5575,Alias Betty (Betty Fisher et autres histoires) (2001),1,2.0,2.0,0.0,3.4479714285714285
5581,Betsy's Wedding (1990),1,2.0,2.0,0.0,3.4479714285714285
5612,Trapped (2002),1,2.0,2.0,0.0,3.4479714285714285
6030,Girls! Girls! Girls! (1962),1,2.0,2.0,0.0,3.4479714285714285
6044,Blind Date (1984),1,2.0,2.0,0.0,3.4479714285714285
6628,Hot Dog... The Movie (1984),1,2.0,2.0,0.0,3.4479714285714285
7262,Catch That Kid (2004),1,2.0,2.0,0.0,3.4479714285714285
7704,"Delta Force, The (1986)",1,2.0,2.0,0.0,3.4479714285714285
7708,Bedazzled (1967),1,2.0,2.0,0.0,3.4479714285714285
7951,Nightbreed (1990),1,2.0,2.0,0.0,3.4479714285714285
8045,Hamburger Hill (1987),1,2.0,2.0,0.0,3.4479714285714285
8402,Book of Love (1990),1,2.0,2.0,0.0,3.4479714285714285
9004,D.A.R.Y.L. (1985),1,2.0,2.0,0.0,3.4479714285714285
27124,Bleeder (1999),1,2.0,2.0,0.0,3.4479714285714285
46367,"Public Eye, The (1992)",1,2.0,2.0,0.0,3.4479714285714285
53326,Them (Ils) (2006),1,2.0,2.0,0.0,3.4479714285714285
61073,Hell Ride (2008),1,2.0,2.0,0.0,3.4479714285714285
86355,Atlas Shrugged: Part 1 (2011),1,2.0,2.0,0.0,3.4479714285714285
93982,"Raven, The (2012)",1,2.0,2.0,0.0,3.4479714285714285
98836,Hyde Park on Hudson (2012),1,2.0,2.0,0.0,3.4479714285714285
107945,Bad Karma (2012),1,2.0,2.0,0.0,3.4479714285714285
130083,Kidnapping Mr. Heineken (2015),1,2.0,2.0,0.0,3.4479714285714285
134775,Dragon Blade (2015),1,2.0,2.0,0.0,3.4479714285714285
136958,Mortuary (1983),1,2.0,2.0,0.0,3.4479714285714285
139052,Dark Places (2015),1,2.0,2.0,0.0,3.4479714285714285
144522,Sky High (2003),1,2.0,2.0,0.0,3.4479714285714285
144716,Rock the Kasbah (2015),1,2.0,2.0,0.0,3.4479714285714285
151317,Maggie's Plan (2015),1,2.0,2.0,0.0,3.4479714285714285
164655,Gimme Danger (2016),1,2.0,2.0,0.0,3.4479714285714285
2368,King Kong Lives (1986),1,2.0,2.0,0.0,3.4479714285714285
3590,"Lords of Flatbush, The (1974)",1,2.0,2.0,0.0,3.4479714285714285
3663,Puppet Master 4 (1993),1,2.0,2.0,0.0,3.4479714285714285
3709,Sleepwalkers (1992),1,2.0,2.0,0.0,3.4479714285714285
3958,Billy Jack Goes to Washington (1977),1,2.0,2.0,0.0,3.4479714285714285
4089,Born in East L.A. (1987),1,2.0,2.0,0.0,3.4479714285714285
4115,Hiding Out (1987),1,2.0,2.0,0.0,3.4479714285714285
4584,Dream a Little Dream (1989),1,2.0,2.0,0.0,3.4479714285714285
4597,Gleaming the Cube (1989),1,2.0,2.0,0.0,3.4479714285714285
4962,Texas Rangers (2001),1,2.0,2.0,0.0,3.4479714285714285
5028,What Time Is It There? (Ni neibian jidian) (2001),1,2.0,2.0,0.0,3.4479714285714285
5197,Little Darlings (1980),1,2.0,2.0,0.0,3.4479714285714285
5321,"Triumph of Love, The (2001)",1,2.0,2.0,0.0,3.4479714285714285
5448,Hey Arnold! The Movie (2002),1,2.0,2.0,0.0,3.4479714285714285
5456,Wagons East (1994),1,2.0,2.0,0.0,3.4479714285714285
6295,Chasing Papi (a.k.a. Papi Chulo) (2003),1,2.0,2.0,0.0,3.4479714285714285
6528,Start the Revolution Without Me (1970),1,2.0,2.0,0.0,3.4479714285714285
6692,Stoked: The Rise and Fall of Gator (2002),1,2.0,2.0,0.0,3.4479714285714285
6998,House of Cards (1993),1,2.0,2.0,0.0,3.4479714285714285
43677,"Tuskegee Airmen, The (1995)",1,2.0,2.0,0.0,3.4479714285714285
43912,Freedomland (2006),1,2.0,2.0,0.0,3.4479714285714285
51082,Tyler Perry's Daddy's Little Girls (2007),1,2.0,2.0,0.0,3.4479714285714285
53143,Fay Grim (2006),1,2.0,2.0,0.0,3.4479714285714285
62586,"American Carol, An (2008)",1,2.0,2.0,0.0,3.4479714285714285
63312,Krabat (2008),1,2.0,2.0,0.0,3.4479714285714285
65601,My Bloody Valentine 3-D (2009),1,2.0,2.0,0.0,3.4479714285714285
67361,Echelon Conspiracy (2009),1,2.0,2.0,0.0,3.4479714285714285
70545,"Deal, The (2008)",1,2.0,2.0,0.0,3.4479714285714285
87028,"Roommate, The (2011)",1,2.0,2.0,0.0,3.4479714285714285
92198,Seeking Justice (2011),1,2.0,2.0,0.0,3.4479714285714285
100487,Beautiful Creatures (2013),1,2.0,2.0,0.0,3.4479714285714285
101529,"Brass Teapot, The (2012)",1,2.0,2.0,0.0,3.4479714285714285
109183,Date and Switch (2014),1,2.0,2.0,0.0,3.4479714285714285
112749,And So It Goes (2014),1,2.0,2.0,0.0,3.4479714285714285
116138,Leviathan (2014),1,2.0,2.0,0.0,3.4479714285714285
118326,By the Gun (2014),1,2.0,2.0,0.0,3.4479714285714285
127132,Zipper (2015),1,2.0,2.0,0.0,3.4479714285714285
129229,Northmen - A Viking Saga (2014),1,2.0,2.0,0.0,3.4479714285714285
136511,Jeff Dunham: All Over the Map (2014),1,2.0,2.0,0.0,3.4479714285714285
148709,Mojave (2015),1,2.0,2.0,0.0,3.4479714285714285
168456,Mercury Plains (2016),1,2.0,2.0,0.0,3.4479714285714285
170897,Sandy Wexler (2017),1,2.0,2.0,0.0,3.4479714285714285
102407,"Great Gatsby, The (2013)",20,3.375,3.0,0.8042853971072708,3.4477276595744684
587,Ghost (1990),115,3.4347826086956523,3.0,0.9313891894939721,3.447487323943662
2081,"Little Mermaid, The (1989)",67,3.425373134328358,3.5,1.0659370880573327,3.447268085106383
79057,Predators (2010),10,3.3,3.5,0.45825756949558394,3.4471135135135134
3616,Loser (2000),10,3.3,3.5,1.1224972160321824,3.4471135135135134
1777,"Wedding Singer, The (1998)",56,3.419642857142857,3.5,0.8060972209304762,3.4463036144578307
1093,"Doors, The (1991)",37,3.4054054054054053,3.5,0.9784007762107001,3.4459875
6765,Under the Tuscan Sun (2003),9,3.2777777777777777,3.0,0.8202679477907446,3.4456444444444445
3918,Hellbound: Hellraiser II (1988),9,3.2777777777777777,3.0,1.2272623352430287,3.4456444444444445
5959,Narc (2002),9,3.2777777777777777,3.5,0.5328701692569688,3.4456444444444445
8643,"Cinderella Story, A (2004)",9,3.2777777777777777,3.0,0.8534606386520677,3.4456444444444445
112171,"Equalizer, The (2014)",9,3.2777777777777777,3.5,0.7114582486036499,3.4456444444444445
5139,"Bad News Bears, The (1976)",9,3.2777777777777777,3.5,0.9162456945817022,3.4456444444444445
517,Rising Sun (1993),9,3.2777777777777777,3.0,0.9749960430435691,3.4456444444444445
57528,Rambo (Rambo 4) (2008),9,3.2777777777777777,3.5,0.6712803318663652,3.4456444444444445
2,Jumanji (1995),110,3.4318181818181817,3.5,0.8776965532969934,3.4455708029197076
180,Mallrats (1995),36,3.4027777777777777,3.5,0.9114963616405446,3.4451301587301586
616,"Aristocats, The (1970)",45,3.411111111111111,3.5,0.8646700648152764,3.445044444444444
6059,"Recruit, The (2003)",17,3.3529411764705883,3.5,0.8534481252086417,3.444163636363636
1171,Bob Roberts (1992),17,3.3529411764705883,3.0,0.680931582517072,3.444163636363636
67408,Monsters vs. Aliens (2009),8,3.25,3.0,0.7071067811865476,3.444091428571429
2344,Runaway Train (1985),8,3.25,3.0,0.6614378277661476,3.444091428571429
804,She's the One (1996),8,3.25,3.0,0.9682458365518543,3.444091428571429
48997,Perfume: The Story of a Murderer (2006),8,3.25,3.0,0.43301270189221935,3.444091428571429
130520,Home (2015),8,3.25,3.5,1.14564392373896,3.444091428571429
1645,The Devil's Advocate (1997),51,3.411764705882353,3.5,0.9787240711159486,3.442861538461538
3868,"Naked Gun: From the Files of Police Squad!, The (1988)",42,3.4047619047619047,3.5,0.9464098530643709,3.4426550724637677
2195,Dirty Work (1998),7,3.2142857142857144,3.0,0.9948848769417228,3.442447058823529
2316,Practical Magic (1998),7,3.2142857142857144,3.5,1.0973065354098013,3.442447058823529
85367,Just Go with It (2011),7,3.2142857142857144,3.5,1.5319721849662298,3.442447058823529
2469,Peggy Sue Got Married (1986),7,3.2142857142857144,3.0,1.0642617446965243,3.442447058823529
64622,"Reader, The (2008)",7,3.2142857142857144,3.5,0.8390957231764808,3.442447058823529
700,Angus (1995),7,3.2142857142857144,3.0,0.8390957231764807,3.442447058823529
1840,He Got Game (1998),7,3.2142857142857144,3.0,0.7491491772643939,3.442447058823529
41716,"Matador, The (2005)",7,3.2142857142857144,4.0,0.920292766194652,3.442447058823529
72,Kicking and Screaming (1995),7,3.2142857142857144,4.0,1.190952285752362,3.442447058823529
69278,Land of the Lost (2009),7,3.2142857142857144,3.5,1.0642617446965243,3.442447058823529
2879,Armour of God II: Operation Condor (Operation Condor) (Fei ying gai wak) (1991),7,3.2142857142857144,4.0,1.305404777321219,3.442447058823529
292,Outbreak (1995),101,3.4257425742574257,3.0,0.8993565868806711,3.44174375
1895,Can't Hardly Wait (1998),15,3.3333333333333335,4.0,0.9775252199076787,3.4415047619047616
2004,Gremlins 2: The New Batch (1990),15,3.3333333333333335,3.0,0.7226494462892932,3.4415047619047616
67734,Adventureland (2009),15,3.3333333333333335,3.5,0.8881941729649485,3.4415047619047616
3398,"Muppets Take Manhattan, The (1984)",15,3.3333333333333335,3.0,0.9944289260117533,3.4415047619047616
41569,King Kong (2005),40,3.4,3.5,0.7,3.4409432835820892
2676,Instinct (1999),6,3.1666666666666665,3.0,1.1055415967851332,3.4407030303030304
2956,Someone to Watch Over Me (1987),6,3.1666666666666665,3.0,0.6871842709362768,3.4407030303030304
4205,Mermaids (1990),6,3.1666666666666665,3.0,0.6236095644623235,3.4407030303030304
77866,Robin Hood (2010),6,3.1666666666666665,3.0,0.9428090415820634,3.4407030303030304
43560,Nanny McPhee (2005),6,3.1666666666666665,3.0,0.4714045207910317,3.4407030303030304
1190,Tie Me Up! Tie Me Down! (¡Átame!) (1990),6,3.1666666666666665,3.0,0.6871842709362768,3.4407030303030304
108156,Ride Along (2014),6,3.1666666666666665,3.0,0.6236095644623235,3.4407030303030304
4203,Harley Davidson and the Marlboro Man (1991),6,3.1666666666666665,3.0,0.8975274678557507,3.4407030303030304
160980,Sully (2016),6,3.1666666666666665,3.5,0.6871842709362768,3.4407030303030304
2504,200 Cigarettes (1999),6,3.1666666666666665,3.0,0.6871842709362768,3.4407030303030304
69306,"Taking of Pelham 1 2 3, The (2009)",6,3.1666666666666665,3.0,0.4714045207910317,3.4407030303030304
49651,Rocky Balboa (2006),14,3.3214285714285716,3.0,0.8784552768749174,3.440078048780488
164,Devil in a Blue Dress (1995),14,3.3214285714285716,3.0,0.746590891441674,3.440078048780488
2463,Ruthless People (1986),14,3.3214285714285716,3.0,0.9182114380130315,3.440078048780488
6595,S.W.A.T. (2003),14,3.3214285714285716,3.5,0.6971150462836835,3.440078048780488
6755,Bubba Ho-tep (2002),14,3.3214285714285716,3.5,0.7222767291484529,3.440078048780488
4085,Beverly Hills Cop (1984),46,3.402173913043478,3.5,0.7490542240878284,3.438947945205479
1399,Marvin's Room (1996),5,3.1,3.0,0.66332495807108,3.43885
2017,Babes in Toyland (1961),5,3.1,4.0,1.3564659966250536,3.43885
49824,Dreamgirls (2006),5,3.1,3.0,0.58309518948453,3.43885
4971,Moscow on the Hudson (1984),5,3.1,3.0,0.4898979485566356,3.43885
32291,Melinda and Melinda (2004),5,3.1,3.0,0.58309518948453,3.43885
8796,"Funny Thing Happened on the Way to the Forum, A (1966)",5,3.1,2.5,1.0677078252031311,3.43885
85056,I Am Number Four (2011),5,3.1,3.0,0.37416573867739417,3.43885
2266,"Butcher's Wife, The (1991)",5,3.1,3.0,0.6633249580710799,3.43885
93272,Dr. Seuss' The Lorax (2012),5,3.1,3.0,1.1575836902790226,3.43885
1034,Freeway (1996),5,3.1,2.5,1.4628738838327793,3.43885
4867,Riding in Cars with Boys (2001),5,3.1,3.0,0.58309518948453,3.43885
5107,Hart's War (2002),5,3.1,3.0,0.8,3.43885
113453,Let's Be Cops (2014),5,3.1,3.0,0.5830951894845301,3.43885
4526,My Stepmother Is an Alien (1988),5,3.1,3.0,1.2806248474865698,3.43885
4821,Joy Ride (2001),5,3.1,3.5,1.5297058540778354,3.43885
71518,Whip It (2009),5,3.1,3.5,1.1135528725660044,3.43885
143355,Wonder Woman (2017),13,3.3076923076923075,3.5,0.9910845174403942,3.43858
59022,Harold & Kumar Escape from Guantanamo Bay (2008),13,3.3076923076923075,3.5,0.6366517445094942,3.43858
592,Batman (1989),189,3.4285714285714284,3.0,0.7724958323742112,3.4377
1688,Anastasia (1997),20,3.35,3.0,0.6726812023536856,3.437089361702128
4005,"Living Daylights, The (1987)",12,3.2916666666666665,3.0,0.6909634979907083,3.437005128205128
5267,"Rookie, The (2002)",12,3.2916666666666665,3.0,0.8025566785107593,3.437005128205128
663,Kids in the Hall: Brain Candy (1996),12,3.2916666666666665,3.0,1.0299339245256898,3.437005128205128
7162,Cold Mountain (2003),12,3.2916666666666665,3.5,0.9455671431591848,3.437005128205128
111113,Neighbors (2014),12,3.2916666666666665,3.5,0.7204840194079409,3.437005128205128
101612,Admission (2013),4,3.0,3.0,0.7071067811865476,3.436877419354839
3500,Mr. Saturday Night (1992),4,3.0,3.0,0.7071067811865476,3.436877419354839
136016,The Good Dinosaur (2015),4,3.0,3.0,1.2747548783981961,3.436877419354839
3017,Creepshow 2 (1987),4,3.0,3.0,0.7071067811865476,3.436877419354839
70159,Orphan (2009),4,3.0,2.5,0.7905694150420949,3.436877419354839
210,Wild Bill (1995),4,3.0,3.0,0.7071067811865476,3.436877419354839
4773,Haiku Tunnel (2001),4,3.0,3.0,0.7071067811865476,3.436877419354839
6332,"Lizzie McGuire Movie, The (2003)",4,3.0,2.5,0.9354143466934853,3.436877419354839
89118,"Skin I Live In, The (La piel que habito) (2011)",4,3.0,2.0,1.8371173070873836,3.436877419354839
606,Candyman: Farewell to the Flesh (1995),4,3.0,3.0,0.7071067811865476,3.436877419354839
8951,Vera Drake (2004),4,3.0,3.0,1.224744871391589,3.436877419354839
34532,"Skeleton Key, The (2005)",4,3.0,3.0,0.35355339059327373,3.436877419354839
147378,Doctor Who: Planet of the Dead (2009),4,3.0,3.0,1.2747548783981961,3.436877419354839
879,"Relic, The (1997)",4,3.0,2.0,1.5811388300841898,3.436877419354839
4802,Operation Petticoat (1959),4,3.0,3.0,1.224744871391589,3.436877419354839
48412,"Guardian, The (2006)",4,3.0,3.0,0.3535533905932738,3.436877419354839
3430,Death Wish (1974),4,3.0,3.0,0.7071067811865476,3.436877419354839
43917,Eight Below (2006),4,3.0,3.0,0.6123724356957945,3.436877419354839
650,Moll Flanders (1996),4,3.0,3.0,1.4142135623730951,3.436877419354839
7000,Hudson Hawk (1991),4,3.0,2.0,1.224744871391589,3.436877419354839
39427,Stay (2005),4,3.0,3.5,1.4577379737113252,3.436877419354839
51037,Unknown (2006),4,3.0,3.0,0.6123724356957945,3.436877419354839
512,"Puppet Masters, The (1994)",4,3.0,3.0,0.7071067811865476,3.436877419354839
639,Girl 6 (1996),4,3.0,3.0,0.7071067811865476,3.436877419354839
1503,8 Heads in a Duffel Bag (1997),4,3.0,3.5,1.4577379737113252,3.436877419354839
2978,Three to Tango (1999),4,3.0,3.0,0.7071067811865476,3.436877419354839
3732,"Fury, The (1978)",4,3.0,3.0,1.224744871391589,3.436877419354839
94015,Mirror Mirror (2012),4,3.0,3.0,1.541103500742244,3.436877419354839
187541,Incredibles 2 (2018),4,3.0,3.0,1.224744871391589,3.436877419354839
3948,Meet the Parents (2000),91,3.4175824175824174,3.5,0.9266023729157272,3.436806779661017
1029,Dumbo (1941),35,3.3857142857142857,3.5,0.8790068607380093,3.4361806451612904
2109,"Jerk, The (1979)",27,3.3703703703703702,3.0,0.8118633413623324,3.435985185185185
2431,Patch Adams (1998),27,3.3703703703703702,4.0,1.1433591881802319,3.435985185185185
3893,Nurse Betty (2000),19,3.3421052631578947,3.0,0.6293821443737577,3.435721739130435
4366,Atlantis: The Lost Empire (2001),19,3.3421052631578947,3.0,0.874381459254534,3.435721739130435
8623,Roxanne (1987),11,3.272727272727273,3.5,0.5378254348272379,3.435347368421053
6957,Bad Santa (2003),26,3.3653846153846154,3.5,1.156567304134992,3.4347773584905656
5563,City by the Sea (2002),3,2.8333333333333335,3.0,0.6236095644623235,3.4347733333333332
34530,Deuce Bigalow: European Gigolo (2005),3,2.8333333333333335,2.0,1.1785113019775793,3.4347733333333332
95067,"Thousand Words, A (2012)",3,2.8333333333333335,3.0,0.23570226039551584,3.4347733333333332
3127,Holy Smoke (1999),3,2.8333333333333335,3.0,0.6236095644623235,3.4347733333333332
5337,Delirious (1991),3,2.8333333333333335,3.0,0.23570226039551584,3.4347733333333332
6148,White Dog (1982),3,2.8333333333333335,3.0,0.6236095644623235,3.4347733333333332
58332,Diary of the Dead (2007),3,2.8333333333333335,3.0,0.6236095644623235,3.4347733333333332
101283,"Incredible Burt Wonderstone, The (2013)",3,2.8333333333333335,3.0,0.23570226039551584,3.4347733333333332
4480,"Blob, The (1988)",3,2.8333333333333335,3.0,0.6236095644623235,3.4347733333333332
5021,Murder by Death (1976),3,2.8333333333333335,3.0,0.23570226039551584,3.4347733333333332
6885,In the Cut (2003),3,2.8333333333333335,3.0,0.6236095644623235,3.4347733333333332
32300,D.E.B.S. (2004),3,2.8333333333333335,3.0,0.6236095644623235,3.4347733333333332
92008,Haywire (2011),3,2.8333333333333335,3.0,0.23570226039551584,3.4347733333333332
166,"Doom Generation, The (1995)",3,2.8333333333333335,3.0,1.0274023338281628,3.4347733333333332
2095,"Shaggy D.A., The (1976)",3,2.8333333333333335,3.0,0.6236095644623235,3.4347733333333332
89840,Killer Elite (2011),3,2.8333333333333335,3.0,1.0274023338281628,3.4347733333333332
4285,Frankie and Johnny (1991),3,2.8333333333333335,2.5,0.8498365855987975,3.4347733333333332
4289,"City of Women, The (Città delle donne, La) (1980)",3,2.8333333333333335,3.5,1.3123346456686351,3.4347733333333332
7834,After the Thin Man (1936),3,2.8333333333333335,4.0,1.649915822768611,3.4347733333333332
70641,Miss March (2009),3,2.8333333333333335,3.5,1.699673171197595,3.4347733333333332
4663,She's Out of Control (1989),3,2.8333333333333335,3.5,1.3123346456686351,3.4347733333333332
4709,Paint Your Wagon (1969),3,2.8333333333333335,3.0,0.23570226039551584,3.4347733333333332
6750,Anything Else (2003),3,2.8333333333333335,3.0,0.6236095644623235,3.4347733333333332
42007,Rumor Has It... (2005),3,2.8333333333333335,3.0,0.23570226039551584,3.4347733333333332
114060,The Drop (2014),3,2.8333333333333335,3.0,0.6236095644623235,3.4347733333333332
155288,Eye in the Sky (2016),3,2.8333333333333335,3.5,0.9428090415820634,3.4347733333333332
617,"Flower of My Secret, The (La flor de mi secreto) (1995)",3,2.8333333333333335,2.5,0.8498365855987975,3.4347733333333332
54732,Balls of Fury (2007),3,2.8333333333333335,3.0,0.6236095644623235,3.4347733333333332
114762,Two Night Stand (2014),3,2.8333333333333335,3.5,0.9428090415820634,3.4347733333333332
53466,Nancy Drew (2007),3,2.8333333333333335,3.0,0.23570226039551584,3.4347733333333332
62376,City of Ember (2008),3,2.8333333333333335,2.5,0.4714045207910317,3.4347733333333332
64032,Four Christmases (2008),3,2.8333333333333335,2.5,0.4714045207910317,3.4347733333333332
143969,Er ist wieder da (2015),3,2.8333333333333335,3.0,1.4337208778404378,3.4347733333333332
177763,Murder on the Orient Express (2017),3,2.8333333333333335,2.5,0.4714045207910317,3.4347733333333332
3712,Soapdish (1991),3,2.8333333333333335,3.0,0.23570226039551584,3.4347733333333332
4035,"Claim, The (2000)",3,2.8333333333333335,3.0,0.23570226039551584,3.4347733333333332
47261,"Night Listener, The (2006)",3,2.8333333333333335,3.0,0.23570226039551584,3.4347733333333332
73929,Legion (2010),3,2.8333333333333335,3.0,0.6236095644623235,3.4347733333333332
78316,Letters to Juliet (2010),3,2.8333333333333335,3.5,1.3123346456686351,3.4347733333333332
151455,Eddie the Eagle (2016),3,2.8333333333333335,2.5,0.8498365855987975,3.4347733333333332
3479,Ladyhawke (1985),18,3.3333333333333335,3.5,0.7993052538854533,3.434293333333333
5152,We Were Soldiers (2002),18,3.3333333333333335,3.5,1.0137937550497031,3.434293333333333
4799,"It's a Mad, Mad, Mad, Mad World (1963)",10,3.25,3.0,0.9013878188659973,3.4335999999999998
67923,"Fast & Furious (Fast and the Furious 4, The) (2009)",10,3.25,3.0,0.7500000000000001,3.4335999999999998
89,Nick of Time (1995),10,3.25,3.0,0.7158910531638176,3.4335999999999998
120466,Chappie (2015),10,3.25,3.0,0.8139410298049853,3.4335999999999998
2734,"Mosquito Coast, The (1986)",10,3.25,3.0,0.5590169943749475,3.4335999999999998
818,"Very Brady Sequel, A (1996)",10,3.25,3.0,0.8732124598286491,3.4335999999999998
2111,"Man with Two Brains, The (1983)",10,3.25,3.0,0.6020797289396147,3.4335999999999998
129354,Focus (2015),10,3.25,3.0,1.2093386622447824,3.4335999999999998
2080,Lady and the Tramp (1955),55,3.4,3.5,0.9695359714832658,3.4334536585365854
87222,Kung Fu Panda 2 (2011),17,3.323529411764706,3.5,1.013746349389064,3.4328
499,Mr. Wonderful (1993),2,2.5,2.0,0.5,3.4325241379310345
2523,Rollercoaster (1977),2,2.5,2.0,0.5,3.4325241379310345
2900,Monkey Shines (1988),2,2.5,2.0,0.5,3.4325241379310345
4053,Double Take (2001),2,2.5,2.0,0.5,3.4325241379310345
4599,Great Balls of Fire! (1989),2,2.5,2.0,0.5,3.4325241379310345
5636,Welcome to Collinwood (2002),2,2.5,2.0,0.5,3.4325241379310345
6313,Sibling Rivalry (1990),2,2.5,2.0,0.5,3.4325241379310345
51937,"Hills Have Eyes II, The (2007)",2,2.5,2.0,0.5,3.4325241379310345
87444,Elektra Luxx (2010),2,2.5,1.5,1.0,3.4325241379310345
91079,Like Crazy (2011),2,2.5,1.0,1.5,3.4325241379310345
97172,Frankenweenie (2012),2,2.5,2.0,0.5,3.4325241379310345
118700,Selma (2014),2,2.5,2.0,0.5,3.4325241379310345
1502,Kissed (1996),2,2.5,2.0,0.5,3.4325241379310345
1770,B. Monkey (1998),2,2.5,2.0,0.5,3.4325241379310345
1978,Friday the 13th Part V: A New Beginning (1985),2,2.5,2.0,0.5,3.4325241379310345
2625,Black Mask (Hak hap) (1996),2,2.5,1.5,1.0,3.4325241379310345
2903,Psycho III (1986),2,2.5,2.0,0.5,3.4325241379310345
3042,Meatballs III (1987),2,2.5,2.0,0.5,3.4325241379310345
4527,"Night in the Life of Jimmy Reardon, A (1988)",2,2.5,2.0,0.5,3.4325241379310345
5033,"Russia House, The (1990)",2,2.5,2.0,0.5,3.4325241379310345
8199,Ugetsu (Ugetsu monogatari) (1953),2,2.5,1.0,1.5,3.4325241379310345
48518,"Texas Chainsaw Massacre: The Beginning, The (2006)",2,2.5,2.0,0.5,3.4325241379310345
1906,Mr. Jealousy (1997),2,2.5,2.0,0.5,3.4325241379310345
4166,Series 7: The Contenders (2001),2,2.5,2.0,0.5,3.4325241379310345
4268,Town & Country (2001),2,2.5,2.0,0.5,3.4325241379310345
4534,Return to Snowy River (a.k.a. The Man From Snowy River II) (1988),2,2.5,2.0,0.5,3.4325241379310345
4565,American Ninja (1985),2,2.5,2.0,0.5,3.4325241379310345
5347,Deuces Wild (2002),2,2.5,2.0,0.5,3.4325241379310345
5462,"Crocodile Hunter: Collision Course, The (2002)",2,2.5,2.0,0.5,3.4325241379310345
54734,Sydney White (2007),2,2.5,1.5,1.0,3.4325241379310345
64249,Shrek the Halls (2007),2,2.5,2.0,0.5,3.4325241379310345
120637,Blackhat (2015),2,2.5,2.0,0.5,3.4325241379310345
148172,The 5th Wave (2016),2,2.5,1.5,1.0,3.4325241379310345
885,Bogus (1996),2,2.5,2.0,0.5,3.4325241379310345
1415,"Thieves (Voleurs, Les) (1996)",2,2.5,1.0,1.5,3.4325241379310345
1987,Prom Night (1980),2,2.5,2.0,0.5,3.4325241379310345
2256,Parasite (1982),2,2.5,2.0,0.5,3.4325241379310345
3370,Betrayed (1988),2,2.5,2.0,0.5,3.4325241379310345
3898,Bait (2000),2,2.5,1.5,1.0,3.4325241379310345
4276,Lost in America (1985),2,2.5,1.0,1.5,3.4325241379310345
7449,Godsend (2004),2,2.5,2.5,0.0,3.4325241379310345
50158,Stomp the Yard (2007),2,2.5,2.5,0.0,3.4325241379310345
74851,From Paris with Love (2010),2,2.5,2.0,0.5,3.4325241379310345
83910,"Dilemma, The (2011)",2,2.5,2.5,0.0,3.4325241379310345
1170,Best of the Best 3: No Turning Back (1995),2,2.5,2.0,0.5,3.4325241379310345
1312,Female Perversions (1996),2,2.5,2.0,0.5,3.4325241379310345
2267,Mortal Thoughts (1991),2,2.5,2.0,0.5,3.4325241379310345
2365,King Kong vs. Godzilla (Kingukongu tai Gojira) (1962),2,2.5,2.0,0.5,3.4325241379310345
3028,"Taming of the Shrew, The (1967)",2,2.5,2.0,0.5,3.4325241379310345
3794,Chuck & Buck (2000),2,2.5,2.0,0.5,3.4325241379310345
4397,Cannonball Run II (1984),2,2.5,2.0,0.5,3.4325241379310345
4578,Chances Are (1989),2,2.5,1.5,1.0,3.4325241379310345
5297,"Cat's Meow, The (2002)",2,2.5,2.0,0.5,3.4325241379310345
6169,"Black Stallion Returns, The (1983)",2,2.5,2.0,0.5,3.4325241379310345
8978,Christmas with the Kranks (2004),2,2.5,2.5,0.0,3.4325241379310345
50800,"Messengers, The (2007)",2,2.5,2.0,0.5,3.4325241379310345
84847,Emma (2009),2,2.5,0.5,2.0,3.4325241379310345
94323,Think Like a Man (2012),2,2.5,2.0,0.5,3.4325241379310345
2260,Wisdom (1986),2,2.5,2.0,0.5,3.4325241379310345
2629,"Love Letter, The (1999)",2,2.5,2.0,0.5,3.4325241379310345
3391,Who's That Girl? (1987),2,2.5,2.0,0.5,3.4325241379310345
3906,Under Suspicion (2000),2,2.5,2.0,0.5,3.4325241379310345
3929,"Bank Dick, The (1940)",2,2.5,2.0,0.5,3.4325241379310345
4031,All the Pretty Horses (2000),2,2.5,2.0,0.5,3.4325241379310345
4622,Loverboy (1989),2,2.5,2.0,0.5,3.4325241379310345
5397,Monkey Business (1952),2,2.5,1.5,1.0,3.4325241379310345
6324,It Runs in the Family (2003),2,2.5,2.5,0.0,3.4325241379310345
6523,Mr. Baseball (1992),2,2.5,2.0,0.5,3.4325241379310345
71732,I Sell the Dead (2008),2,2.5,1.5,1.0,3.4325241379310345
352,Crooklyn (1994),2,2.5,2.0,0.5,3.4325241379310345
3912,Beautiful (2000),2,2.5,1.0,1.5,3.4325241379310345
4466,Above the Law (1988),2,2.5,2.0,0.5,3.4325241379310345
5486,Who Is Cletis Tout? (2001),2,2.5,2.5,0.0,3.4325241379310345
8610,All of Me (1984),2,2.5,1.5,1.0,3.4325241379310345
49389,The Great Train Robbery (1903),2,2.5,1.0,1.5,3.4325241379310345
107702,Grudge Match (2013),2,2.5,1.5,1.0,3.4325241379310345
118,If Lucy Fell (1996),2,2.5,2.0,0.5,3.4325241379310345
896,Wild Reeds (Les roseaux sauvages) (1994),2,2.5,2.0,0.5,3.4325241379310345
2098,Son of Flubber (1963),2,2.5,2.0,0.5,3.4325241379310345
3587,Inferno (1980),2,2.5,1.5,1.0,3.4325241379310345
4782,Sidewalks of New York (2001),2,2.5,2.0,0.5,3.4325241379310345
6116,"Pirate Movie, The (1982)",2,2.5,1.5,1.0,3.4325241379310345
6720,Kuffs (1992),2,2.5,2.0,0.5,3.4325241379310345
36276,Hidden (a.k.a. Cache) (Caché) (2005),2,2.5,1.5,1.0,3.4325241379310345
37853,Into the Blue (2005),2,2.5,2.0,0.5,3.4325241379310345
50445,"Hitcher, The (2007)",2,2.5,2.5,0.0,3.4325241379310345
105731,Carrie (2013),2,2.5,2.0,0.5,3.4325241379310345
111663,Zombeavers (2014),2,2.5,1.5,1.0,3.4325241379310345
122884,Insidious: Chapter 3 (2015),2,2.5,2.0,0.5,3.4325241379310345
155820,Keanu (2016),2,2.5,1.5,1.0,3.4325241379310345
167370,Assassin's Creed (2016),2,2.5,1.5,1.0,3.4325241379310345
2044,"Devil and Max Devlin, The (1981)",2,2.5,2.0,0.5,3.4325241379310345
4893,When a Stranger Calls (1979),2,2.5,2.0,0.5,3.4325241379310345
5136,Wendigo (2001),2,2.5,1.5,1.0,3.4325241379310345
5170,All About the Benjamins (2002),2,2.5,2.0,0.5,3.4325241379310345
5609,Ballistic: Ecks vs. Sever (2002),2,2.5,2.0,0.5,3.4325241379310345
6581,"Private Life of Sherlock Holmes, The (1970)",2,2.5,2.0,0.5,3.4325241379310345
7305,Black Widow (1987),2,2.5,2.5,0.0,3.4325241379310345
7564,Kwaidan (Kaidan) (1964),2,2.5,0.5,2.0,3.4325241379310345
52950,Day Watch (Dnevnoy dozor) (2006),2,2.5,2.0,0.5,3.4325241379310345
61401,"Spirit, The (2008)",2,2.5,2.5,0.0,3.4325241379310345
67186,"Haunting in Connecticut, The (2009)",2,2.5,2.0,0.5,3.4325241379310345
91660,"Darkest Hour, The (2011)",2,2.5,2.0,0.5,3.4325241379310345
158956,Kill Command (2016),2,2.5,2.0,0.5,3.4325241379310345
1370,Die Hard 2 (1990),68,3.4044117647058822,3.5,0.8369120101914944,3.432033684210526
4701,Rush Hour 2 (2001),31,3.370967741935484,3.5,0.7509965630208267,3.4317793103448277
4321,City Slickers (1991),31,3.370967741935484,3.0,0.9155268352463466,3.4317793103448277
2524,"Towering Inferno, The (1974)",9,3.2222222222222223,3.5,1.2496913199113324,3.4317555555555552
3040,Meatballs (1979),9,3.2222222222222223,3.0,1.314684396244359,3.4317555555555552
89804,"Ides of March, The (2011)",9,3.2222222222222223,3.5,0.7114582486036499,3.4317555555555552
61248,Death Race (2008),9,3.2222222222222223,3.5,0.4779069592801459,3.4317555555555552
74946,She's Out of My League (2010),9,3.2222222222222223,4.0,1.4163943093313291,3.4317555555555552
5047,Kung Pow: Enter the Fist (2002),9,3.2222222222222223,3.5,1.1331154474650633,3.4317555555555552
103253,Elysium (2013),16,3.3125,3.5,0.7043392293490403,3.4312372093023256
4161,"Mexican, The (2001)",23,3.347826086956522,3.0,0.682622542091634,3.4308640000000006
6863,School of Rock (2003),66,3.4015151515151514,3.5,0.7746929840055357,3.430572043010753
5596,Spaced Invaders (1990),1,1.5,1.5,0.0,3.4301142857142852
5736,Faces of Death 3 (1985),1,1.5,1.5,0.0,3.4301142857142852
8894,Orca: The Killer Whale (1977),1,1.5,1.5,0.0,3.4301142857142852
26828,Mr. Nanny (1993),1,1.5,1.5,0.0,3.4301142857142852
27306,Bartleby (2001),1,1.5,1.5,0.0,3.4301142857142852
34800,Private Resort (1985),1,1.5,1.5,0.0,3.4301142857142852
68480,Flatfoot on the Nile (Piedone d'Egitto) (1980),1,1.5,1.5,0.0,3.4301142857142852
98175,Vamps (2012),1,1.5,1.5,0.0,3.4301142857142852
98296,Deadfall (2012),1,1.5,1.5,0.0,3.4301142857142852
104337,Lee Daniels' The Butler (2013),1,1.5,1.5,0.0,3.4301142857142852
108715,Better Living Through Chemistry (2014),1,1.5,1.5,0.0,3.4301142857142852
116207,Zulu (2013),1,1.5,1.5,0.0,3.4301142857142852
118512,Bring It On: In It To Win It (2007),1,1.5,1.5,0.0,3.4301142857142852
134158,Return to Sender (2015),1,1.5,1.5,0.0,3.4301142857142852
136859,The Lovers (2015),1,1.5,1.5,0.0,3.4301142857142852
181139,Lynne Koplitz: Hormonal Beast (2017),1,1.5,1.5,0.0,3.4301142857142852
183911,The Clapper (2018),1,1.5,1.5,0.0,3.4301142857142852
3280,"Baby, The (1973)",1,1.5,1.5,0.0,3.4301142857142852
4093,Cop (1988),1,1.5,1.5,0.0,3.4301142857142852
4646,Greenfingers (2000),1,1.5,1.5,0.0,3.4301142857142852
26741,Mannequin 2: On the Move (1991),1,1.5,1.5,0.0,3.4301142857142852
34292,Hardware (1990),1,1.5,1.5,0.0,3.4301142857142852
89388,I Don't Know How She Does It (2011),1,1.5,1.5,0.0,3.4301142857142852
93242,Gone (2012),1,1.5,1.5,0.0,3.4301142857142852
99721,Texas Chainsaw 3D (2013),1,1.5,1.5,0.0,3.4301142857142852
103609,Class Act (1992),1,1.5,1.5,0.0,3.4301142857142852
109191,Winter's Tale (2014),1,1.5,1.5,0.0,3.4301142857142852
133195,Hitman: Agent 47 (2015),1,1.5,1.5,0.0,3.4301142857142852
145935,"Peanuts Movie, The (2015)",1,1.5,1.5,0.0,3.4301142857142852
152658,Santa's Little Helper (2015),1,1.5,1.5,0.0,3.4301142857142852
179749,Creep 2 (2017),1,1.5,1.5,0.0,3.4301142857142852
180987,Ferdinand (2017),1,1.5,1.5,0.0,3.4301142857142852
4394,Beach Blanket Bingo (1965),1,1.5,1.5,0.0,3.4301142857142852
5189,Humanoids from the Deep (1980),1,1.5,1.5,0.0,3.4301142857142852
5883,They (2002),1,1.5,1.5,0.0,3.4301142857142852
5961,Blue Steel (1990),1,1.5,1.5,0.0,3.4301142857142852
7005,King Ralph (1991),1,1.5,1.5,0.0,3.4301142857142852
7390,Prey for Rock & Roll (2003),1,1.5,1.5,0.0,3.4301142857142852
36397,Valiant (2005),1,1.5,1.5,0.0,3.4301142857142852
69118,In the Electric Mist (2009),1,1.5,1.5,0.0,3.4301142857142852
73386,Staten Island (2009),1,1.5,1.5,0.0,3.4301142857142852
82093,London Boulevard (2010),1,1.5,1.5,0.0,3.4301142857142852
89427,Shark Night 3D (2011),1,1.5,1.5,0.0,3.4301142857142852
91273,Bunraku (2010),1,1.5,1.5,0.0,3.4301142857142852
93740,Salmon Fishing in the Yemen (2011),1,1.5,1.5,0.0,3.4301142857142852
113350,I'll Follow You Down (2013),1,1.5,1.5,0.0,3.4301142857142852
116044,Christmas in Connecticut (1992),1,1.5,1.5,0.0,3.4301142857142852
116985,The Longest Week (2014),1,1.5,1.5,0.0,3.4301142857142852
133377,Infini (2015),1,1.5,1.5,0.0,3.4301142857142852
136786,Careful What You Wish For (2015),1,1.5,1.5,0.0,3.4301142857142852
138610,The Gallows (2015),1,1.5,1.5,0.0,3.4301142857142852
143472,Into the Grizzly Maze (2015),1,1.5,1.5,0.0,3.4301142857142852
144714,The Perfect Guy (2015),1,1.5,1.5,0.0,3.4301142857142852
149380,'Tis the Season for Love (2015),1,1.5,1.5,0.0,3.4301142857142852
151479,The Flash 2 - Revenge of the Trickster (1991),1,1.5,1.5,0.0,3.4301142857142852
152071,Race (2016),1,1.5,1.5,0.0,3.4301142857142852
157865,Ratchet & Clank (2016),1,1.5,1.5,0.0,3.4301142857142852
2339,I'll Be Home For Christmas (1998),1,1.5,1.5,0.0,3.4301142857142852
4504,Feds (1988),1,1.5,1.5,0.0,3.4301142857142852
5053,Blankman (1994),1,1.5,1.5,0.0,3.4301142857142852
52279,Are We Done Yet? (2007),1,1.5,1.5,0.0,3.4301142857142852
60365,Frosty the Snowman (1969),1,1.5,1.5,0.0,3.4301142857142852
61262,Mirrors (2008),1,1.5,1.5,0.0,3.4301142857142852
91483,Bullet to the Head (2012),1,1.5,1.5,0.0,3.4301142857142852
96726,Lola Versus (2012),1,1.5,1.5,0.0,3.4301142857142852
101884,Dark Tide (2012),1,1.5,1.5,0.0,3.4301142857142852
111680,At Middleton (2013),1,1.5,1.5,0.0,3.4301142857142852
136654,The Face of an Angel (2015),1,1.5,1.5,0.0,3.4301142857142852
139857,Colonia (2016),1,1.5,1.5,0.0,3.4301142857142852
157407,I Am Wrath (2016),1,1.5,1.5,0.0,3.4301142857142852
158254,Kindergarten Cop 2 (2016),1,1.5,1.5,0.0,3.4301142857142852
167772,The Spirit of Christmas (1995),1,1.5,1.5,0.0,3.4301142857142852
5111,"Good Son, The (1993)",1,1.5,1.5,0.0,3.4301142857142852
27074,Brave New World (1998),1,1.5,1.5,0.0,3.4301142857142852
75416,Generation X (1996),1,1.5,1.5,0.0,3.4301142857142852
92234,Red Tails (2012),1,1.5,1.5,0.0,3.4301142857142852
103502,"Knot, The (2012)",1,1.5,1.5,0.0,3.4301142857142852
107449,"Muppet Christmas: Letters to Santa, A (2008)",1,1.5,1.5,0.0,3.4301142857142852
122490,Wicked Blood (2014),1,1.5,1.5,0.0,3.4301142857142852
127319,The Loft (2014),1,1.5,1.5,0.0,3.4301142857142852
190215,Liquid Truth (2017),1,1.5,1.5,0.0,3.4301142857142852
3294,Eaten Alive (1977),1,1.5,1.5,0.0,3.4301142857142852
3895,"Watcher, The (2000)",1,1.5,1.5,0.0,3.4301142857142852
5041,Fire and Ice (1983),1,1.5,1.5,0.0,3.4301142857142852
5455,"Object of Beauty, The (1991)",1,1.5,1.5,0.0,3.4301142857142852
26913,Street Fighter II: The Animated Movie (Sutorîto Faitâ II gekijô-ban) (1994),1,1.5,1.5,0.0,3.4301142857142852
27705,In Hell (2003),1,1.5,1.5,0.0,3.4301142857142852
27784,One Missed Call (Chakushin ari) (2003),1,1.5,1.5,0.0,3.4301142857142852
33966,Cop and ½ (1993),1,1.5,1.5,0.0,3.4301142857142852
73858,"Dennis the Menace Christmas, A (2007)",1,1.5,1.5,0.0,3.4301142857142852
75803,Our Family Wedding (2010),1,1.5,1.5,0.0,3.4301142857142852
91688,Salvation Boulevard (2011),1,1.5,1.5,0.0,3.4301142857142852
98160,Nature Calls (2012),1,1.5,1.5,0.0,3.4301142857142852
105020,Collision Course (1989),1,1.5,1.5,0.0,3.4301142857142852
106883,All is Bright (2013),1,1.5,1.5,0.0,3.4301142857142852
112303,Think Like a Man Too (2014),1,1.5,1.5,0.0,3.4301142857142852
114396,Cesar Chavez (2014),1,1.5,1.5,0.0,3.4301142857142852
126420,American Heist (2015),1,1.5,1.5,0.0,3.4301142857142852
133798,Hot Pursuit (2015),1,1.5,1.5,0.0,3.4301142857142852
142074,Knock Knock (2015),1,1.5,1.5,0.0,3.4301142857142852
158022,Kicking Off (2016),1,1.5,1.5,0.0,3.4301142857142852
183011,The Commuter (2018),1,1.5,1.5,0.0,3.4301142857142852
190207,Tilt (2011),1,1.5,1.5,0.0,3.4301142857142852
5213,"Oh, God! Book II (1980)",1,1.5,1.5,0.0,3.4301142857142852
99005,Fire with Fire (2012),1,1.5,1.5,0.0,3.4301142857142852
101360,"Call, The (2013)",1,1.5,1.5,0.0,3.4301142857142852
106542,Charlie Countryman (2013),1,1.5,1.5,0.0,3.4301142857142852
111320,Mom's Night Out (2014),1,1.5,1.5,0.0,3.4301142857142852
116963,Ski School (1991),1,1.5,1.5,0.0,3.4301142857142852
118248,Dying of the Light (2014),1,1.5,1.5,0.0,3.4301142857142852
132618,Kite (2014),1,1.5,1.5,0.0,3.4301142857142852
136012,Bloodsport III (1996),1,1.5,1.5,0.0,3.4301142857142852
136800,Robot Overlords (2014),1,1.5,1.5,0.0,3.4301142857142852
140525,Secret in Their Eyes (2015),1,1.5,1.5,0.0,3.4301142857142852
161918,Sharknado 4: The 4th Awakens (2016),1,1.5,1.5,0.0,3.4301142857142852
164881,Night Guards (2016),1,1.5,1.5,0.0,3.4301142857142852
165343,The Rocky Horror Picture Show: Let's Do the Time Warp Again (2016),1,1.5,1.5,0.0,3.4301142857142852
169670,The Void (2016),1,1.5,1.5,0.0,3.4301142857142852
806,American Buffalo (1996),1,1.5,1.5,0.0,3.4301142857142852
5275,Boxcar Bertha (1972),1,1.5,1.5,0.0,3.4301142857142852
5664,Brown Sugar (2002),1,1.5,1.5,0.0,3.4301142857142852
7781,Twister (1990),1,1.5,1.5,0.0,3.4301142857142852
96964,"Tall Man, The (2012)",1,1.5,1.5,0.0,3.4301142857142852
100226,Why Stop Now (2012),1,1.5,1.5,0.0,3.4301142857142852
110826,Brick Mansions (2014),1,1.5,1.5,0.0,3.4301142857142852
113416,Revenge of the Green Dragons (2014),1,1.5,1.5,0.0,3.4301142857142852
114494,Who Am I (Kein System Ist Sicher) (2014),1,1.5,1.5,0.0,3.4301142857142852
129333,Julia (2014),1,1.5,1.5,0.0,3.4301142857142852
138546,The Opposite Sex (2014),1,1.5,1.5,0.0,3.4301142857142852
143001,Anti-Social (2015),1,1.5,1.5,0.0,3.4301142857142852
151653,Welcome to Happiness (2015),1,1.5,1.5,0.0,3.4301142857142852
160440,The Maid's Room (2014),1,1.5,1.5,0.0,3.4301142857142852
164375,All Roads Lead to Rome (2016),1,1.5,1.5,0.0,3.4301142857142852
179815,"Roman J. Israel, Esq. (2017)",1,1.5,1.5,0.0,3.4301142857142852
3962,Ghoulies II (1987),1,1.5,1.5,0.0,3.4301142857142852
6587,Gigli (2003),1,1.5,1.5,0.0,3.4301142857142852
7411,Munchies (1987),1,1.5,1.5,0.0,3.4301142857142852
8043,Jack the Bear (1993),1,1.5,1.5,0.0,3.4301142857142852
8427,Americathon (1979),1,1.5,1.5,0.0,3.4301142857142852
8626,Dr. Terror's House of Horrors (1965),1,1.5,1.5,0.0,3.4301142857142852
26791,Shining Through (1992),1,1.5,1.5,0.0,3.4301142857142852
27549,Dead or Alive: Final (2002),1,1.5,1.5,0.0,3.4301142857142852
33132,State Property 2 (2005),1,1.5,1.5,0.0,3.4301142857142852
53450,"Legend of Sleepy Hollow, The (1980)",1,1.5,1.5,0.0,3.4301142857142852
70015,Polytechnique (2009),1,1.5,1.5,0.0,3.4301142857142852
90738,"Double, The (2011)",1,1.5,1.5,0.0,3.4301142857142852
91873,Joyful Noise (2012),1,1.5,1.5,0.0,3.4301142857142852
93139,Mega Shark vs. Crocosaurus (2010),1,1.5,1.5,0.0,3.4301142857142852
94011,"Big Bang, The (2011)",1,1.5,1.5,0.0,3.4301142857142852
97742,Alex Cross (2012),1,1.5,1.5,0.0,3.4301142857142852
98908,How to Make Love to a Woman (2010),1,1.5,1.5,0.0,3.4301142857142852
101973,Disconnect (2012),1,1.5,1.5,0.0,3.4301142857142852
105755,"Counselor, The (2013)",1,1.5,1.5,0.0,3.4301142857142852
116419,Drive Hard (2014),1,1.5,1.5,0.0,3.4301142857142852
136443,Gabriel Iglesias: Hot and Fluffy (2007),1,1.5,1.5,0.0,3.4301142857142852
143255,Narcopolis (2014),1,1.5,1.5,0.0,3.4301142857142852
151501,Exposed (2016),1,1.5,1.5,0.0,3.4301142857142852
175577,Rory Scovel Tries Stand-Up for the First Time (2017),1,1.5,1.5,0.0,3.4301142857142852
4941,Flash Gordon (1980),8,3.1875,2.5,1.2231491119238078,3.4298057142857146
1924,Plan 9 from Outer Space (1959),8,3.1875,3.0,0.9980449639169571,3.4298057142857146
43,Restoration (1995),8,3.1875,3.0,0.6091746465505602,3.4298057142857146
613,Jane Eyre (1996),8,3.1875,3.0,1.2231491119238078,3.4298057142857146
95875,Total Recall (2012),8,3.1875,3.0,0.8267972847076845,3.4298057142857146
80693,It's Kind of a Funny Story (2010),8,3.1875,3.5,1.3213984069916236,3.4298057142857146
2112,Grand Canyon (1991),8,3.1875,3.0,0.7880950133074056,3.4298057142857146
2259,Blame It on Rio (1984),8,3.1875,3.0,0.9980449639169569,3.4298057142857146
31420,Assault on Precinct 13 (2005),8,3.1875,3.0,0.4960783708246107,3.4298057142857146
2568,"Mod Squad, The (1999)",8,3.1875,3.0,1.3213984069916234,3.4298057142857146
7347,Secret Window (2004),15,3.3,3.5,0.9273618495495702,3.4295999999999998
76077,Hot Tub Time Machine (2010),15,3.3,3.5,0.7483314773547882,3.4295999999999998
237,Forget Paris (1995),22,3.340909090909091,3.0,1.015631953250197,3.4294530612244896
2455,"Fly, The (1986)",43,3.383720930232558,3.5,0.8881468118106192,3.429188571428572
1721,Titanic (1997),140,3.414285714285714,3.5,1.0487115515561687,3.4284023952095803
2857,Yellow Submarine (1968),14,3.2857142857142856,3.0,0.7726181304565691,3.4278829268292683
7036,Teen Wolf (1985),7,3.142857142857143,3.0,0.8329931278350429,3.427741176470588
2750,Radio Days (1987),7,3.142857142857143,3.0,0.5802884574739973,3.427741176470588
54256,Hot Rod (2007),7,3.142857142857143,3.5,1.0594569267279519,3.427741176470588
426,Body Snatchers (1993),7,3.142857142857143,3.0,0.34992710611188266,3.427741176470588
80363,Resident Evil: Afterlife (2010),7,3.142857142857143,3.5,0.7423074889580903,3.427741176470588
5159,Ferngully: The Last Rainforest (1992),7,3.142857142857143,3.5,0.8329931278350429,3.427741176470588
5316,Enigma (2001),7,3.142857142857143,3.0,0.5150787536377128,3.427741176470588
3873,Cat Ballou (1965),7,3.142857142857143,3.0,0.6388765649999399,3.427741176470588
7381,"Whole Ten Yards, The (2004)",7,3.142857142857143,3.0,1.0251928638862373,3.427741176470588
49822,"Good Shepherd, The (2006)",7,3.142857142857143,3.0,0.7889543583705185,3.427741176470588
494,Executive Decision (1996),41,3.3780487804878048,3.0,0.9676504597501158,3.427105882352941
7373,Hellboy (2004),41,3.3780487804878048,3.5,0.9925360950915026,3.427105882352941
2003,Gremlins (1984),41,3.3780487804878048,3.5,0.9091706741276001,3.427105882352941
45517,Cars (2006),41,3.3780487804878048,3.5,0.8247726058005325,3.427105882352941
266,Legends of the Fall (1994),68,3.3970588235294117,3.5,0.9722579221215056,3.4267705263157895
57368,Cloverfield (2008),27,3.3518518518518516,3.0,0.8693847847633704,3.4267259259259255
2990,Licence to Kill (1989),20,3.325,3.0,0.9390819985496475,3.426451063829788
2133,Adventures in Babysitting (1987),20,3.325,3.0,0.9653367288153912,3.426451063829788
37384,Waiting... (2005),13,3.269230769230769,3.0,1.0305970005364817,3.4260800000000002
2779,Heaven Can Wait (1978),13,3.269230769230769,3.0,0.6389710663783135,3.4260800000000002
2459,"Texas Chainsaw Massacre, The (1974)",13,3.269230769230769,3.5,1.234369733529324,3.4260800000000002
1032,Alice in Wonderland (1951),40,3.375,3.5,0.9470348462437905,3.4260179104477606
33615,Madagascar (2005),40,3.375,3.5,0.8272696053887149,3.4260179104477606
44397,"Hills Have Eyes, The (2006)",6,3.0833333333333335,2.5,1.0172129679778086,3.4255515151515152
2432,Stepmom (1998),6,3.0833333333333335,2.0,1.1334558757279536,3.4255515151515152
8493,Memphis Belle (1990),6,3.0833333333333335,3.0,0.8374896350934076,3.4255515151515152
2553,Village of the Damned (1960),6,3.0833333333333335,3.0,0.8374896350934076,3.4255515151515152
142448,Everest (2015),6,3.0833333333333335,3.0,0.7312470322826768,3.4255515151515152
2880,Armour of God (Long xiong hu di) (1987),6,3.0833333333333335,3.0,1.0960788698304922,3.4255515151515152
3079,Mansfield Park (1999),6,3.0833333333333335,3.0,0.6066758241067098,3.4255515151515152
6062,Lost in La Mancha (2002),6,3.0833333333333335,3.0,0.5335936864527374,3.4255515151515152
7164,Peter Pan (2003),6,3.0833333333333335,3.5,0.9753916592266354,3.4255515151515152
51939,TMNT (Teenage Mutant Ninja Turtles) (2007),6,3.0833333333333335,3.0,0.5335936864527374,3.4255515151515152
101112,Oz the Great and Powerful (2013),6,3.0833333333333335,3.0,1.0573814617041266,3.4255515151515152
160563,The Legend of Tarzan (2016),6,3.0833333333333335,3.5,0.6066758241067098,3.4255515151515152
112183,Birdman: Or (The Unexpected Virtue of Ignorance) (2014),26,3.3461538461538463,3.5,1.1910663513232325,3.425343396226415
80219,Machete (2010),12,3.25,3.0,0.8036375634160797,3.424184615384615
934,Father of the Bride (1950),12,3.25,3.0,1.050793351076541,3.424184615384615
708,"Truth About Cats & Dogs, The (1996)",58,3.3879310344827585,3.0,0.7989384306274248,3.424037647058823
2018,Bambi (1942),38,3.3684210526315788,3.5,0.9506522035888654,3.4237415384615386
1395,Tin Men (1987),5,3.0,3.0,0.6324555320336759,3.423225
44828,Slither (2006),5,3.0,2.5,0.8366600265340756,3.423225
94953,Wanderlust (2012),5,3.0,3.0,1.140175425099138,3.423225
180985,The Greatest Showman (2017),5,3.0,3.0,1.140175425099138,3.423225
5451,Pumpkin (2002),5,3.0,3.0,0.9486832980505138,3.423225
79553,Ip Man 2 (2010),5,3.0,3.5,1.3416407864998738,3.423225
3506,North Dallas Forty (1979),5,3.0,3.0,0.8944271909999159,3.423225
5548,Down and Out in Beverly Hills (1986),5,3.0,3.0,0.8366600265340756,3.423225
26152,Batman (1966),5,3.0,3.0,0.31622776601683794,3.423225
74868,Dorian Gray (2009),5,3.0,3.0,0.31622776601683794,3.423225
3545,Cabaret (1972),5,3.0,3.0,0.5477225575051661,3.423225
4591,Erik the Viking (1989),5,3.0,3.0,0.31622776601683794,3.423225
4900,Out Cold (2001),5,3.0,3.0,0.9486832980505138,3.423225
60037,"Happening, The (2008)",5,3.0,3.5,0.6324555320336758,3.423225
61236,Waltz with Bashir (Vals im Bashir) (2008),5,3.0,2.5,0.6324555320336759,3.423225
5092,Big Fat Liar (2002),5,3.0,3.0,1.0,3.423225
73266,Youth in Revolt (2009),5,3.0,3.0,1.378404875209022,3.423225
1487,Selena (1997),5,3.0,3.0,0.8944271909999159,3.423225
1498,Inventing the Abbotts (1997),5,3.0,3.0,0.7071067811865476,3.423225
656,Eddie (1996),5,3.0,3.0,0.6324555320336759,3.423225
4265,Driven (2001),5,3.0,3.0,0.6324555320336759,3.423225
5027,Another 48 Hrs. (1990),5,3.0,3.0,0.7071067811865476,3.423225
2110,Dead Men Don't Wear Plaid (1982),18,3.3055555555555554,3.0,0.9879677357654855,3.4231822222222217
5015,Monster's Ball (2001),18,3.3055555555555554,3.5,1.1442961068914435,3.4231822222222217
34319,"Island, The (2005)",31,3.3548387096774195,3.5,0.8442743437614453,3.423158620689655
4446,Final Fantasy: The Spirits Within (2001),31,3.3548387096774195,3.5,0.8151147592576307,3.423158620689655
350,"Client, The (1994)",57,3.3859649122807016,3.0,0.8533604566326534,3.4231333333333334
1295,"Unbearable Lightness of Being, The (1988)",11,3.227272727272727,3.0,1.267847789180123,3.4221894736842104
71464,"Serious Man, A (2009)",11,3.227272727272727,3.0,1.1152585587622998,3.4221894736842104
2058,"Negotiator, The (1998)",30,3.35,3.5,1.0657548185832113,3.421810526315789
491,"Man Without a Face, The (1993)",17,3.2941176470588234,3.0,1.071815715193447,3.4214363636363636
785,Kingpin (1996),42,3.369047619047619,3.0,0.9197536148437473,3.4209159420289854
1088,Dirty Dancing (1987),42,3.369047619047619,3.5,0.982341249803631,3.4209159420289854
106540,Delivery Man (2013),4,2.875,3.0,0.21650635094610962,3.4207483870967743
142997,Hotel Transylvania 2 (2015),4,2.875,2.5,0.649519052838329,3.4207483870967743
173145,War for the Planet of the Apes (2017),4,2.875,2.0,1.7455300054711176,3.4207483870967743
2205,Mr. & Mrs. Smith (1941),4,2.875,2.5,0.414578098794425,3.4207483870967743
2789,Damien: Omen II (1978),4,2.875,3.0,1.1388041973930374,3.4207483870967743
2016,"Apple Dumpling Gang Rides Again, The (1979)",4,2.875,3.0,0.21650635094610965,3.4207483870967743
2615,My Science Project (1985),4,2.875,2.0,1.0231690964840563,3.4207483870967743
4066,I'm Gonna Git You Sucka (1988),4,2.875,2.5,0.739509972887452,3.4207483870967743
5414,Bad Company (2002),4,2.875,2.0,0.8926785535678563,3.4207483870967743
67295,Kung Fu Panda: Secrets of the Furious Five (2008),4,2.875,3.0,1.1388041973930374,3.4207483870967743
173291,Valerian and the City of a Thousand Planets (2017),4,2.875,2.0,1.0231690964840563,3.4207483870967743
2182,"Wrong Man, The (1956)",4,2.875,2.0,0.8926785535678563,3.4207483870967743
100390,Identity Thief (2013),4,2.875,2.0,1.192424001771182,3.4207483870967743
2050,Herbie Goes Bananas (1980),4,2.875,2.0,1.340475661845451,3.4207483870967743
27837,Flight of the Phoenix (2004),4,2.875,3.0,0.21650635094610962,3.4207483870967743
53127,Bug (2007),4,2.875,3.5,1.386317063301177,3.4207483870967743
59333,Made of Honor (2008),4,2.875,2.5,0.41457809879442503,3.4207483870967743
60760,"X-Files: I Want to Believe, The (2008)",4,2.875,2.5,0.414578098794425,3.4207483870967743
147380,Doctor Who: The Next Doctor (2008),4,2.875,3.0,1.243734296383275,3.4207483870967743
182823,Bright (2017),4,2.875,3.0,1.1388041973930374,3.4207483870967743
165101,Inferno (2016),4,2.875,3.5,1.386317063301177,3.4207483870967743
45442,Poseidon (2006),4,2.875,3.0,0.5448623679425842,3.4207483870967743
52694,Mr. Bean's Holiday (2007),4,2.875,3.0,0.8926785535678563,3.4207483870967743
60941,"Midnight Meat Train, The (2008)",4,2.875,3.0,0.5448623679425842,3.4207483870967743
128975,Hot Tub Time Machine 2 (2015),4,2.875,3.0,0.5448623679425842,3.4207483870967743
151739,Dirty Grandpa (2016),4,2.875,2.5,0.739509972887452,3.4207483870967743
5970,My Girl (1991),10,3.2,3.0,0.714142842854285,3.420086486486486
2718,Drop Dead Gorgeous (1999),10,3.2,3.0,0.7810249675906655,3.420086486486486
4333,Throw Momma from the Train (1987),10,3.2,3.5,1.0535653752852738,3.420086486486486
134393,Trainwreck (2015),10,3.2,3.5,1.0999999999999999,3.420086486486486
1892,"Perfect Murder, A (1998)",16,3.28125,3.0,0.8094896154367885,3.4196093023255814
1589,Cop Land (1997),16,3.28125,3.0,0.9180269263480239,3.4196093023255814
73321,"Book of Eli, The (2010)",16,3.28125,3.5,0.6606992034958117,3.4196093023255814
1609,187 (One Eight Seven) (1997),3,2.6666666666666665,2.5,0.6236095644623235,3.4181066666666666
2448,Virus (1999),3,2.6666666666666665,3.0,0.8498365855987975,3.4181066666666666
2844,"Minus Man, The (1999)",3,2.6666666666666665,3.0,1.247219128924647,3.4181066666666666
4531,Red Heat (1988),3,2.6666666666666665,3.0,0.4714045207910317,3.4181066666666666
5433,Silver Bullet (Stephen King's Silver Bullet) (1985),3,2.6666666666666665,3.0,0.4714045207910317,3.4181066666666666
8369,Mindhunters (2004),3,2.6666666666666665,2.5,0.6236095644623235,3.4181066666666666
55250,"Game Plan, The (2007)",3,2.6666666666666665,2.5,0.6236095644623235,3.4181066666666666
2535,Earthquake (1974),3,2.6666666666666665,3.0,0.4714045207910317,3.4181066666666666
26870,Major League II (1994),3,2.6666666666666665,2.5,0.6236095644623235,3.4181066666666666
36509,"Cave, The (2005)",3,2.6666666666666665,2.5,0.6236095644623235,3.4181066666666666
86295,Scream 4 (2011),3,2.6666666666666665,3.0,0.4714045207910317,3.4181066666666666
87298,Everything Must Go (2010),3,2.6666666666666665,3.0,0.8498365855987975,3.4181066666666666
104863,What If (2013),3,2.6666666666666665,3.5,1.5456030825826172,3.4181066666666666
175661,The Hitman's Bodyguard (2017),3,2.6666666666666665,3.0,0.8498365855987975,3.4181066666666666
1888,Hope Floats (1998),3,2.6666666666666665,2.0,0.9428090415820634,3.4181066666666666
4442,"Last Dragon, The (1985)",3,2.6666666666666665,2.5,1.4337208778404378,3.4181066666666666
71252,"Final Destination, The (Final Destination 4) (Final Destination in 3-D, The) (2009)",3,2.6666666666666665,3.0,0.4714045207910317,3.4181066666666666
3797,"In Crowd, The (2000)",3,2.6666666666666665,3.0,1.247219128924647,3.4181066666666666
55241,Mr. Woodcock (2007),3,2.6666666666666665,3.0,1.6499158227686108,3.4181066666666666
73042,Alvin and the Chipmunks: The Squeakquel (2009),3,2.6666666666666665,2.0,1.699673171197595,3.4181066666666666
4736,Summer Catch (2001),3,2.6666666666666665,3.0,0.8498365855987975,3.4181066666666666
32213,Cube Zero (2004),3,2.6666666666666665,3.0,0.8498365855987975,3.4181066666666666
49284,10 Items or Less (2006),3,2.6666666666666665,3.0,0.8498365855987975,3.4181066666666666
82499,How Do You Know (2010),3,2.6666666666666665,2.5,0.6236095644623235,3.4181066666666666
85788,Insidious (2010),3,2.6666666666666665,2.5,0.6236095644623235,3.4181066666666666
3957,Billy Jack (1971),3,2.6666666666666665,3.0,0.4714045207910317,3.4181066666666666
4771,Hardball (2001),3,2.6666666666666665,2.5,1.0274023338281628,3.4181066666666666
90888,Immortals (2011),3,2.6666666666666665,2.5,1.8408935028645435,3.4181066666666666
156726,Hush (2016),3,2.6666666666666665,3.0,1.6499158227686108,3.4181066666666666
460,Getting Even with Dad (1994),3,2.6666666666666665,3.0,0.4714045207910317,3.4181066666666666
6298,Malibu's Most Wanted (2003),3,2.6666666666666665,3.0,0.4714045207910317,3.4181066666666666
158783,The Handmaiden (2016),3,2.6666666666666665,3.5,1.5456030825826172,3.4181066666666666
1626,Fire Down Below (1997),3,2.6666666666666665,2.0,0.9428090415820634,3.4181066666666666
2147,"Clan of the Cave Bear, The (1986)",3,2.6666666666666665,3.0,0.4714045207910317,3.4181066666666666
8906,Cannibal Holocaust (1980),3,2.6666666666666665,2.5,0.6236095644623235,3.4181066666666666
32009,Tyler Perry's Diary of a Mad Black Woman (2005),3,2.6666666666666665,2.0,0.9428090415820634,3.4181066666666666
74450,Valentine's Day (2010),3,2.6666666666666665,3.0,0.4714045207910317,3.4181066666666666
3299,Hanging Up (2000),3,2.6666666666666665,3.0,1.247219128924647,3.4181066666666666
5678,Formula 51 (2001),3,2.6666666666666665,2.5,0.23570226039551584,3.4181066666666666
6614,I Love You to Death (1990),3,2.6666666666666665,2.5,0.6236095644623235,3.4181066666666666
7104,1941 (1979),3,2.6666666666666665,2.5,0.6236095644623235,3.4181066666666666
8864,Mr. 3000 (2004),3,2.6666666666666665,2.5,0.6236095644623235,3.4181066666666666
55116,"Hunting Party, The (2007)",3,2.6666666666666665,2.5,0.23570226039551584,3.4181066666666666
92509,"Vow, The (2012)",3,2.6666666666666665,3.0,0.8498365855987975,3.4181066666666666
157312,The Boss (2016),3,2.6666666666666665,3.0,0.8498365855987975,3.4181066666666666
2374,Gung Ho (1986),9,3.1666666666666665,3.0,0.816496580927726,3.4178666666666664
674,Barbarella (1968),9,3.1666666666666665,3.5,1.2018504251546631,3.4178666666666664
8507,Freaks (1932),9,3.1666666666666665,3.0,0.40824829046386296,3.4178666666666664
3250,Alive (1993),9,3.1666666666666665,3.0,0.9428090415820635,3.4178666666666664
205,Unstrung Heroes (1995),9,3.1666666666666665,3.0,0.5773502691896258,3.4178666666666664
2709,Muppets From Space (1999),9,3.1666666666666665,3.0,1.1547005383792515,3.4178666666666664
2447,Varsity Blues (1999),15,3.2666666666666666,3.5,0.9977753031397177,3.417695238095238
535,Short Cuts (1993),15,3.2666666666666666,3.0,1.3523641850067194,3.417695238095238
86911,"Hangover Part II, The (2011)",15,3.2666666666666666,3.5,0.9977753031397176,3.417695238095238
6979,WarGames (1983),21,3.3095238095238093,3.5,0.7476342127670277,3.4175666666666666
106072,Thor: The Dark World (2013),21,3.3095238095238093,3.5,0.763391406756257,3.4175666666666666
371,"Paper, The (1994)",21,3.3095238095238093,3.0,0.7939681905015746,3.4175666666666666
107,Muppet Treasure Island (1996),26,3.326923076923077,3.0,0.9087428731315892,3.4159094339622644
101864,Oblivion (2013),20,3.3,3.5,1.077032961426901,3.415812765957447
49278,Déjà Vu (Deja Vu) (2006),20,3.3,3.5,0.7968688725254613,3.415812765957447
56949,27 Dresses (2008),20,3.3,3.0,0.9137833441248533,3.415812765957447
7573,Never Say Never Again (1983),8,3.125,2.5,0.8569568250501305,3.4155200000000003
160080,Ghostbusters (2016),8,3.125,3.0,0.6959705453537527,3.4155200000000003
13,Balto (1995),8,3.125,3.0,0.5994789404140899,3.4155200000000003
46322,Jet Li's Fearless (Huo Yuan Jia) (2006),8,3.125,3.0,0.649519052838329,3.4155200000000003
3896,"Way of the Gun, The (2000)",8,3.125,3.0,0.8569568250501305,3.4155200000000003
99117,This Is 40 (2012),8,3.125,3.0,0.8926785535678562,3.4155200000000003
5040,Conan the Destroyer (1984),8,3.125,3.0,0.6495190528383289,3.4155200000000003
8966,Kinsey (2004),8,3.125,3.5,1.0231690964840563,3.4155200000000003
86298,Rio (2011),8,3.125,3.0,1.0532687216470449,3.4155200000000003
50442,Alpha Dog (2007),8,3.125,3.5,0.8926785535678563,3.4155200000000003
105213,Don Jon (2013),8,3.125,2.5,0.81967981553775,3.4155200000000003
131013,Get Hard (2015),8,3.125,3.0,1.0532687216470449,3.4155200000000003
6140,Tenebre (1982),2,2.25,0.5,1.75,3.4152827586206898
8506,Fear X (2003),2,2.25,2.0,0.25,3.4152827586206898
78041,Killers (2010),2,2.25,1.5,0.75,3.4152827586206898
98239,Red Dawn (2012),2,2.25,2.0,0.25,3.4152827586206898
109372,About Last Night (2014),2,2.25,1.5,0.75,3.4152827586206898
112460,Planes: Fire & Rescue (2014),2,2.25,2.0,0.25,3.4152827586206898
4608,"Innocent Man, An (1989)",2,2.25,2.0,0.25,3.4152827586206898
6265,Head of State (2003),2,2.25,1.0,1.25,3.4152827586206898
6670,Comic Book Villains (2002),2,2.25,2.0,0.25,3.4152827586206898
26510,"Ewok Adventure, The (a.k.a. Caravan of Courage: An Ewok Adventure) (1984)",2,2.25,1.5,0.75,3.4152827586206898
31445,Employee of the Month (2004),2,2.25,2.0,0.25,3.4152827586206898
50792,Catch and Release (2006),2,2.25,2.0,0.25,3.4152827586206898
74452,"Wolfman, The (2010)",2,2.25,0.5,1.75,3.4152827586206898
91622,Young Adult (2011),2,2.25,0.5,1.75,3.4152827586206898
119655,Seventh Son (2014),2,2.25,1.0,1.25,3.4152827586206898
2674,"Loss of Sexual Innocence, The (1999)",2,2.25,1.5,0.75,3.4152827586206898
3454,Whatever It Takes (2000),2,2.25,2.0,0.25,3.4152827586206898
6547,Northfork (2003),2,2.25,2.0,0.25,3.4152827586206898
26700,Nuns on the Run (1990),2,2.25,2.0,0.25,3.4152827586206898
46337,Garfield: A Tail of Two Kitties (2006),2,2.25,0.5,1.75,3.4152827586206898
50923,"Astronaut Farmer, The (2007)",2,2.25,2.0,0.25,3.4152827586206898
60522,"Machine Girl, The (Kataude mashin gâru) (2008)",2,2.25,1.5,0.75,3.4152827586206898
99532,"Misérables, Les (2000)",2,2.25,1.5,0.75,3.4152827586206898
103819,Coffee Town (2013),2,2.25,1.5,0.75,3.4152827586206898
105351,Runner Runner (2013),2,2.25,1.5,0.75,3.4152827586206898
108689,"I, Frankenstein (2014)",2,2.25,0.5,1.75,3.4152827586206898
109042,Knights of Badassdom (2013),2,2.25,2.0,0.25,3.4152827586206898
5694,Staying Alive (1983),2,2.25,1.5,0.75,3.4152827586206898
26871,My Father the Hero (1994),2,2.25,2.0,0.25,3.4152827586206898
36533,Cry_Wolf (a.k.a. Cry Wolf) (2005),2,2.25,1.5,0.75,3.4152827586206898
40697,Babylon 5,2,2.25,0.5,1.75,3.4152827586206898
62970,Tin Man (2007),2,2.25,1.5,0.75,3.4152827586206898
72224,Gentlemen Broncos (2009),2,2.25,1.0,1.25,3.4152827586206898
72405,Bad Lieutenant: Port of Call New Orleans (2009),2,2.25,2.0,0.25,3.4152827586206898
79251,"Serbian Film, A (Srpski film) (2010)",2,2.25,0.5,1.75,3.4152827586206898
184253,The Cloverfield Paradox (2018),2,2.25,0.5,1.75,3.4152827586206898
5226,All the Right Moves (1983),2,2.25,2.0,0.25,3.4152827586206898
5454,Mo' Money (1992),2,2.25,1.5,0.75,3.4152827586206898
5543,"Swarm, The (1978)",2,2.25,2.0,0.25,3.4152827586206898
6999,Housesitter (1992),2,2.25,2.0,0.25,3.4152827586206898
8138,Attack of the Giant Leeches (1959),2,2.25,0.5,1.75,3.4152827586206898
105468,Cloudy with a Chance of Meatballs 2 (2013),2,2.25,2.0,0.25,3.4152827586206898
157200,Money Monster (2016),2,2.25,2.0,0.25,3.4152827586206898
5999,Heavy Metal 2000 (2000),2,2.25,2.0,0.25,3.4152827586206898
6517,"Babe, The (1992)",2,2.25,1.5,0.75,3.4152827586206898
136666,Search Party (2014),2,2.25,1.0,1.25,3.4152827586206898
172547,Despicable Me 3 (2017),2,2.25,0.5,1.75,3.4152827586206898
4593,Family Business (1989),2,2.25,2.0,0.25,3.4152827586206898
4619,Little Monsters (1989),2,2.25,1.5,0.75,3.4152827586206898
6280,"Man Apart, A (2003)",2,2.25,2.0,0.25,3.4152827586206898
60128,Young People Fucking (a.k.a. YPF) (2007),2,2.25,1.0,1.25,3.4152827586206898
93723,Damsels in Distress (2011),2,2.25,1.5,0.75,3.4152827586206898
107997,We Are What We Are (2013),2,2.25,1.5,0.75,3.4152827586206898
159858,The Conjuring 2 (2016),2,2.25,0.5,1.75,3.4152827586206898
1352,Albino Alligator (1996),2,2.25,2.0,0.25,3.4152827586206898
1623,Wishmaster (1997),2,2.25,2.0,0.25,3.4152827586206898
4092,Cherry 2000 (1987),2,2.25,2.0,0.25,3.4152827586206898
6055,Sugar Hill (1994),2,2.25,1.0,1.25,3.4152827586206898
6812,"Rookie, The (1990)",2,2.25,2.0,0.25,3.4152827586206898
7175,Torque (2004),2,2.25,2.0,0.25,3.4152827586206898
84615,Cedar Rapids (2011),2,2.25,2.0,0.25,3.4152827586206898
129737,Unfinished Business (2015),2,2.25,2.0,0.25,3.4152827586206898
139915,How to Make Love Like an Englishman (2014),2,2.25,2.0,0.25,3.4152827586206898
143245,The Little Prince (2015),2,2.25,1.5,0.75,3.4152827586206898
329,Star Trek: Generations (1994),108,3.3935185185185186,3.0,0.8109520180522338,3.4151348148148153
1747,Wag the Dog (1997),31,3.338709677419355,3.0,0.9365955574811597,3.4145379310344826
56587,"Bucket List, The (2007)",13,3.230769230769231,3.0,0.723649527777953,3.4135800000000005
1345,Carrie (1976),36,3.3472222222222223,3.5,0.9340729542977986,3.413384126984127
31225,Coach Carter (2005),7,3.0714285714285716,3.0,0.31943828249996997,3.413035294117647
3684,"Fabulous Baker Boys, The (1989)",7,3.0714285714285716,3.0,0.41649656391752143,3.413035294117647
1713,Mouse Hunt (1997),7,3.0714285714285716,3.0,0.8206518066482897,3.413035294117647
3099,Shampoo (1975),7,3.0714285714285716,2.5,1.4742691028964496,3.413035294117647
3952,"Contender, The (2000)",7,3.0714285714285716,3.0,0.775912892228587,3.413035294117647
86320,Melancholia (2011),7,3.0714285714285716,3.5,1.6993396076243314,3.413035294117647
33669,"Sisterhood of the Traveling Pants, The (2005)",7,3.0714285714285716,3.0,1.1157499537009505,3.413035294117647
3426,Jungle Fever (1991),7,3.0714285714285716,3.0,0.6776309271789385,3.413035294117647
3513,Rules of Engagement (2000),7,3.0714285714285716,3.0,0.7759128922285867,3.413035294117647
1056,Jude (1996),7,3.0714285714285716,3.0,0.6776309271789385,3.413035294117647
1286,Somewhere in Time (1980),7,3.0714285714285716,3.0,1.0151907431108496,3.413035294117647
2829,"Muse, The (1999)",7,3.0714285714285716,3.0,1.0151907431108498,3.413035294117647
6881,Pieces of April (2003),7,3.0714285714285716,3.5,1.265717510476382,3.413035294117647
7375,"Prince & Me, The (2004)",7,3.0714285714285716,3.0,0.6776309271789384,3.413035294117647
32596,Sahara (2005),7,3.0714285714285716,3.0,0.4948716593053935,3.413035294117647
135436,The Secret Life of Pets (2016),7,3.0714285714285716,3.5,0.9035079029052513,3.413035294117647
476,"Inkwell, The (1994)",1,1.0,1.0,0.0,3.4122571428571424
2813,"Source, The (1999)",1,1.0,1.0,0.0,3.4122571428571424
3596,Screwed (2000),1,1.0,1.0,0.0,3.4122571428571424
5675,Swept Away (2002),1,1.0,1.0,0.0,3.4122571428571424
7245,Tormented (1960),1,1.0,1.0,0.0,3.4122571428571424
31698,Son of the Mask (2005),1,1.0,1.0,0.0,3.4122571428571424
69227,Ernest Rides Again (1993),1,1.0,1.0,0.0,3.4122571428571424
71550,Assassination of a High School President (2008),1,1.0,1.0,0.0,3.4122571428571424
105121,Inescapable (2012),1,1.0,1.0,0.0,3.4122571428571424
105325,Bad Milo (Bad Milo!) (2013),1,1.0,1.0,0.0,3.4122571428571424
123553,In the Name of the King III (2014),1,1.0,1.0,0.0,3.4122571428571424
1336,Body Parts (1991),1,1.0,1.0,0.0,3.4122571428571424
1824,Homegrown (1998),1,1.0,1.0,0.0,3.4122571428571424
2417,Heartburn (1986),1,1.0,1.0,0.0,3.4122571428571424
2623,Trippin' (1999),1,1.0,1.0,0.0,3.4122571428571424
2775,Head On (1998),1,1.0,1.0,0.0,3.4122571428571424
4635,Pink Cadillac (1989),1,1.0,1.0,0.0,3.4122571428571424
6302,Beginning of the End (1957),1,1.0,1.0,0.0,3.4122571428571424
6347,Beat Street (1984),1,1.0,1.0,0.0,3.4122571428571424
27008,From Dusk Till Dawn 2: Texas Blood Money (1999) ,1,1.0,1.0,0.0,3.4122571428571424
55259,"Seeker: The Dark Is Rising, The (2007)",1,1.0,1.0,0.0,3.4122571428571424
64114,Fireproof (2008),1,1.0,1.0,0.0,3.4122571428571424
92427,Woman in Love (Rubbeldiekatz) (2011),1,1.0,1.0,0.0,3.4122571428571424
96121,Hope Springs (2012),1,1.0,1.0,0.0,3.4122571428571424
97194,"Thing: Terror Takes Shape, The (1998)",1,1.0,1.0,0.0,3.4122571428571424
117630,Double Trouble (1992),1,1.0,1.0,0.0,3.4122571428571424
160978,Hellevator (2004),1,1.0,1.0,0.0,3.4122571428571424
165635,The Thinning (2016),1,1.0,1.0,0.0,3.4122571428571424
2573,Tango (1998),1,1.0,1.0,0.0,3.4122571428571424
2835,Chill Factor (1999),1,1.0,1.0,0.0,3.4122571428571424
8447,This Island Earth (1955),1,1.0,1.0,0.0,3.4122571428571424
50806,Norbit (2007),1,1.0,1.0,0.0,3.4122571428571424
58287,Descent (2007),1,1.0,1.0,0.0,3.4122571428571424
190219,Bunny (1998),1,1.0,1.0,0.0,3.4122571428571424
190221,Hommage à Zgougou (et salut à Sabine Mamou) (2002),1,1.0,1.0,0.0,3.4122571428571424
470,House Party 3 (1994),1,1.0,1.0,0.0,3.4122571428571424
1163,Mina Tannenbaum (1994),1,1.0,1.0,0.0,3.4122571428571424
1426,Zeus and Roxanne (1997),1,1.0,1.0,0.0,3.4122571428571424
2164,Surf Nazis Must Die (1987),1,1.0,1.0,0.0,3.4122571428571424
2665,Earth vs. the Flying Saucers (1956),1,1.0,1.0,0.0,3.4122571428571424
2754,Deadtime Stories (1987),1,1.0,1.0,0.0,3.4122571428571424
2862,Caligula (1979),1,1.0,1.0,0.0,3.4122571428571424
3106,Come See the Paradise (1990),1,1.0,1.0,0.0,3.4122571428571424
3442,Band of the Hand (1986),1,1.0,1.0,0.0,3.4122571428571424
103171,Schlussmacher (2013),1,1.0,1.0,0.0,3.4122571428571424
103449,Passion (2012),1,1.0,1.0,0.0,3.4122571428571424
112326,Nick Fury: Agent of S.H.I.E.L.D. (1998),1,1.0,1.0,0.0,3.4122571428571424
114554,"Tale of Princess Kaguya, The (Kaguyahime no monogatari) (2013)",1,1.0,1.0,0.0,3.4122571428571424
122433,The Deadly Bees (1967),1,1.0,1.0,0.0,3.4122571428571424
127323,Vice (2015),1,1.0,1.0,0.0,3.4122571428571424
140852,964 Pinocchio (1991),1,1.0,1.0,0.0,3.4122571428571424
190213,John From (2015),1,1.0,1.0,0.0,3.4122571428571424
449,Fear of a Black Hat (1994),1,1.0,1.0,0.0,3.4122571428571424
1427,Turbulence (1997),1,1.0,1.0,0.0,3.4122571428571424
2538,Dancemaker (1998),1,1.0,1.0,0.0,3.4122571428571424
2651,Frankenstein Meets the Wolf Man (1943),1,1.0,1.0,0.0,3.4122571428571424
4932,Dressed to Kill (1980),1,1.0,1.0,0.0,3.4122571428571424
5884,Chopper Chicks in Zombietown (1989),1,1.0,1.0,0.0,3.4122571428571424
6574,Eve of Destruction (1991),1,1.0,1.0,0.0,3.4122571428571424
31553,Double Dragon (1994),1,1.0,1.0,0.0,3.4122571428571424
43419,Bandidas (2006),1,1.0,1.0,0.0,3.4122571428571424
69685,Daria: Is It College Yet? (2002),1,1.0,1.0,0.0,3.4122571428571424
74647,Motherhood (2009),1,1.0,1.0,0.0,3.4122571428571424
166526,The Space Between Us (2016),1,1.0,1.0,0.0,3.4122571428571424
168712,Fifty Shades Darker (2017),1,1.0,1.0,0.0,3.4122571428571424
169958,Buster's Mal Heart (2017),1,1.0,1.0,0.0,3.4122571428571424
189547,Iron Soldier (2010),1,1.0,1.0,0.0,3.4122571428571424
1574,Fall (1997),1,1.0,1.0,0.0,3.4122571428571424
2226,"Ring, The (1927)",1,1.0,1.0,0.0,3.4122571428571424
2516,Children of the Corn III (1994),1,1.0,1.0,0.0,3.4122571428571424
4204,Losin' It (1983),1,1.0,1.0,0.0,3.4122571428571424
5560,À nous la liberté (Freedom for Us) (1931),1,1.0,1.0,0.0,3.4122571428571424
6853,Campus Man (1987),1,1.0,1.0,0.0,3.4122571428571424
8840,Who's That Knocking at My Door? (1967),1,1.0,1.0,0.0,3.4122571428571424
32666,National Lampoon's Lady Killers (National Lampoon's Gold Diggers) (2003),1,1.0,1.0,0.0,3.4122571428571424
132462,Sword of Vengeance (2014),1,1.0,1.0,0.0,3.4122571428571424
157432,Precious Cargo (2016),1,1.0,1.0,0.0,3.4122571428571424
160569,Ice Age: Collision Course (2016),1,1.0,1.0,0.0,3.4122571428571424
170289,Species III (2004),1,1.0,1.0,0.0,3.4122571428571424
171631,Maria Bamford: Old Baby,1,1.0,1.0,0.0,3.4122571428571424
178,Love & Human Remains (1993),1,1.0,1.0,0.0,3.4122571428571424
698,Delta of Venus (1995),1,1.0,1.0,0.0,3.4122571428571424
2887,Simon Sez (1999),1,1.0,1.0,0.0,3.4122571428571424
3434,Death Wish 5: The Face of Death (1994),1,1.0,1.0,0.0,3.4122571428571424
4630,No Holds Barred (1989),1,1.0,1.0,0.0,3.4122571428571424
4675,Three Fugitives (1989),1,1.0,1.0,0.0,3.4122571428571424
5962,Body of Evidence (1993),1,1.0,1.0,0.0,3.4122571428571424
6424,Oscar (1991),1,1.0,1.0,0.0,3.4122571428571424
7986,Robot Jox (1990),1,1.0,1.0,0.0,3.4122571428571424
8383,Hope Springs (2003),1,1.0,1.0,0.0,3.4122571428571424
8934,Bebe's Kids (1992),1,1.0,1.0,0.0,3.4122571428571424
35347,Animal Farm (1954),1,1.0,1.0,0.0,3.4122571428571424
59295,Expelled: No Intelligence Allowed (2008),1,1.0,1.0,0.0,3.4122571428571424
71438,Still Walking (Aruitemo aruitemo) (2008),1,1.0,1.0,0.0,3.4122571428571424
72874,"Peacekeeper, The (1997)",1,1.0,1.0,0.0,3.4122571428571424
132335,Breathe (2014),1,1.0,1.0,0.0,3.4122571428571424
133545,Just Before I Go (2014),1,1.0,1.0,0.0,3.4122571428571424
161830,Body (2015),1,1.0,1.0,0.0,3.4122571428571424
162590,Bridget Jones's Baby (2016),1,1.0,1.0,0.0,3.4122571428571424
176579,Cage Dive (2017),1,1.0,1.0,0.0,3.4122571428571424
1335,Blood Beach (1981),1,1.0,1.0,0.0,3.4122571428571424
1519,Broken English (1996),1,1.0,1.0,0.0,3.4122571428571424
3276,Gun Shy (2000),1,1.0,1.0,0.0,3.4122571428571424
3433,Death Wish 4: The Crackdown (1987),1,1.0,1.0,0.0,3.4122571428571424
3574,Carnosaur 3: Primal Species (1996),1,1.0,1.0,0.0,3.4122571428571424
3667,Rent-A-Cop (1988),1,1.0,1.0,0.0,3.4122571428571424
3716,Fatal Beauty (1987),1,1.0,1.0,0.0,3.4122571428571424
4129,Made in Heaven (1987),1,1.0,1.0,0.0,3.4122571428571424
4522,Masquerade (1988),1,1.0,1.0,0.0,3.4122571428571424
5278,Fraternity Vacation (1985),1,1.0,1.0,0.0,3.4122571428571424
46865,Little Man (2006),1,1.0,1.0,0.0,3.4122571428571424
55061,Electroma (2006),1,1.0,1.0,0.0,3.4122571428571424
104760,Getaway (2013),1,1.0,1.0,0.0,3.4122571428571424
131934,The Malibu Bikini Shop (1986),1,1.0,1.0,0.0,3.4122571428571424
136664,Wild Horses (2015),1,1.0,1.0,0.0,3.4122571428571424
179491,Mayhem (2017),1,1.0,1.0,0.0,3.4122571428571424
2740,"Kindred, The (1986)",1,1.0,1.0,0.0,3.4122571428571424
2742,Ménage (Tenue de soirée) (1986),1,1.0,1.0,0.0,3.4122571428571424
2892,New Rose Hotel (1998),1,1.0,1.0,0.0,3.4122571428571424
2964,Julien Donkey-Boy (1999),1,1.0,1.0,0.0,3.4122571428571424
3043,Meatballs 4 (1992),1,1.0,1.0,0.0,3.4122571428571424
3899,Circus (2000),1,1.0,1.0,0.0,3.4122571428571424
3922,Bikini Beach (1964),1,1.0,1.0,0.0,3.4122571428571424
4786,"Legend of Hell House, The (1973)",1,1.0,1.0,0.0,3.4122571428571424
5591,Monkey Trouble (1994),1,1.0,1.0,0.0,3.4122571428571424
5863,Take This Job and Shove It (1981),1,1.0,1.0,0.0,3.4122571428571424
7282,"Hip Hop Witch, Da (2000)",1,1.0,1.0,0.0,3.4122571428571424
63393,Camp Rock (2008),1,1.0,1.0,0.0,3.4122571428571424
85399,"Big Mommas: Like Father, Like Son (2011)",1,1.0,1.0,0.0,3.4122571428571424
128592,The Boy Next Door (2015),1,1.0,1.0,0.0,3.4122571428571424
129657,Tracers (2015),1,1.0,1.0,0.0,3.4122571428571424
142602,"F*ck You, Goethe 2 (2015)",1,1.0,1.0,0.0,3.4122571428571424
161290,Vigilante Diaries (2016),1,1.0,1.0,0.0,3.4122571428571424
167538,Microwave Massacre (1983),1,1.0,1.0,0.0,3.4122571428571424
94777,Men in Black III (M.III.B.) (M.I.B.³) (2012),18,3.2777777777777777,3.5,0.8695819912499183,3.4120711111111106
647,Courage Under Fire (1996),29,3.3275862068965516,3.5,1.0362054621597738,3.411485714285714
5505,"Good Girl, The (2002)",12,3.2083333333333335,3.0,0.8528953954357799,3.4113641025641024
421,Black Beauty (1994),12,3.2083333333333335,3.0,0.5574620066774855,3.4113641025641024
1013,"Parent Trap, The (1961)",12,3.2083333333333335,3.0,0.8025566785107593,3.4113641025641024
8371,"Chronicles of Riddick, The (2004)",23,3.3043478260869565,3.5,0.963904316408494,3.410864
3107,Backdraft (1991),23,3.3043478260869565,3.5,1.0605487754478669,3.410864
330,Tales from the Hood (1995),6,3.0,3.0,0.5773502691896258,3.4104
1255,Bad Taste (1987),6,3.0,3.0,1.0408329997330663,3.4104
7101,Doc Hollywood (1991),6,3.0,2.5,0.5773502691896258,3.4104
6974,"Freshman, The (1990)",6,3.0,3.0,0.5,3.4104
8614,Overboard (1987),6,3.0,3.0,0.6454972243679028,3.4104
33145,"Lot Like Love, A (2005)",6,3.0,3.0,0.9574271077563381,3.4104
80860,Life as We Know It (2010),6,3.0,3.0,1.2909944487358058,3.4104
162606,The Accountant (2016),6,3.0,3.5,1.1180339887498947,3.4104
3993,Quills (2000),6,3.0,3.5,1.118033988749895,3.4104
4498,"Dead Pool, The (1988)",6,3.0,3.0,0.816496580927726,3.4104
7376,Walking Tall (2004),6,3.0,3.0,0.9574271077563381,3.4104
86293,Arthur (2011),6,3.0,3.0,0.7637626158259734,3.4104
90249,Real Steel (2011),6,3.0,3.5,1.0,3.4104
1004,"Glimmer Man, The (1996)",6,3.0,3.0,0.5773502691896257,3.4104
90522,Johnny English Reborn (2011),6,3.0,3.0,0.9574271077563381,3.4104
1334,"Blob, The (1958)",6,3.0,2.0,1.1547005383792515,3.4104
2093,Return to Oz (1985),6,3.0,3.0,0.6454972243679028,3.4104
2261,One Crazy Summer (1986),6,3.0,2.0,1.3228756555322954,3.4104
5016,"Shipping News, The (2001)",6,3.0,3.0,0.9574271077563381,3.4104
64231,Punisher: War Zone (2008),6,3.0,3.0,0.6454972243679029,3.4104
2023,"Godfather: Part III, The (1990)",45,3.3555555555555556,3.0,0.9867017010797031,3.4103222222222223
1464,Lost Highway (1997),17,3.264705882352941,3.5,1.2019303965707382,3.410072727272727
3633,On Her Majesty's Secret Service (1969),17,3.264705882352941,3.5,0.8930721441581752,3.410072727272727
68554,Angels & Demons (2009),17,3.264705882352941,3.5,0.9254195719148395,3.410072727272727
53996,Transformers (2007),39,3.3461538461538463,3.5,1.081036101735015,3.4097454545454546
103042,Man of Steel (2013),22,3.2954545454545454,3.0,0.7176206092657702,3.409044897959183
631,All Dogs Go to Heaven 2 (1996),11,3.1818181818181817,3.0,1.0061792555081208,3.4090315789473684
2346,"Stepford Wives, The (1975)",11,3.1818181818181817,3.0,0.683331653562405,3.4090315789473684
3261,Singles (1992),11,3.1818181818181817,3.5,0.9599414582701308,3.4090315789473684
2249,My Blue Heaven (1990),11,3.1818181818181817,3.0,1.02851895445316,3.4090315789473684
55282,30 Days of Night (2007),11,3.1818181818181817,3.0,0.6833316535624049,3.4090315789473684
106916,American Hustle (2013),16,3.25,3.5,1.0155048005794949,3.407981395348837
4351,Point Break (1991),16,3.25,3.0,0.8291561975888498,3.407981395348837
2985,RoboCop (1987),70,3.3714285714285714,3.5,0.9698516612853529,3.407661855670103
1130,"Howling, The (1980)",5,2.9,3.0,0.8,3.4076
4275,Krull (1983),5,2.9,3.0,0.66332495807108,3.4076
4474,Beaches (1988),5,2.9,3.0,1.0677078252031311,3.4076
6025,CB4 - The Movie (1993),5,2.9,3.5,1.2,3.4076
165549,Manchester by the Sea (2016),5,2.9,3.5,1.3928388277184118,3.4076
3557,Jennifer 8 (1992),5,2.9,3.0,0.66332495807108,3.4076
4509,"Great Outdoors, The (1988)",5,2.9,3.0,1.3190905958272918,3.4076
5993,Max (2002),5,2.9,3.0,0.66332495807108,3.4076
343,"Baby-Sitters Club, The (1995)",5,2.9,3.0,0.8,3.4076
1014,Pollyanna (1960),5,2.9,3.0,1.42828568570857,3.4076
4544,Short Circuit 2 (1988),5,2.9,3.0,0.8,3.4076
100163,Hansel & Gretel: Witch Hunters (2013),5,2.9,3.0,1.3190905958272918,3.4076
118900,Wild (2014),5,2.9,3.5,1.2409673645990855,3.4076
990,Maximum Risk (1996),5,2.9,3.0,1.2806248474865698,3.4076
1703,For Richer or Poorer (1997),5,2.9,3.0,0.8,3.4076
3525,Bachelor Party (1984),5,2.9,3.0,1.4966629547095764,3.4076
91323,"Sitter, The (2011)",5,2.9,3.0,1.0677078252031311,3.4076
39435,"Legend of Zorro, The (2005)",5,2.9,3.0,0.58309518948453,3.4076
85401,Super (2010),5,2.9,2.5,0.7348469228349535,3.4076
1016,"Shaggy Dog, The (1959)",5,2.9,3.0,0.4898979485566356,3.4076
95441,Ted (2012),21,3.2857142857142856,3.5,0.9583148474999098,3.4071499999999997
7325,Starsky & Hutch (2004),21,3.2857142857142856,3.0,0.7802842670559019,3.4071499999999997
832,Ransom (1996),37,3.3378378378378377,3.0,0.9008558547296734,3.406925
3489,Hook (1991),53,3.358490566037736,3.5,0.8815582178282013,3.40679
500,Mrs. Doubtfire (1993),144,3.388888888888889,3.5,0.9003171594801029,3.4066853801169588
55768,Bee Movie (2007),10,3.15,3.0,0.5024937810560445,3.4065729729729726
52458,Disturbia (2007),10,3.15,3.0,0.6726812023536856,3.4065729729729726
328,Tales from the Crypt Presents: Demon Knight (1995),10,3.15,2.5,1.1191514642799696,3.4065729729729726
40826,Rent (2005),10,3.15,3.0,0.6726812023536856,3.4065729729729726
1372,Star Trek VI: The Undiscovered Country (1991),42,3.3452380952380953,3.5,1.1416784596441416,3.406423188405797
2167,Blade (1998),58,3.3620689655172415,3.5,0.9275157004353631,3.4063905882352943
45499,X-Men: The Last Stand (2006),52,3.355769230769231,3.5,0.9524085786004428,3.4056101265822782
4545,Short Circuit (1986),20,3.275,3.0,0.9807522622966514,3.4051744680851064
4299,"Knight's Tale, A (2001)",41,3.341463414634146,3.5,1.014763125010474,3.4050470588235293
3534,28 Days (2000),25,3.3,3.0,0.8366600265340755,3.404676923076923
6953,21 Grams (2003),25,3.3,3.5,0.7999999999999998,3.404676923076923
87867,Zookeeper (2011),4,2.75,3.0,1.4361406616345072,3.40461935483871
113348,Teenage Mutant Ninja Turtles (2014),4,2.75,2.5,0.5590169943749475,3.40461935483871
1605,Excess Baggage (1997),4,2.75,2.0,0.82915619758885,3.40461935483871
5438,Men at Work (1990),4,2.75,3.0,0.4330127018922193,3.40461935483871
7448,Envy (2004),4,2.75,2.5,0.25,3.40461935483871
95307,Rock of Ages (2012),4,2.75,2.0,0.82915619758885,3.40461935483871
2043,Darby O'Gill and the Little People (1959),4,2.75,3.0,0.4330127018922193,3.40461935483871
4168,Get Over It (2001),4,2.75,2.0,0.82915619758885,3.40461935483871
7340,Just One of the Guys (1985),4,2.75,2.0,0.82915619758885,3.40461935483871
461,Go Fish (1994),4,2.75,3.0,1.0897247358851685,3.40461935483871
42013,"Ringer, The (2005)",4,2.75,3.0,0.75,3.40461935483871
1422,Murder at 1600 (1997),4,2.75,3.0,1.0897247358851685,3.40461935483871
2561,True Crime (1999),4,2.75,3.0,0.4330127018922193,3.40461935483871
8362,Raising Helen (2004),4,2.75,2.5,0.5590169943749475,3.40461935483871
7720,"Four Musketeers, The (1974)",4,2.75,3.0,1.346291201783626,3.40461935483871
132157,Paul Blart: Mall Cop 2 (2015),4,2.75,2.5,0.82915619758885,3.40461935483871
2264,We're No Angels (1989),4,2.75,3.0,0.4330127018922193,3.40461935483871
7258,"Perfect Score, The (2004)",4,2.75,3.0,0.7500000000000001,3.40461935483871
7450,Laws of Attraction (2004),4,2.75,2.5,1.25,3.40461935483871
73015,It's Complicated (2009),4,2.75,2.0,1.0307764064044151,3.40461935483871
185029,A Quiet Place (2018),4,2.75,1.5,1.5206906325745548,3.40461935483871
1573,Face/Off (1997),77,3.3701298701298703,3.5,1.0363603814680522,3.404261538461539
2706,American Pie (1999),103,3.378640776699029,3.5,1.0391978315482293,3.4041784615384616
8866,Wimbledon (2004),9,3.111111111111111,3.0,0.9654526220545981,3.4039777777777775
3249,"Hand That Rocks the Cradle, The (1992)",9,3.111111111111111,3.0,0.5665577237325317,3.4039777777777775
5146,Vampire Hunter D: Bloodlust (Banpaia hantâ D) (2000),9,3.111111111111111,3.5,1.048220125784067,3.4039777777777775
87529,Your Highness (2011),9,3.111111111111111,3.0,1.1493422703098446,3.4039777777777775
33646,"Longest Yard, The (2005)",9,3.111111111111111,3.0,0.6136311676215145,3.4039777777777775
6952,Gothika (2003),9,3.111111111111111,3.0,1.1493422703098446,3.4039777777777775
46948,Monster House (2006),9,3.111111111111111,3.5,1.048220125784067,3.4039777777777775
282,Nell (1994),40,3.3375,3.0,0.9245776062613673,3.4036298507462686
2193,Willow (1988),40,3.3375,3.5,1.0148121747397396,3.4036298507462686
6709,Once Upon a Time in Mexico (2003),14,3.2142857142857144,3.0,0.6185895741317419,3.4034926829268293
102123,This Is the End (2013),14,3.2142857142857144,3.0,1.0473484499010843,3.4034926829268293
5957,Two Weeks Notice (2002),19,3.263157894736842,3.5,0.8791206888678982,3.4031130434782613
3082,"World Is Not Enough, The (1999)",39,3.3333333333333335,3.5,1.0761596805863236,3.4021696969696973
2746,Little Shop of Horrors (1986),39,3.3333333333333335,3.5,0.7101221755962169,3.4021696969696973
1003,Extreme Measures (1996),3,2.5,2.0,0.7071067811865476,3.40144
4317,Love Potion #9 (1992),3,2.5,3.0,1.0801234497346435,3.40144
4733,"Curse of the Jade Scorpion, The (2001)",3,2.5,3.0,1.4719601443879744,3.40144
2540,"Corruptor, The (1999)",3,2.5,2.5,0.408248290463863,3.40144
50005,Curse of the Golden Flower (Man cheng jin dai huang jin jia) (2006),3,2.5,2.5,0.408248290463863,3.40144
96616,That's My Boy (2012),3,2.5,2.0,1.0801234497346435,3.40144
106873,Evangelion: 3.0 You Can (Not) Redo (2012),3,2.5,2.5,0.408248290463863,3.40144
118702,Unbroken (2014),3,2.5,2.5,0.408248290463863,3.40144
946,To Be or Not to Be (1942),3,2.5,3.0,1.4719601443879744,3.40144
1649,"Fast, Cheap & Out of Control (1997)",3,2.5,3.0,1.0801234497346435,3.40144
5076,"Adventures of Huck Finn, The (1993)",3,2.5,2.5,0.408248290463863,3.40144
5427,Caveman (1981),3,2.5,2.0,1.0801234497346435,3.40144
8959,Birth (2004),3,2.5,2.0,0.7071067811865476,3.40144
69606,Ghosts of Girlfriends Past (2009),3,2.5,2.5,0.816496580927726,3.40144
145839,Concussion (2015),3,2.5,2.5,0.816496580927726,3.40144
130450,Pan (2015),3,2.5,3.0,0.7071067811865476,3.40144
1647,Playing God (1997),3,2.5,2.5,0.408248290463863,3.40144
99106,"Guilt Trip, The (2012)",3,2.5,2.5,0.816496580927726,3.40144
104303,Jobs (2013),3,2.5,2.0,1.0801234497346435,3.40144
4757,Rock Star (2001),3,2.5,2.5,0.408248290463863,3.40144
3051,Anywhere But Here (1999),3,2.5,3.0,0.7071067811865476,3.40144
3563,"Crow: Salvation, The (2000)",3,2.5,2.5,0.408248290463863,3.40144
6022,American Me (1992),3,2.5,2.5,1.224744871391589,3.40144
48593,Man of the Year (2006),3,2.5,2.5,0.408248290463863,3.40144
136018,Black Mass (2015),3,2.5,2.5,0.408248290463863,3.40144
2534,Avalanche (1978),3,2.5,3.0,1.4719601443879744,3.40144
3837,Phantasm II (1988),3,2.5,1.5,1.7795130420052185,3.40144
4822,Max Keeble's Big Move (2001),3,2.5,2.5,0.408248290463863,3.40144
8815,Exorcist: The Beginning (2004),3,2.5,2.0,0.7071067811865476,3.40144
2103,Tall Tale (1995),3,2.5,2.0,1.0801234497346435,3.40144
8526,Around the World in 80 Days (2004),3,2.5,3.0,0.7071067811865476,3.40144
52283,"Reaping, The (2007)",3,2.5,2.5,0.408248290463863,3.40144
57532,Meet the Spartans (2008),3,2.5,3.5,1.4142135623730951,3.40144
148888,Zoolander 2 (2016),3,2.5,2.5,0.408248290463863,3.40144
71838,Law Abiding Citizen (2009),8,3.0625,3.0,0.6817945071647321,3.4012342857142857
1658,"Life Less Ordinary, A (1997)",8,3.0625,2.5,1.1575161985907585,3.4012342857142857
176101,Kingsman: The Golden Circle (2017),8,3.0625,3.0,0.9164298936634486,3.4012342857142857
57,Home for the Holidays (1995),8,3.0625,3.0,0.8076779989575052,3.4012342857142857
2322,Soldier (1998),8,3.0625,3.0,0.8076779989575054,3.4012342857142857
6266,What a Girl Wants (2003),8,3.0625,3.0,0.582961190818051,3.4012342857142857
62081,Eagle Eye (2008),8,3.0625,2.5,0.582961190818051,3.4012342857142857
2090,"Rescuers, The (1977)",13,3.1923076923076925,3.0,1.065877420042386,3.4010800000000003
3219,Pacific Heights (1990),13,3.1923076923076925,3.0,0.910166120476864,3.4010800000000003
45880,Marie Antoinette (2006),13,3.1923076923076925,3.0,0.931055264377708,3.4010800000000003
68791,Terminator Salvation (2009),18,3.25,3.5,0.6718548123582124,3.4009599999999995
105,"Bridges of Madison County, The (1995)",23,3.282608695652174,3.0,0.8317881073786517,3.4008640000000003
1047,"Long Kiss Goodnight, The (1996)",33,3.3181818181818183,3.0,0.8148078581665912,3.40072
2012,Back to the Future Part III (1990),88,3.3693181818181817,3.5,0.9154430068334843,3.400375652173913
8376,Napoleon Dynamite (2004),37,3.324324324324324,3.5,1.0856323118051314,3.3991124999999998
45,To Die For (1995),32,3.3125,3.0,0.8172935519138763,3.3990372881355935
3254,Wayne's World 2 (1993),27,3.2962962962962963,3.0,0.8306541293335483,3.398948148148148
94864,Prometheus (2012),27,3.2962962962962963,3.5,0.9931176057623645,3.398948148148148
2707,Arlington Road (1999),22,3.272727272727273,3.0,0.9381712472977407,3.3988408163265307
2662,"War of the Worlds, The (1953)",12,3.1666666666666665,3.0,0.8249579113843053,3.3985435897435896
3203,Dead Calm (1989),12,3.1666666666666665,3.0,0.8975274678557508,3.3985435897435896
537,Sirens (1994),12,3.1666666666666665,3.0,0.7993052538854533,3.3985435897435896
30816,"Phantom of the Opera, The (2004)",12,3.1666666666666665,3.0,0.9428090415820634,3.3985435897435896
901,Funny Face (1957),7,3.0,3.5,1.3887301496588271,3.398329411764706
1694,"Apostle, The (1997)",7,3.0,3.0,0.9258200997725514,3.398329411764706
42,Dead Presidents (1995),7,3.0,3.0,0.7559289460184544,3.398329411764706
450,With Honors (1994),7,3.0,3.0,0.7559289460184544,3.398329411764706
2492,20 Dates (1998),7,3.0,4.0,1.3093073414159542,3.398329411764706
33672,Lords of Dogtown (2005),7,3.0,3.0,1.0,3.398329411764706
47644,Invincible (2006),7,3.0,3.5,0.9258200997725514,3.398329411764706
2877,Tommy (1975),7,3.0,3.0,1.0690449676496976,3.398329411764706
39414,Shopgirl (2005),7,3.0,3.0,0.7559289460184544,3.398329411764706
58162,Run Fatboy Run (2007),7,3.0,3.5,0.8017837257372731,3.398329411764706
2741,No Mercy (1986),2,2.0,2.0,0.0,3.3980413793103446
2868,Fright Night Part II (1988),2,2.0,1.0,1.0,3.3980413793103446
3577,Two Moon Junction (1988),2,2.0,1.0,1.0,3.3980413793103446
40946,Sarah Silverman: Jesus Is Magic (2005),2,2.0,1.5,0.5,3.3980413793103446
59129,Outpost (2008),2,2.0,1.5,0.5,3.3980413793103446
110655,Rio 2 (2014),2,2.0,1.5,0.5,3.3980413793103446
1910,I Went Down (1997),2,2.0,2.0,0.0,3.3980413793103446
4780,Liam (2000),2,2.0,2.0,0.0,3.3980413793103446
6734,Memoirs of an Invisible Man (1992),2,2.0,2.0,0.0,3.3980413793103446
8035,"Stendhal Syndrome, The (Sindrome di Stendhal, La) (1996)",2,2.0,0.5,1.5,3.3980413793103446
9005,Fire in the Sky (1993),2,2.0,2.0,0.0,3.3980413793103446
33171,Mysterious Skin (2004),2,2.0,0.5,1.5,3.3980413793103446
1107,Loser (1991),2,2.0,0.5,1.5,3.3980413793103446
1495,Turbo: A Power Rangers Movie (1997),2,2.0,2.0,0.0,3.3980413793103446
1798,Hush (1998),2,2.0,1.0,1.0,3.3980413793103446
1887,Almost Heroes (1998),2,2.0,1.5,0.5,3.3980413793103446
2566,Doug's 1st Movie (1999),2,2.0,1.0,1.0,3.3980413793103446
2790,"Final Conflict, The (a.k.a. Omen III: The Final Conflict) (1981)",2,2.0,1.0,1.0,3.3980413793103446
4589,Eddie and the Cruisers (1983),2,2.0,1.0,1.0,3.3980413793103446
5755,Happy Birthday to Me (1981),2,2.0,2.0,0.0,3.3980413793103446
5925,"Beast Within, The (1982)",2,2.0,2.0,0.0,3.3980413793103446
31431,Boogeyman (2005),2,2.0,1.5,0.5,3.3980413793103446
50003,DOA: Dead or Alive (2006),2,2.0,1.0,1.0,3.3980413793103446
61729,Ghost Town (2008),2,2.0,0.5,1.5,3.3980413793103446
3660,Puppet Master (1989),2,2.0,1.0,1.0,3.3980413793103446
4909,"Incredible Shrinking Woman, The (1981)",2,2.0,2.0,0.0,3.3980413793103446
6314,Undercover Blues (1993),2,2.0,2.0,0.0,3.3980413793103446
7315,Against the Ropes (2004),2,2.0,2.0,0.0,3.3980413793103446
8521,Dr. Jekyll and Mr. Hyde (1931),2,2.0,0.5,1.5,3.3980413793103446
42018,Mrs. Henderson Presents (2005),2,2.0,0.5,1.5,3.3980413793103446
112497,Tammy (2014),2,2.0,1.0,1.0,3.3980413793103446
113345,Jupiter Ascending (2015),2,2.0,1.5,0.5,3.3980413793103446
128512,Paper Towns (2015),2,2.0,0.5,1.5,3.3980413793103446
4355,Youngblood (1986),2,2.0,2.0,0.0,3.3980413793103446
4714,Any Which Way You Can (1980),2,2.0,2.0,0.0,3.3980413793103446
4987,Spacehunter: Adventures in the Forbidden Zone (1983),2,2.0,1.0,1.0,3.3980413793103446
5258,George Washington (2000),2,2.0,2.0,0.0,3.3980413793103446
7883,I Walked with a Zombie (1943),2,2.0,0.5,1.5,3.3980413793103446
8121,"Seducing Doctor Lewis (Grande séduction, La) (2003)",2,2.0,1.0,1.0,3.3980413793103446
8482,"Picture of Dorian Gray, The (1945)",2,2.0,0.5,1.5,3.3980413793103446
44225,Aquamarine (2006),2,2.0,1.0,1.0,3.3980413793103446
1881,Quest for Camelot (1998),2,2.0,1.0,1.0,3.3980413793103446
2446,In Dreams (1999),2,2.0,2.0,0.0,3.3980413793103446
2733,Vibes (1988),2,2.0,2.0,0.0,3.3980413793103446
2878,Hell Night (1981),2,2.0,2.0,0.0,3.3980413793103446
152037,Grease Live (2016),2,2.0,1.0,1.0,3.3980413793103446
3597,Whipped (2000),2,2.0,1.0,1.0,3.3980413793103446
3879,"Art of War, The (2000)",2,2.0,1.0,1.0,3.3980413793103446
71248,Extract (2009),2,2.0,1.0,1.0,3.3980413793103446
103137,"Bling Ring, The (2013)",2,2.0,1.5,0.5,3.3980413793103446
106330,Last Vegas (2013),2,2.0,2.0,0.0,3.3980413793103446
109576,Welcome to the Jungle (2013),2,2.0,1.5,0.5,3.3980413793103446
144620,Goosebumps (2015),2,2.0,1.5,0.5,3.3980413793103446
3694,"Toxic Avenger, Part II, The (1989)",2,2.0,1.0,1.0,3.3980413793103446
4316,Ice Castles (1978),2,2.0,1.5,0.5,3.3980413793103446
5564,Swimfan (2002),2,2.0,0.5,1.5,3.3980413793103446
152079,London Has Fallen (2016),2,2.0,0.5,1.5,3.3980413793103446
703,Boys (1996),2,2.0,2.0,0.0,3.3980413793103446
3695,"Toxic Avenger Part III: The Last Temptation of Toxie, The (1989)",2,2.0,1.0,1.0,3.3980413793103446
3773,House Party (1990),2,2.0,1.0,1.0,3.3980413793103446
6464,Good Burger (1997),2,2.0,0.5,1.5,3.3980413793103446
50796,Blood and Chocolate (2007),2,2.0,2.0,0.0,3.3980413793103446
92264,One for the Money (2012),2,2.0,1.0,1.0,3.3980413793103446
108188,Jack Ryan: Shadow Recruit (2014),2,2.0,1.5,0.5,3.3980413793103446
802,Phenomenon (1996),46,3.3369565217391304,3.0,0.9092181772060075,3.3978520547945203
79592,"Other Guys, The (2010)",21,3.261904761904762,3.5,0.9589062174096318,3.396733333333333
2105,Tron (1982),50,3.34,3.0,0.6740919818541087,3.3966649350649347
3763,F/X (1986),16,3.21875,3.0,0.5854685623498498,3.396353488372093
36519,Transporter 2 (2005),16,3.21875,3.0,0.4990224819584785,3.396353488372093
2146,St. Elmo's Fire (1985),16,3.21875,3.0,0.9837547649185746,3.396353488372093
8965,"Polar Express, The (2004)",11,3.1363636363636362,3.0,1.0244934245076949,3.3958736842105264
1173,"Cook the Thief His Wife & Her Lover, The (1989)",11,3.1363636363636362,3.5,1.0890135046100855,3.3958736842105264
2822,Medicine Man (1992),11,3.1363636363636362,2.5,1.1096868741576094,3.3958736842105264
801,Harriet the Spy (1996),11,3.1363636363636362,3.0,0.8282212344676634,3.3958736842105264
2622,William Shakespeare's A Midsummer Night's Dream (1999),11,3.1363636363636362,3.0,0.6772574738977881,3.3958736842105264
3259,Far and Away (1992),11,3.1363636363636362,3.0,0.7413412013772768,3.3958736842105264
59258,Baby Mama (2008),11,3.1363636363636362,3.0,1.1299820813323684,3.3958736842105264
4036,Shadow of the Vampire (2000),11,3.1363636363636362,3.0,0.7713892158398701,3.3958736842105264
31433,"Wedding Date, The (2005)",11,3.1363636363636362,3.5,0.8813963377120598,3.3958736842105264
316,Stargate (1994),140,3.375,3.0,0.8411832652367053,3.3954682634730537
3176,"Talented Mr. Ripley, The (1999)",49,3.336734693877551,3.5,1.1129467921988556,3.3953052631578946
34332,Sky High (2005),6,2.9166666666666665,3.0,1.3359349618234497,3.395248484848485
37720,"Exorcism of Emily Rose, The (2005)",6,2.9166666666666665,3.0,0.731247032282677,3.395248484848485
91976,"Grey, The (2012)",6,2.9166666666666665,3.0,1.0960788698304922,3.395248484848485
40581,Just Friends (2005),6,2.9166666666666665,2.5,1.0573814617041266,3.395248484848485
51834,Becoming Jane (2007),6,2.9166666666666665,3.0,0.7312470322826768,3.395248484848485
110771,"Other Woman, The (2014)",6,2.9166666666666665,2.0,1.0172129679778088,3.395248484848485
4815,Hearts in Atlantis (2001),6,2.9166666666666665,3.0,0.9316949906249123,3.395248484848485
2497,Message in a Bottle (1999),6,2.9166666666666665,3.0,0.9316949906249123,3.395248484848485
2549,Wing Commander (1999),6,2.9166666666666665,3.0,0.6066758241067098,3.395248484848485
3519,Force 10 from Navarone (1978),6,2.9166666666666665,3.0,0.4487637339278754,3.395248484848485
6619,Uptown Girls (2003),6,2.9166666666666665,3.0,1.0960788698304922,3.395248484848485
103339,White House Down (2013),6,2.9166666666666665,3.0,1.0960788698304922,3.395248484848485
5941,Drumline (2002),6,2.9166666666666665,2.5,0.8374896350934075,3.395248484848485
79242,"Kids Are All Right, The (2010)",6,2.9166666666666665,3.0,0.9316949906249122,3.395248484848485
95543,Ice Age 4: Continental Drift (2012),6,2.9166666666666665,3.0,0.9316949906249125,3.395248484848485
1608,Air Force One (1997),58,3.3448275862068964,3.0,0.7144258398310573,3.394625882352941
4958,Behind Enemy Lines (2001),20,3.25,3.0,0.6800735254367721,3.394536170212766
5700,The Pumaman (1980),1,0.5,0.5,0.0,3.3943999999999996
8136,Indestructible Man (1956),1,0.5,0.5,0.0,3.3943999999999996
8236,While the City Sleeps (1956),1,0.5,0.5,0.0,3.3943999999999996
8772,"Spy Who Came in from the Cold, The (1965)",1,0.5,0.5,0.0,3.3943999999999996
27595,Jesus Christ Vampire Hunter (2001),1,0.5,0.5,0.0,3.3943999999999996
31422,Are We There Yet? (2005),1,0.5,0.5,0.0,3.3943999999999996
31692,Uncle Nino (2003),1,0.5,0.5,0.0,3.3943999999999996
61818,"Crow, The: Wicked Prayer (2005)",1,0.5,0.5,0.0,3.3943999999999996
95796,Anaconda: The Offspring (2008),1,0.5,0.5,0.0,3.3943999999999996
122246,Tooth Fairy 2 (2012),1,0.5,0.5,0.0,3.3943999999999996
136297,Mortal Kombat: The Journey Begins (1995),1,0.5,0.5,0.0,3.3943999999999996
151745,Reptilicus (1961),1,0.5,0.5,0.0,3.3943999999999996
4051,Horrors of Spider Island (Ein Toter Hing im Netz) (1960),1,0.5,0.5,0.0,3.3943999999999996
5356,"Giant Spider Invasion, The (1975)",1,0.5,0.5,0.0,3.3943999999999996
5771,My Bloody Valentine (1981),1,0.5,0.5,0.0,3.3943999999999996
7742,Baxter (1989),1,0.5,0.5,0.0,3.3943999999999996
8494,"Cincinnati Kid, The (1965)",1,0.5,0.5,0.0,3.3943999999999996
60363,Zombie Strippers! (2008),1,0.5,0.5,0.0,3.3943999999999996
77427,"Human Centipede, The (First Sequence) (2009)",1,0.5,0.5,0.0,3.3943999999999996
82095,Skyline (2010),1,0.5,0.5,0.0,3.3943999999999996
91414,Arthur Christmas (2011),1,0.5,0.5,0.0,3.3943999999999996
102749,Captain America II: Death Too Soon (1979),1,0.5,0.5,0.0,3.3943999999999996
135216,The Star Wars Holiday Special (1978),1,0.5,0.5,0.0,3.3943999999999996
141994,Saving Christmas (2014),1,0.5,0.5,0.0,3.3943999999999996
4371,Baby Boy (2001),1,0.5,0.5,0.0,3.3943999999999996
4750,3 Ninjas Knuckle Up (1995),1,0.5,0.5,0.0,3.3943999999999996
7312,"Follow Me, Boys! (1966)",1,0.5,0.5,0.0,3.3943999999999996
72424,Derailed (2002),1,0.5,0.5,0.0,3.3943999999999996
82684,Trash Humpers (2009),1,0.5,0.5,0.0,3.3943999999999996
97024,Rust and Bone (De rouille et d'os) (2012),1,0.5,0.5,0.0,3.3943999999999996
102735,Captain America (1979),1,0.5,0.5,0.0,3.3943999999999996
111785,Midnight Chronicles (2009),1,0.5,0.5,0.0,3.3943999999999996
138798,Joe Dirt 2: Beautiful Loser (2015),1,0.5,0.5,0.0,3.3943999999999996
167296,Iron Man (1931),1,0.5,0.5,0.0,3.3943999999999996
3604,Gypsy (1962),1,0.5,0.5,0.0,3.3943999999999996
6371,Pokémon Heroes (2003),1,0.5,0.5,0.0,3.3943999999999996
7636,Raising Cain (1992),1,0.5,0.5,0.0,3.3943999999999996
8632,Secret Society (2002),1,0.5,0.5,0.0,3.3943999999999996
26095,"Carabineers, The (Carabiniers, Les) (1963)",1,0.5,0.5,0.0,3.3943999999999996
31424,Alone in the Dark (2005),1,0.5,0.5,0.0,3.3943999999999996
92681,Journey 2: The Mysterious Island (2012),1,0.5,0.5,0.0,3.3943999999999996
104017,3 dev adam (Three Giant Men) (1973) ,1,0.5,0.5,0.0,3.3943999999999996
104644,Maria Bamford: The Special Special Special! (2012),1,0.5,0.5,0.0,3.3943999999999996
110773,"Haunted House 2, A (2014)",1,0.5,0.5,0.0,3.3943999999999996
122627,Oblivion 2: Backlash (1996),1,0.5,0.5,0.0,3.3943999999999996
122888,Ben-hur (2016),1,0.5,0.5,0.0,3.3943999999999996
137517,Carnival Magic (1981),1,0.5,0.5,0.0,3.3943999999999996
141668,War Room (2015),1,0.5,0.5,0.0,3.3943999999999996
145724,Idaho Transfer (1973),1,0.5,0.5,0.0,3.3943999999999996
173307,The Gracefield Incident (2015),1,0.5,0.5,0.0,3.3943999999999996
175475,The Emoji Movie (2017),1,0.5,0.5,0.0,3.3943999999999996
4775,Glitter (2001),1,0.5,0.5,0.0,3.3943999999999996
26696,Lionheart (1990),1,0.5,0.5,0.0,3.3943999999999996
44243,Leprechaun 4: In Space (1997),1,0.5,0.5,0.0,3.3943999999999996
53453,Starcrash (a.k.a. Star Crash) (1978),1,0.5,0.5,0.0,3.3943999999999996
72696,Old Dogs (2009),1,0.5,0.5,0.0,3.3943999999999996
83601,Amer (2009),1,0.5,0.5,0.0,3.3943999999999996
89386,Pearl Jam Twenty (2011),1,0.5,0.5,0.0,3.3943999999999996
110603,God's Not Dead (2014),1,0.5,0.5,0.0,3.3943999999999996
129250,Superfast! (2015),1,0.5,0.5,0.0,3.3943999999999996
6557,Born to Be Wild (1995),1,0.5,0.5,0.0,3.3943999999999996
26717,Begotten (1990),1,0.5,0.5,0.0,3.3943999999999996
109897,Son of God (2014),1,0.5,0.5,0.0,3.3943999999999996
134246,Survivor (2015),1,0.5,0.5,0.0,3.3943999999999996
54934,"Brothers Solomon, The (2007)",1,0.5,0.5,0.0,3.3943999999999996
57326,In the Name of the King: A Dungeon Siege Tale (2008),1,0.5,0.5,0.0,3.3943999999999996
107013,"Christmas Carol, A (1977)",1,0.5,0.5,0.0,3.3943999999999996
151687,Risen (2016),1,0.5,0.5,0.0,3.3943999999999996
157172,Wizards of the Lost Kingdom II (1989),1,0.5,0.5,0.0,3.3943999999999996
165645,Bad Santa 2 (2016),1,0.5,0.5,0.0,3.3943999999999996
8137,"Wasp Woman, The (1959)",1,0.5,0.5,0.0,3.3943999999999996
25782,Boudu Saved From Drowning (Boudu sauvé des eaux) (1932),1,0.5,0.5,0.0,3.3943999999999996
54274,I Know Who Killed Me (2007),1,0.5,0.5,0.0,3.3943999999999996
67799,The Butterfly Effect 3: Revelations (2009),1,0.5,0.5,0.0,3.3943999999999996
71810,Legionnaire (1998),1,0.5,0.5,0.0,3.3943999999999996
102025,Yongary: Monster from the Deep (1967),1,0.5,0.5,0.0,3.3943999999999996
145951,Bloodsport: The Dark Kumite (1999),1,0.5,0.5,0.0,3.3943999999999996
3933,"Killer Shrews, The (1959)",1,0.5,0.5,0.0,3.3943999999999996
5105,Don't Look Now (1973),1,0.5,0.5,0.0,3.3943999999999996
6514,Ring of Terror (1962),1,0.5,0.5,0.0,3.3943999999999996
6967,Dead of Night (1945),1,0.5,0.5,0.0,3.3943999999999996
7114,"Collector, The (1965)",1,0.5,0.5,0.0,3.3943999999999996
54768,Daddy Day Camp (2007),1,0.5,0.5,0.0,3.3943999999999996
65350,"General Died at Dawn, The (1936)",1,0.5,0.5,0.0,3.3943999999999996
76030,Case 39 (2009),1,0.5,0.5,0.0,3.3943999999999996
85334,Hard Ticket to Hawaii (1987),1,0.5,0.5,0.0,3.3943999999999996
86068,Films to Keep You Awake: The Christmas Tale (Películas para no dormir: Cuento de navidad) (2005),1,0.5,0.5,0.0,3.3943999999999996
125221,The Beast of Hollow Mountain (1956),1,0.5,0.5,0.0,3.3943999999999996
134528,Aloha (2015),1,0.5,0.5,0.0,3.3943999999999996
138186,Sorrow (2015),1,0.5,0.5,0.0,3.3943999999999996
144352,Unforgiven (2013),1,0.5,0.5,0.0,3.3943999999999996
152063,Gods of Egypt (2016),1,0.5,0.5,0.0,3.3943999999999996
160872,Satanic (2016),1,0.5,0.5,0.0,3.3943999999999996
184641,Fullmetal Alchemist 2018 (2017),1,0.5,0.5,0.0,3.3943999999999996
84772,Paul (2011),15,3.2,3.5,1.0456258094238748,3.393885714285714
3355,"Ninth Gate, The (1999)",15,3.2,3.5,1.0456258094238748,3.393885714285714
3450,Grumpy Old Men (1993),29,3.293103448275862,3.5,1.0868908629292748,3.3936285714285717
50794,Smokin' Aces (2006),10,3.1,3.0,0.8306623862918076,3.393059459459459
51084,Music and Lyrics (2007),10,3.1,3.5,0.9165151389911679,3.393059459459459
45668,"Lake House, The (2006)",10,3.1,3.0,1.1575836902790226,3.393059459459459
195,Something to Talk About (1995),10,3.1,3.0,1.2,3.393059459459459
68793,Night at the Museum: Battle of the Smithsonian (2009),10,3.1,3.0,0.9949874371066199,3.393059459459459
81537,Due Date (2010),10,3.1,3.5,0.9433981132056604,3.393059459459459
1883,Bulworth (1998),24,3.2708333333333335,3.0,1.241463909619965,3.3930039215686274
3704,Mad Max Beyond Thunderdome (1985),24,3.2708333333333335,3.0,0.8777239347058706,3.3930039215686274
783,"Hunchback of Notre Dame, The (1996)",47,3.3297872340425534,3.5,0.9183507172300951,3.3924756756756755
5388,Insomnia (2002),33,3.303030303030303,3.0,0.737927009811268,3.392386666666667
82461,Tron: Legacy (2010),19,3.236842105263158,3.5,0.8791206888678982,3.3922434782608697
4370,A.I. Artificial Intelligence (2001),56,3.3392857142857144,3.5,0.8665775398964949,3.3920867469879514
458,Geronimo: An American Legend (1993),5,2.8,3.0,0.4,3.391975
110127,Noah (2014),5,2.8,3.0,1.503329637837291,3.391975
1783,Palmetto (1998),5,2.8,3.0,0.9797958971132712,3.391975
5081,Birthday Girl (2001),5,2.8,3.0,0.7483314773547882,3.391975
118997,Into the Woods (2014),5,2.8,2.5,1.1224972160321824,3.391975
169984,Alien: Covenant (2017),5,2.8,2.5,0.812403840463596,3.391975
580,Princess Caraboo (1994),5,2.8,3.0,0.9797958971132713,3.391975
2263,"Seventh Sign, The (1988)",5,2.8,3.0,0.7483314773547882,3.391975
2429,Mighty Joe Young (1998),5,2.8,3.0,0.9797958971132712,3.391975
4915,"Beastmaster, The (1982)",5,2.8,2.0,1.16619037896906,3.391975
7649,Babylon 5: In the Beginning (1998),5,2.8,3.5,1.3638181696985856,3.391975
813,Larger Than Life (1996),5,2.8,3.0,0.7483314773547882,3.391975
78039,Blue Valentine (2010),5,2.8,3.5,1.2489995996796797,3.391975
190,Safe (1995),5,2.8,3.0,1.32664991614216,3.391975
453,For Love or Money (1993),5,2.8,3.0,0.7483314773547882,3.391975
48385,Borat: Cultural Learnings of America for Make Benefit Glorious Nation of Kazakhstan (2006),65,3.3461538461538463,3.5,1.133147681742787,3.3917739130434787
117529,Jurassic World (2015),23,3.260869565217391,3.5,0.8058153475152452,3.390864
543,So I Married an Axe Murderer (1993),41,3.317073170731707,3.5,1.0285918479980265,3.3903411764705877
1009,Escape to Witch Mountain (1975),9,3.0555555555555554,3.0,0.6849348892187752,3.3900888888888887
1010,"Love Bug, The (1969)",9,3.0555555555555554,3.0,0.6849348892187752,3.3900888888888887
2148,House (1986),9,3.0555555555555554,2.5,1.11665284679121,3.3900888888888887
69640,Public Enemies (2009),9,3.0555555555555554,3.0,0.8642416214502248,3.3900888888888887
1687,"Jackal, The (1997)",18,3.2222222222222223,3.0,1.0168336232068402,3.3898488888888885
2657,"Rocky Horror Picture Show, The (1975)",63,3.3412698412698414,3.0,1.10491469478021,3.389368888888889
216,Billy Madison (1995),49,3.326530612244898,3.0,1.0524559247553726,3.388726315789474
276,Milk Money (1994),22,3.25,3.0,0.7941547822570976,3.3886367346938773
1064,Aladdin and the King of Thieves (1996),13,3.1538461538461537,3.5,1.081036101735015,3.38858
3699,Starman (1984),13,3.1538461538461537,3.0,0.8854511102477952,3.38858
5891,I Spit on Your Grave (Day of the Woman) (1978),4,2.625,3.0,0.960143218483576,3.3884903225806453
80126,"American, The (2010)",4,2.625,2.5,1.3404756618454512,3.3884903225806453
1860,Character (Karakter) (1997),4,2.625,2.0,0.649519052838329,3.3884903225806453
2807,Universal Soldier: The Return (1999),4,2.625,2.0,1.6345871038277526,3.3884903225806453
5988,Quicksilver (1986),4,2.625,2.5,0.4145780987944249,3.3884903225806453
6643,Tokyo Story (Tôkyô monogatari) (1953),4,2.625,2.5,1.340475661845451,3.3884903225806453
4221,Necessary Roughness (1991),4,2.625,2.5,0.4145780987944249,3.3884903225806453
4697,Basket Case (1982),4,2.625,2.0,0.9601432184835761,3.3884903225806453
109483,That Awkward Moment (2014),4,2.625,2.0,0.649519052838329,3.3884903225806453
93831,American Reunion (American Pie 4) (2012),4,2.625,1.5,1.1388041973930374,3.3884903225806453
4898,Novocaine (2001),4,2.625,2.5,0.21650635094610962,3.3884903225806453
67695,Observe and Report (2009),4,2.625,2.0,1.6345871038277524,3.3884903225806453
3786,But I'm a Cheerleader (1999),4,2.625,2.0,1.192424001771182,3.3884903225806453
6308,Legal Eagles (1986),4,2.625,2.0,0.8196798155377502,3.3884903225806453
160954,Nerve (2016),4,2.625,3.0,0.649519052838329,3.3884903225806453
3937,Runaway (1984),4,2.625,2.0,0.960143218483576,3.3884903225806453
93766,Wrath of the Titans (2012),4,2.625,2.0,0.960143218483576,3.3884903225806453
2427,"Thin Red Line, The (1998)",35,3.3,3.5,1.3948886284267592,3.387793548387097
4992,Kate & Leopold (2001),17,3.2058823529411766,3.5,1.0298318470595056,3.3873454545454544
3466,Heart and Souls (1993),8,3.0,3.0,1.14564392373896,3.3869485714285714
27788,"Jacket, The (2005)",8,3.0,3.0,0.9354143466934853,3.3869485714285714
5009,Ali (2001),8,3.0,2.5,0.6123724356957946,3.3869485714285714
1425,Fierce Creatures (1997),8,3.0,3.0,0.4330127018922193,3.3869485714285714
2560,Ravenous (1999),8,3.0,3.0,0.9013878188659974,3.3869485714285714
782,"Fan, The (1996)",8,3.0,2.5,0.9682458365518543,3.3869485714285714
1414,Mother (1996),8,3.0,3.0,0.8660254037844386,3.3869485714285714
2269,Indecent Proposal (1993),8,3.0,3.0,0.9682458365518543,3.3869485714285714
3706,Angel Heart (1987),8,3.0,3.0,1.224744871391589,3.3869485714285714
5553,Stakeout (1987),8,3.0,3.0,0.7071067811865475,3.3869485714285714
6365,"Matrix Reloaded, The (2003)",96,3.3541666666666665,3.5,0.9971748286478599,3.386530081300813
85510,Sucker Punch (2011),12,3.125,3.5,0.7107800878846657,3.385723076923077
4121,Innerspace (1987),12,3.125,3.0,0.81967981553775,3.385723076923077
1885,"Opposite of Sex, The (1998)",12,3.125,3.0,1.0825317547305484,3.385723076923077
179819,Star Wars: The Last Jedi (2017),12,3.125,3.5,1.4877975892797604,3.385723076923077
8529,"Terminal, The (2004)",47,3.3191489361702127,3.5,0.9477045723965996,3.3857189189189185
2102,Steamboat Willie (1928),3,2.3333333333333335,2.0,1.247219128924647,3.3847733333333334
6558,Curly Sue (1991),3,2.3333333333333335,2.0,0.8498365855987975,3.3847733333333334
8835,Paparazzi (2004),3,2.3333333333333335,3.0,0.9428090415820634,3.3847733333333334
170875,The Fate of the Furious (2017),3,2.3333333333333335,3.0,0.9428090415820634,3.3847733333333334
528,"Scout, The (1994)",3,2.3333333333333335,2.0,0.4714045207910317,3.3847733333333334
74916,Greenberg (2010),3,2.3333333333333335,2.5,0.23570226039551584,3.3847733333333334
94018,Battleship (2012),3,2.3333333333333335,2.0,1.247219128924647,3.3847733333333334
1601,Hoodlum (1997),3,2.3333333333333335,2.0,0.4714045207910317,3.3847733333333334
1791,Twilight (1998),3,2.3333333333333335,2.0,0.4714045207910317,3.3847733333333334
6800,Cobra (1986),3,2.3333333333333335,2.0,0.8498365855987975,3.3847733333333334
32298,Guess Who (2005),3,2.3333333333333335,2.5,0.6236095644623235,3.3847733333333334
61350,Babylon A.D. (2008),3,2.3333333333333335,3.0,1.3123346456686351,3.3847733333333334
5696,Urban Cowboy (1980),3,2.3333333333333335,2.0,0.4714045207910317,3.3847733333333334
57951,Fool's Gold (2008),3,2.3333333333333335,3.0,1.3123346456686351,3.3847733333333334
116977,Dumb and Dumber To (2014),3,2.3333333333333335,2.5,0.6236095644623235,3.3847733333333334
1606,Kull the Conqueror (1997),3,2.3333333333333335,2.0,1.247219128924647,3.3847733333333334
2038,"Cat from Outer Space, The (1978)",3,2.3333333333333335,3.0,0.9428090415820634,3.3847733333333334
2051,Herbie Goes to Monte Carlo (1977),3,2.3333333333333335,2.0,1.247219128924647,3.3847733333333334
3064,Poison Ivy: New Seduction (1997),3,2.3333333333333335,2.0,0.4714045207910317,3.3847733333333334
4520,License to Drive (1988),3,2.3333333333333335,2.5,0.23570226039551584,3.3847733333333334
103801,Drinking Buddies (2013),3,2.3333333333333335,3.0,1.3123346456686351,3.3847733333333334
54,"Big Green, The (1995)",3,2.3333333333333335,2.0,1.247219128924647,3.3847733333333334
1351,Blood and Wine (Blood & Wine) (1996),3,2.3333333333333335,2.0,0.4714045207910317,3.3847733333333334
2347,"Pope of Greenwich Village, The (1984)",3,2.3333333333333335,3.0,0.9428090415820634,3.3847733333333334
4636,"Punisher, The (1989)",3,2.3333333333333335,2.0,0.4714045207910317,3.3847733333333334
6582,Remo Williams: The Adventure Begins (1985),3,2.3333333333333335,2.0,0.8498365855987975,3.3847733333333334
55553,Black Sheep (2006),3,2.3333333333333335,3.0,0.9428090415820634,3.3847733333333334
4476,Big Business (1988),3,2.3333333333333335,2.0,1.247219128924647,3.3847733333333334
6850,Leap of Faith (1992),3,2.3333333333333335,2.0,0.4714045207910317,3.3847733333333334
8948,Alfie (2004),3,2.3333333333333335,2.0,0.4714045207910317,3.3847733333333334
228,Destiny Turns on the Radio (1995),3,2.3333333333333335,3.0,0.9428090415820634,3.3847733333333334
1599,Steel (1997),3,2.3333333333333335,3.0,0.9428090415820634,3.3847733333333334
52712,"Invisible, The (2007)",3,2.3333333333333335,3.0,1.3123346456686351,3.3847733333333334
291,Poison Ivy II (1996),3,2.3333333333333335,2.0,0.4714045207910317,3.3847733333333334
2385,Home Fries (1998),3,2.3333333333333335,2.0,0.4714045207910317,3.3847733333333334
3206,Against All Odds (1984),3,2.3333333333333335,2.0,0.4714045207910317,3.3847733333333334
3544,Shakes the Clown (1992),3,2.3333333333333335,3.0,0.9428090415820634,3.3847733333333334
5523,"Adventures of Pluto Nash, The (2002)",3,2.3333333333333335,2.5,0.23570226039551584,3.3847733333333334
53974,License to Wed (2007),3,2.3333333333333335,3.0,0.9428090415820634,3.3847733333333334
3791,Footloose (1984),16,3.1875,3.0,0.9333240326917549,3.3847255813953487
6155,How to Lose a Guy in 10 Days (2003),29,3.2758620689655173,3.0,1.0470501000475156,3.3847
6484,Hollywood Homicide (2003),7,2.9285714285714284,3.0,0.41649656391752143,3.3836235294117647
1866,"Big Hit, The (1998)",7,2.9285714285714284,3.0,1.4498416521560313,3.3836235294117647
274,Man of the House (1995),7,2.9285714285714284,3.0,1.1473127431577865,3.3836235294117647
531,"Secret Garden, The (1993)",24,3.25,3.0,0.8897565210026093,3.3831999999999995
56941,P.S. I Love You (2007),11,3.090909090909091,3.5,1.1642044068059725,3.3827157894736843
1483,Crash (1996),11,3.090909090909091,3.5,1.443137078762504,3.3827157894736843
93363,John Carter (2012),11,3.090909090909091,3.5,0.9491187735373227,3.3827157894736843
709,Oliver & Company (1988),11,3.090909090909091,3.0,0.8207031856939905,3.3827157894736843
135887,Minions (2015),15,3.1666666666666665,3.5,1.233783701554783,3.3819809523809523
6156,Shanghai Knights (2003),19,3.210526315789474,3.0,0.7129587991654771,3.3813739130434786
6218,Bend It Like Beckham (2002),40,3.3,3.5,1.0476163419878481,3.3812417910447756
46972,Night at the Museum (2006),23,3.239130434782609,3.0,0.8706514954130775,3.3808640000000003
2515,Children of the Corn II: The Final Sacrifice (1993),2,1.75,1.5,0.25,3.3808
89190,Conan the Barbarian (2011),2,1.75,0.5,1.25,3.3808
104074,Percy Jackson: Sea of Monsters (2013),2,1.75,0.5,1.25,3.3808
109864,Veronica Mars (2014),2,1.75,1.5,0.25,3.3808
1642,Indian Summer (a.k.a. Alive & Kicking) (1996),2,1.75,1.5,0.25,3.3808
2154,How Stella Got Her Groove Back (1998),2,1.75,1.5,0.25,3.3808
8912,Taxi (2004),2,1.75,1.5,0.25,3.3808
43932,Pulse (2006),2,1.75,1.5,0.25,3.3808
5361,White Fang (1991),2,1.75,1.5,0.25,3.3808
8943,Being Julia (2004),2,1.75,1.0,0.75,3.3808
1624,"Thousand Acres, A (1997)",2,1.75,1.0,0.75,3.3808
4629,Next of Kin (1989),2,1.75,1.5,0.25,3.3808
5735,Faces of Death (1978),2,1.75,1.5,0.25,3.3808
5880,Extreme Ops (2002),2,1.75,1.5,0.25,3.3808
867,Carpool (1996),2,1.75,0.5,1.25,3.3808
4517,Lady in White (a.k.a. The Mystery of the Lady in White) (1988),2,1.75,0.5,1.25,3.3808
5597,Suburban Commando (1991),2,1.75,1.0,0.75,3.3808
8830,Anacondas: The Hunt for the Blood Orchid (2004),2,1.75,1.5,0.25,3.3808
5346,Wild Orchid (1990),2,1.75,1.0,0.75,3.3808
6013,Kangaroo Jack (2003),2,1.75,1.0,0.75,3.3808
87413,Bernie (1996),2,1.75,0.5,1.25,3.3808
132424,The Longest Ride (2015),2,1.75,1.0,0.75,3.3808
2586,Goodbye Lover (1999),2,1.75,0.5,1.25,3.3808
27685,Bring It On Again (2004),2,1.75,1.5,0.25,3.3808
33681,"Adventures of Sharkboy and Lavagirl 3-D, The (2005)",2,1.75,1.0,0.75,3.3808
1593,Picture Perfect (1997),6,2.8333333333333335,2.0,0.8975274678557507,3.38009696969697
48520,Employee of the Month (2006),6,2.8333333333333335,2.5,0.6236095644623235,3.38009696969697
2430,Mighty Joe Young (1949),6,2.8333333333333335,3.0,0.6871842709362768,3.38009696969697
4564,Always (1989),6,2.8333333333333335,2.0,1.0671873729054748,3.38009696969697
94780,Snow White and the Huntsman (2012),6,2.8333333333333335,2.5,0.5527707983925666,3.38009696969697
5942,"Hot Chick, The (2002)",6,2.8333333333333335,2.5,0.6236095644623235,3.38009696969697
1126,Drop Dead Fred (1991),6,2.8333333333333335,2.0,1.1785113019775793,3.38009696969697
6322,Confidence (2003),6,2.8333333333333335,2.0,1.2133516482134197,3.38009696969697
62113,How to Lose Friends & Alienate People (2008),6,2.8333333333333335,3.0,1.2133516482134197,3.38009696969697
130490,Insurgent (2015),6,2.8333333333333335,3.0,1.3743685418725535,3.38009696969697
139642,Southpaw (2015),6,2.8333333333333335,3.0,1.247219128924647,3.38009696969697
132,Jade (1995),6,2.8333333333333335,3.0,0.6871842709362768,3.38009696969697
851,Basquiat (1996),6,2.8333333333333335,3.0,1.0274023338281628,3.38009696969697
3841,Air America (1990),6,2.8333333333333335,2.5,1.1055415967851332,3.38009696969697
8531,White Chicks (2004),6,2.8333333333333335,2.5,0.6871842709362768,3.38009696969697
3708,Firestarter (1984),10,3.05,3.0,0.788986691902975,3.379545945945946
32029,Hostage (2005),10,3.05,3.0,0.5220153254455274,3.379545945945946
86644,"Fast Five (Fast and the Furious 5, The) (2011)",10,3.05,3.5,1.2737739202856997,3.379545945945946
2518,Night Shift (1982),10,3.05,3.0,0.9604686356149273,3.379545945945946
711,Flipper (1996),10,3.05,3.0,0.9604686356149273,3.379545945945946
6058,Final Destination 2 (2003),10,3.05,3.0,0.5220153254455275,3.379545945945946
65230,Marley & Me (2008),14,3.142857142857143,3.5,1.1088696211614302,3.3791024390243902
2124,"Addams Family, The (1991)",38,3.289473684210526,3.0,0.8857911936687807,3.377587692307692
6686,"Medallion, The (2003)",5,2.7,3.0,1.5362291495737217,3.37635
87483,Mr. Popper's Penguins (2011),5,2.7,2.0,0.9797958971132712,3.37635
95449,Magic Mike (2012),5,2.7,2.5,0.9273618495495703,3.37635
120635,Taken 3 (2015),5,2.7,2.0,1.7204650534085253,3.37635
27822,Open Water (2003),5,2.7,3.0,1.4696938456699071,3.37635
54648,Rush Hour 3 (2007),5,2.7,2.0,1.503329637837291,3.37635
1306,Until the End of the World (Bis ans Ende der Welt) (1991),5,2.7,3.0,1.0770329614269007,3.37635
8266,Purple Rain (1984),5,2.7,2.5,0.7483314773547881,3.37635
2084,Newsies (1992),5,2.7,2.0,1.1224972160321824,3.37635
7845,Tremors II: Aftershocks (1996),5,2.7,3.0,1.0770329614269007,3.37635
697,Feeling Minnesota (1996),5,2.7,3.0,0.6,3.37635
2320,Apt Pupil (1998),9,3.0,3.0,0.74535599249993,3.3762
2236,Simon Birch (1998),9,3.0,3.0,0.9428090415820634,3.3762
83613,Cowboys & Aliens (2011),9,3.0,3.0,0.7817359599705717,3.3762
95720,"Watch, The (2012)",9,3.0,3.0,0.97182531580755,3.3762
43936,16 Blocks (2006),9,3.0,3.0,0.47140452079103173,3.3762
2262,About Last Night... (1986),9,3.0,3.0,0.4714045207910318,3.3762
2747,"Little Shop of Horrors, The (1960)",9,3.0,3.0,0.6666666666666666,3.3762
2325,Orgazmo (1997),13,3.1153846153846154,3.5,1.1627858813716132,3.37608
3701,Alien Nation (1988),13,3.1153846153846154,3.0,1.1120640226769969,3.37608
1620,Kiss the Girls (1997),13,3.1153846153846154,3.0,1.1792084397504532,3.37608
1135,Private Benjamin (1980),13,3.1153846153846154,3.0,0.5600084530215783,3.37608
3483,"Road to El Dorado, The (2000)",13,3.1153846153846154,3.5,0.9638433912416667,3.37608
248,Houseguest (1994),17,3.176470588235294,3.0,0.9692504148990636,3.3759818181818178
2072,"'burbs, The (1989)",17,3.176470588235294,3.5,1.1997692973159493,3.3759818181818178
351,"Corrina, Corrina (1994)",17,3.176470588235294,3.0,0.8734848473480882,3.3759818181818178
2376,"View to a Kill, A (1985)",21,3.2142857142857144,3.0,0.8390957231764807,3.3758999999999997
342,Muriel's Wedding (1994),33,3.272727272727273,3.5,1.0231480615838868,3.3757200000000003
837,Matilda (1996),33,3.272727272727273,3.5,0.9136250564655354,3.3757200000000003
5810,8 Mile (2002),41,3.292682926829268,3.5,1.023954611204065,3.3756352941176466
1676,Starship Troopers (1997),80,3.33125,3.5,1.0866915098131578,3.3742355140186913
198,Strange Days (1995),28,3.25,3.0,0.9112393444409339,3.373512727272727
46970,Talladega Nights: The Ballad of Ricky Bobby (2006),28,3.25,3.0,0.8711650655464622,3.373512727272727
86880,Pirates of the Caribbean: On Stranger Tides (2011),24,3.2291666666666665,3.5,1.07023329492011,3.373396078431372
2528,Logan's Run (1976),24,3.2291666666666665,3.0,0.7213870705491995,3.373396078431372
88,Black Sheep (1996),16,3.15625,3.0,1.1418016191528193,3.373097674418605
382,Wolf (1994),16,3.15625,3.0,0.9955957701296244,3.373097674418605
1457,Fools Rush In (1997),12,3.0833333333333335,3.0,1.0172129679778086,3.372902564102564
558,"Pagemaster, The (1994)",8,2.9375,3.0,0.7261843774138906,3.372662857142857
1011,Herbie Rides Again (1974),8,2.9375,3.0,1.2854352375751958,3.372662857142857
7366,Jersey Girl (2004),8,2.9375,3.0,0.9164298936634486,3.372662857142857
32598,Fever Pitch (2005),8,2.9375,3.0,1.0135796712641785,3.372662857142857
50912,"Paris, I Love You (Paris, je t'aime) (2006)",8,2.9375,2.5,0.6343057228182638,3.372662857142857
68205,Crank: High Voltage (2009),8,2.9375,3.0,1.0439558180306292,3.372662857142857
3943,Bamboozled (2000),8,2.9375,3.0,1.102199505534275,3.372662857142857
2668,Swamp Thing (1982),8,2.9375,3.0,0.6817945071647322,3.372662857142857
3614,Honeymoon in Vegas (1992),8,2.9375,3.0,0.8076779989575054,3.372662857142857
4010,Brewster's Millions (1985),8,2.9375,3.0,0.6343057228182638,3.372662857142857
4141,Head Over Heels (2001),4,2.5,2.5,0.6123724356957946,3.372361290322581
5099,Heidi (1937),4,2.5,3.0,0.8660254037844386,3.372361290322581
5843,Toy Soldiers (1991),4,2.5,2.0,0.7905694150420949,3.372361290322581
7228,Cool World (1992),4,2.5,2.0,0.49999999999999994,3.372361290322581
5668,White Oleander (2002),4,2.5,2.0,1.3693063937629153,3.372361290322581
74154,When in Rome (2010),4,2.5,2.0,1.118033988749895,3.372361290322581
1752,Hard Rain (1998),4,2.5,2.0,0.49999999999999994,3.372361290322581
3497,Max Dugan Returns (1983),4,2.5,2.0,0.49999999999999994,3.372361290322581
5102,Rookie of the Year (1993),4,2.5,3.0,0.8660254037844386,3.372361290322581
6220,Willard (2003),4,2.5,2.0,1.118033988749895,3.372361290322581
6625,Camp Nowhere (1994),4,2.5,2.5,1.0606601717798212,3.372361290322581
94266,"Five-Year Engagement, The (2012)",4,2.5,2.5,1.224744871391589,3.372361290322581
2166,Return to Paradise (1998),4,2.5,3.0,0.8660254037844386,3.372361290322581
4012,Punchline (1988),4,2.5,2.0,0.49999999999999994,3.372361290322581
5214,"Oh, God! (1977)",4,2.5,2.0,1.118033988749895,3.372361290322581
33499,Monster-in-Law (2005),4,2.5,2.5,0.3535533905932738,3.372361290322581
4063,Prelude to a Kiss (1992),4,2.5,2.0,0.8660254037844386,3.372361290322581
487,Lightning Jack (1994),4,2.5,2.0,1.4999999999999998,3.372361290322581
2902,Psycho II (1983),4,2.5,2.0,0.49999999999999994,3.372361290322581
6559,Little Giants (1994),4,2.5,2.0,0.7905694150420949,3.372361290322581
7102,Dragnet (1987),4,2.5,2.5,0.6123724356957945,3.372361290322581
105037,"To Do List, The (2013)",4,2.5,2.0,0.6123724356957945,3.372361290322581
4293,Summer Rental (1985),4,2.5,2.0,1.118033988749895,3.372361290322581
6012,"Guy Thing, A (2003)",4,2.5,2.0,0.49999999999999994,3.372361290322581
1598,Desperate Measures (1998),4,2.5,2.0,0.49999999999999994,3.372361290322581
101577,"Host, The (2013)",4,2.5,1.0,1.8371173070873836,3.372361290322581
184471,Tomb Raider (2018),4,2.5,3.0,1.1726039399558574,3.372361290322581
8984,Ocean's Twelve (2004),43,3.2906976744186047,3.5,1.018620579677943,3.372045714285715
3809,What About Bob? (1991),35,3.2714285714285714,3.0,0.8971610553204333,3.3716645161290324
1587,Conan the Barbarian (1982),31,3.2580645161290325,3.0,1.2039650068723564,3.3714344827586205
44022,Ice Age 2: The Meltdown (2006),23,3.217391304347826,3.5,0.8317881073786517,3.370864
2792,Airplane II: The Sequel (1982),19,3.1842105263157894,3.0,1.172160918490531,3.3705043478260874
7317,EuroTrip (2004),15,3.1333333333333333,3.0,1.132352516764202,3.3700761904761904
5541,Hot Shots! (1991),15,3.1333333333333333,3.0,0.6944222218666553,3.3700761904761904
2116,"Lord of the Rings, The (1978)",15,3.1333333333333333,3.0,1.1175369742826804,3.3700761904761904
48877,Saw III (2006),11,3.0454545454545454,3.0,1.1372723639269822,3.3695578947368423
2433,"Civil Action, A (1998)",11,3.0454545454545454,3.0,0.6199173498629934,3.3695578947368423
95510,"Amazing Spider-Man, The (2012)",30,3.25,3.5,1.181453906563152,3.369178947368421
8860,Cellular (2004),7,2.857142857142857,3.0,0.8329931278350429,3.3689176470588236
3308,"Flamingo Kid, The (1984)",7,2.857142857142857,3.0,1.2453996981544782,3.3689176470588236
5568,Johnny Dangerously (1984),7,2.857142857142857,2.5,0.8748177652797064,3.3689176470588236
3197,"Presidio, The (1988)",7,2.857142857142857,3.0,0.6388765649999398,3.3689176470588236
43836,"Pink Panther, The (2006)",7,2.857142857142857,3.0,0.8329931278350428,3.3689176470588236
2040,"Computer Wore Tennis Shoes, The (1969)",7,2.857142857142857,3.0,0.6388765649999398,3.3689176470588236
3387,Who's Harry Crumb? (1989),7,2.857142857142857,2.0,0.989743318610787,3.3689176470588236
5312,Murder by Numbers (2002),7,2.857142857142857,3.0,0.5802884574739972,3.3689176470588236
468,"Englishman Who Went Up a Hill But Came Down a Mountain, The (1995)",22,3.2045454545454546,3.0,0.8210178121903837,3.3682285714285713
2245,Working Girl (1988),22,3.2045454545454546,3.0,0.7783883540701686,3.3682285714285713
6319,"My Father the Hero (Mon père, ce héros.) (1991)",3,2.1666666666666665,2.5,0.8498365855987975,3.368106666666667
8799,Little Black Book (2004),3,2.1666666666666665,2.0,0.6236095644623235,3.368106666666667
73106,American Pie Presents: The Book of Love (American Pie 7: The Book of Love) (2009),3,2.1666666666666665,2.0,0.6236095644623235,3.368106666666667
1439,Meet Wally Sparks (1997),3,2.1666666666666665,2.5,0.8498365855987975,3.368106666666667
4024,"House of Mirth, The (2000)",3,2.1666666666666665,2.5,0.8498365855987975,3.368106666666667
79879,Piranha (Piranha 3D) (2010),3,2.1666666666666665,3.0,1.1785113019775793,3.368106666666667
129937,Run All Night (2015),3,2.1666666666666665,2.0,0.6236095644623235,3.368106666666667
1581,Out to Sea (1997),3,2.1666666666666665,2.0,0.6236095644623235,3.368106666666667
2520,Airport (1970),3,2.1666666666666665,2.5,0.8498365855987975,3.368106666666667
3423,School Daze (1988),3,2.1666666666666665,2.0,0.6236095644623235,3.368106666666667
1984,Halloween III: Season of the Witch (1982),3,2.1666666666666665,2.0,0.23570226039551584,3.368106666666667
2363,Godzilla (Gojira) (1954),3,2.1666666666666665,2.5,0.8498365855987975,3.368106666666667
2453,"Boy Who Could Fly, The (1986)",3,2.1666666666666665,2.0,0.6236095644623235,3.368106666666667
7261,Barbershop 2: Back in Business (2004),3,2.1666666666666665,2.0,1.0274023338281628,3.368106666666667
1551,Buddy (1997),3,2.1666666666666665,2.0,0.6236095644623235,3.368106666666667
27728,Ghost in the Shell 2: Innocence (a.k.a. Innocence) (Inosensu) (2004),3,2.1666666666666665,3.0,1.1785113019775793,3.368106666666667
62394,Max Payne (2008),3,2.1666666666666665,2.0,0.23570226039551584,3.368106666666667
114818,Stretch (2014),3,2.1666666666666665,2.5,0.8498365855987975,3.368106666666667
6374,"In-Laws, The (2003)",3,2.1666666666666665,2.5,0.4714045207910317,3.368106666666667
74698,Tooth Fairy (2010),3,2.1666666666666665,2.0,0.23570226039551584,3.368106666666667
888,Land Before Time III: The Time of the Great Giving (1995),3,2.1666666666666665,3.0,1.1785113019775793,3.368106666666667
3325,"Next Best Thing, The (2000)",3,2.1666666666666665,2.0,1.0274023338281628,3.368106666666667
6638,Valley Girl (1983),3,2.1666666666666665,2.0,0.23570226039551584,3.368106666666667
44759,Basic Instinct 2 (2006),3,2.1666666666666665,2.5,0.8498365855987975,3.368106666666667
96448,Piranha 3DD (a.k.a. Piranha DD) (2012),3,2.1666666666666665,1.5,0.9428090415820634,3.368106666666667
6373,Bruce Almighty (2003),71,3.316901408450704,3.5,0.8015804662046306,3.3677877551020403
2141,"American Tail, An (1986)",18,3.1666666666666665,3.0,1.224744871391589,3.3676266666666663
81,Things to Do in Denver When You're Dead (1995),14,3.107142857142857,3.0,0.7362688617174393,3.3669073170731707
3615,Dinosaur (2000),14,3.107142857142857,3.0,0.6860490254392337,3.3669073170731707
4903,In the Bedroom (2001),10,3.0,3.0,1.02469507659596,3.366032432432432
605,One Fine Day (1996),10,3.0,3.0,0.8660254037844386,3.366032432432432
4167,15 Minutes (2001),10,3.0,3.0,1.3038404810405297,3.366032432432432
7444,13 Going on 30 (2004),21,3.1904761904761907,3.0,0.6263307827602813,3.3654833333333336
548,Terminal Velocity (1994),6,2.75,3.0,0.8036375634160795,3.3649454545454547
130634,Furious 7 (2015),6,2.75,3.0,1.4930394055974097,3.3649454545454547
7624,School Ties (1992),6,2.75,2.5,0.3818813079129867,3.3649454545454547
75805,"Bounty Hunter, The (2010)",6,2.75,3.0,0.3818813079129867,3.3649454545454547
2418,Nothing in Common (1986),6,2.75,2.0,0.9013878188659974,3.3649454545454547
95207,Abraham Lincoln: Vampire Hunter (2012),6,2.75,2.5,0.47871355387816905,3.3649454545454547
4238,Along Came a Spider (2001),17,3.1470588235294117,3.0,0.7228356310261476,3.3646181818181815
78469,"A-Team, The (2010)",17,3.1470588235294117,3.0,0.6127254898823429,3.3646181818181815
6764,"Rundown, The (2003)",17,3.1470588235294117,3.0,0.6809315825170721,3.3646181818181815
2046,Flight of the Navigator (1986),24,3.2083333333333335,3.0,0.8154327412825385,3.3635921568627447
49286,"Holiday, The (2006)",24,3.2083333333333335,3.5,1.0889278621143317,3.3635921568627447
6593,Freaky Friday (2003),24,3.2083333333333335,3.0,0.6441510347391793,3.3635921568627447
5065,"Mothman Prophecies, The (2002)",13,3.076923076923077,3.0,0.7297563831157798,3.3635800000000002
2143,Legend (1985),13,3.076923076923077,3.0,0.7297563831157798,3.3635800000000002
564,Chasers (1994),2,1.5,1.0,0.5,3.363558620689655
1490,B*A*P*S (1997),2,1.5,1.0,0.5,3.363558620689655
6320,Scenes from a Mall (1991),2,1.5,1.0,0.5,3.363558620689655
27793,Starship Troopers 2: Hero of the Federation (2004),2,1.5,1.0,0.5,3.363558620689655
69453,"Land That Time Forgot, The (1975)",2,1.5,1.0,0.5,3.363558620689655
1440,Amos & Andrew (1993),2,1.5,1.0,0.5,3.363558620689655
4462,18 Again! (1988),2,1.5,1.0,0.5,3.363558620689655
6425,"6th Man, The (Sixth Man, The) (1997)",2,1.5,1.0,0.5,3.363558620689655
26792,Sidekicks (1992),2,1.5,1.5,0.0,3.363558620689655
45361,"American Haunting, An (2005)",2,1.5,1.0,0.5,3.363558620689655
1055,Shadow Conspiracy (1997),2,1.5,1.0,0.5,3.363558620689655
2552,My Boyfriend's Back (1993),2,1.5,1.0,0.5,3.363558620689655
3432,Death Wish 3 (1985),2,1.5,1.0,0.5,3.363558620689655
4985,Sheena (1984),2,1.5,1.0,0.5,3.363558620689655
5334,Cadillac Man (1990),2,1.5,1.0,0.5,3.363558620689655
5538,"Care Bears Movie, The (1985)",2,1.5,1.0,0.5,3.363558620689655
152,"Addiction, The (1995)",2,1.5,1.0,0.5,3.363558620689655
2828,Dudley Do-Right (1999),2,1.5,1.0,0.5,3.363558620689655
179,Mad Love (1995),2,1.5,1.0,0.5,3.363558620689655
8574,"Claymation Christmas Celebration, A (1987)",2,1.5,0.5,1.0,3.363558620689655
52730,It's a Very Merry Muppet Christmas Movie (2002),2,1.5,0.5,1.0,3.363558620689655
278,Miami Rhapsody (1995),2,1.5,1.0,0.5,3.363558620689655
3313,Class Reunion (1982),2,1.5,1.0,0.5,3.363558620689655
3573,Carnosaur 2 (1995),2,1.5,1.0,0.5,3.363558620689655
5443,Juwanna Mann (2002),2,1.5,1.0,0.5,3.363558620689655
6153,Zapped! (1982),2,1.5,1.5,0.0,3.363558620689655
1986,Halloween 5: The Revenge of Michael Myers (1989),2,1.5,1.0,0.5,3.363558620689655
2255,Young Doctors in Love (1982),2,1.5,1.0,0.5,3.363558620689655
2886,"Adventures of Elmo in Grouchland, The (1999)",2,1.5,1.0,0.5,3.363558620689655
3833,"Brain That Wouldn't Die, The (1962)",2,1.5,1.0,0.5,3.363558620689655
8620,"Exterminating Angel, The (Ángel exterminador, El) (1962)",2,1.5,0.5,1.0,3.363558620689655
101415,"First Time, The (2012)",2,1.5,1.5,0.0,3.363558620689655
2244,"Allnighter, The (1987)",2,1.5,1.0,0.5,3.363558620689655
5539,Care Bears Movie II: A New Generation (1986),2,1.5,1.0,0.5,3.363558620689655
30883,Fat Albert (2004),2,1.5,1.5,0.0,3.363558620689655
74275,I Love You Phillip Morris (2009),2,1.5,0.5,1.0,3.363558620689655
2364,"Godzilla 1985: The Legend Is Reborn (Gojira) (Godzilla) (Return of Godzilla, The) (1984)",2,1.5,1.0,0.5,3.363558620689655
3830,Psycho Beach Party (2000),2,1.5,0.5,1.0,3.363558620689655
4756,"Musketeer, The (2001)",2,1.5,1.0,0.5,3.363558620689655
6203,Life Stinks (1991),2,1.5,1.5,0.0,3.363558620689655
6631,Man's Best Friend (1993),2,1.5,1.5,0.0,3.363558620689655
1042,That Thing You Do! (1996),42,3.2738095238095237,3.0,0.8944430360124684,3.3629449275362315
6873,Intolerable Cruelty (2003),20,3.175,3.0,0.9522998477370455,3.362621276595745
4989,How High (2001),9,2.9444444444444446,3.5,1.2789849370245931,3.362311111111111
3444,Bloodsport (1988),9,2.9444444444444446,2.5,0.926296222251837,3.362311111111111
8972,National Treasure (2004),38,3.263157894736842,3.5,0.9012917783970373,3.362203076923077
4039,Annie (1982),16,3.125,3.0,1.1659223816361017,3.3614697674418608
9,Sudden Death (1995),16,3.125,3.0,0.9437293044088437,3.3614697674418608
23,Assassins (1995),16,3.125,3.0,1.0825317547305482,3.3614697674418608
156609,Neighbors 2: Sorority Rising (2016),5,2.6,3.0,1.319090595827292,3.360725
7115,Deep Red (Profondo rosso) (1975),5,2.6,2.5,1.2,3.360725
39449,Prime (2005),5,2.6,3.0,0.7348469228349535,3.360725
4735,Ghosts of Mars (2001),5,2.6,2.5,1.2806248474865698,3.360725
619,Ed (1996),5,2.6,3.0,1.6552945357246849,3.360725
1582,Wild America (1997),5,2.6,3.0,0.8,3.360725
5080,Slackers (2002),5,2.6,2.0,1.2,3.360725
5480,Stuart Little 2 (2002),5,2.6,3.0,1.5297058540778357,3.360725
112788,Sex Tape (2014),5,2.6,2.5,0.6633249580710799,3.360725
1468,Booty Call (1997),5,2.6,2.0,1.624807680927192,3.360725
2356,Celebrity (1998),5,2.6,3.0,0.8602325267042626,3.360725
8781,"Manchurian Candidate, The (2004)",12,3.0416666666666665,3.0,0.4768967975941499,3.360082051282051
999,2 Days in the Valley (1996),12,3.0416666666666665,3.0,0.7204840194079409,3.360082051282051
3998,Proof of Life (2000),12,3.0416666666666665,3.0,0.9886508764753893,3.360082051282051
1848,"Borrowers, The (1997)",12,3.0416666666666665,3.0,0.5936586186989586,3.360082051282051
481,Kalifornia (1993),19,3.1578947368421053,3.0,0.8119604537127112,3.359634782608696
765,Jack (1996),19,3.1578947368421053,3.0,0.7955903398858407,3.359634782608696
2145,Pretty in Pink (1986),33,3.242424242424242,3.0,0.7893343198564307,3.3590533333333337
101362,Olympus Has Fallen (2013),8,2.875,3.0,0.8569568250501305,3.358377142857143
2613,Night of the Comet (1984),8,2.875,2.0,1.2686114456365274,3.358377142857143
6707,Cabin Fever (2002),8,2.875,3.0,1.0231690964840563,3.358377142857143
8,Tom and Huck (1995),8,2.875,3.0,1.0532687216470449,3.358377142857143
3566,"Big Kahuna, The (2000)",8,2.875,3.0,1.243734296383275,3.358377142857143
5420,Windtalkers (2002),8,2.875,3.0,1.0231690964840563,3.358377142857143
37382,Domino (2005),8,2.875,3.0,0.5994789404140899,3.358377142857143
41573,"Family Stone, The (2005)",8,2.875,3.0,0.9921567416492216,3.358377142857143
68659,Fanboys (2009),8,2.875,3.0,1.165922381636102,3.358377142857143
2407,Cocoon (1985),43,3.2674418604651163,3.5,0.749797160239698,3.35776
2094,"Rocketeer, The (1991)",39,3.2564102564102564,3.0,0.7996136476673166,3.356715151515152
3798,What Lies Beneath (2000),25,3.2,3.0,0.9899494936611666,3.3566000000000003
91535,"Bourne Legacy, The (2012)",18,3.138888888888889,3.0,0.7959193767719112,3.3565155555555553
1615,"Edge, The (1997)",11,3.0,3.0,0.8257228238447705,3.3564
83349,"Green Hornet, The (2011)",11,3.0,3.0,0.8257228238447706,3.3564
1379,Young Guns II (1990),11,3.0,3.0,1.2792042981336627,3.3564
1992,Child's Play 2 (1990),4,2.375,2.0,0.649519052838329,3.3562322580645163
4929,"Toy, The (1982)",4,2.375,2.0,0.41457809879442503,3.3562322580645163
7316,Confessions of a Teenage Drama Queen (2004),4,2.375,2.0,0.649519052838329,3.3562322580645163
49220,For Your Consideration (2006),4,2.375,2.0,0.739509972887452,3.3562322580645163
240,Hideaway (1995),4,2.375,2.0,0.6495190528383289,3.3562322580645163
518,"Road to Wellville, The (1994)",4,2.375,2.0,0.414578098794425,3.3562322580645163
3843,Sleepaway Camp (1983),4,2.375,2.0,1.0825317547305484,3.3562322580645163
130576,Midnight Special (2015),4,2.375,2.0,0.414578098794425,3.3562322580645163
1592,Air Bud (1997),4,2.375,2.5,0.8196798155377502,3.3562322580645163
2265,Nothing But Trouble (1991),4,2.375,2.5,0.5448623679425841,3.3562322580645163
7026,Summer School (1987),4,2.375,2.0,0.649519052838329,3.3562322580645163
58839,Leatherheads (2008),4,2.375,2.5,0.8196798155377502,3.3562322580645163
135567,Independence Day: Resurgence (2016),4,2.375,2.5,0.5448623679425842,3.3562322580645163
85131,Battle: Los Angeles (2011),4,2.375,2.0,0.960143218483576,3.3562322580645163
387,"Low Down Dirty Shame, A (1994)",4,2.375,2.0,0.9601432184835761,3.3562322580645163
4808,"Vanishing, The (1993)",4,2.375,2.0,0.4145780987944249,3.3562322580645163
6249,Boat Trip (2003),4,2.375,2.0,0.649519052838329,3.3562322580645163
3031,Repossessed (1990),4,2.375,2.0,0.9601432184835761,3.3562322580645163
5410,Silent Running (1972),4,2.375,3.0,1.0825317547305484,3.3562322580645163
5255,Sorority Boys (2002),4,2.375,2.5,0.5448623679425842,3.3562322580645163
6039,"Woman in Red, The (1984)",4,2.375,2.0,0.414578098794425,3.3562322580645163
6252,View from the Top (2003),4,2.375,2.5,0.5448623679425842,3.3562322580645163
85796,Hobo with a Shotgun (2011),4,2.375,2.0,0.4145780987944249,3.3562322580645163
1375,Star Trek III: The Search for Spock (1984),42,3.261904761904762,3.0,0.7656159614673107,3.3556985507246377
2273,Rush Hour (1998),42,3.261904761904762,3.5,0.8880026761415007,3.3556985507246377
84954,"Adjustment Bureau, The (2011)",21,3.1666666666666665,3.0,0.9300964278392672,3.3550666666666666
3016,Creepshow (1982),14,3.0714285714285716,3.0,0.8206518066482897,3.354712195121951
2060,BASEketball (1998),14,3.0714285714285716,3.0,0.8206518066482897,3.354712195121951
122924,X-Men: Apocalypse (2016),14,3.0714285714285716,3.0,1.207966751806269,3.354712195121951
103384,"Lone Ranger, The (2013)",7,2.7857142857142856,3.5,1.0642617446965241,3.354211764705882
3478,"Bamba, La (1987)",7,2.7857142857142856,3.0,0.4517539514526256,3.354211764705882
82167,Love and Other Drugs (2010),7,2.7857142857142856,3.0,0.5890150893739515,3.354211764705882
69436,Year One (2009),7,2.7857142857142856,3.0,1.0301575072754257,3.354211764705882
378,Speechless (1994),7,2.7857142857142856,3.0,0.7491491772643939,3.354211764705882
64497,"Day the Earth Stood Still, The (2008)",7,2.7857142857142856,3.0,0.24743582965269673,3.354211764705882
4654,Road House (1989),7,2.7857142857142856,3.0,0.7953949089757174,3.354211764705882
736,Twister (1996),123,3.321138211382114,3.0,1.04401134097509,3.353621333333333
60,"Indian in the Cupboard, The (1995)",34,3.235294117647059,3.0,1.0090421646122611,3.353167213114754
55232,Resident Evil: Extinction (2007),10,2.95,3.0,0.6103277807866853,3.3525189189189186
2875,Sommersby (1993),10,2.95,3.0,0.65,3.3525189189189186
2517,Christine (1983),10,2.95,3.0,1.0594810050208545,3.3525189189189186
1479,"Saint, The (1997)",30,3.216666666666667,3.0,0.9190877119308158,3.351635087719298
4625,Millennium (1989),3,2.0,2.0,0.0,3.35144
7650,"Witchfinder General (Conquerer Worm, The) (1968)",3,2.0,2.0,1.224744871391589,3.35144
26629,Killer Klowns from Outer Space (1988),3,2.0,2.0,0.408248290463863,3.35144
151315,Ride Along 2 (2016),3,2.0,1.5,1.4719601443879744,3.35144
2525,Alligator (1980),3,2.0,2.0,0.816496580927726,3.35144
5610,"Banger Sisters, The (2002)",3,2.0,2.0,0.0,3.35144
34143,Dark Water (2005),3,2.0,2.0,0.816496580927726,3.35144
567,Kika (1993),3,2.0,2.0,0.816496580927726,3.35144
2026,Disturbing Behavior (1998),3,2.0,2.0,0.0,3.35144
142536,Burnt (2015),3,2.0,2.0,0.408248290463863,3.35144
1981,Friday the 13th Part VIII: Jason Takes Manhattan (1989),3,2.0,2.0,0.816496580927726,3.35144
2152,Air Bud: Golden Receiver (1998),3,2.0,2.0,0.0,3.35144
2817,Aces: Iron Eagle III (1992),3,2.0,2.0,0.816496580927726,3.35144
5476,Halloween: Resurrection (Halloween 8) (2002),3,2.0,2.0,0.816496580927726,3.35144
6349,Breakin' (1984),3,2.0,2.0,0.816496580927726,3.35144
59014,Superhero Movie (2008),3,2.0,2.0,1.224744871391589,3.35144
4207,Navy Seals (1990),3,2.0,2.0,0.816496580927726,3.35144
45208,RV (2006),3,2.0,2.0,0.408248290463863,3.35144
1816,Two Girls and a Guy (1997),3,2.0,2.0,0.816496580927726,3.35144
6959,Timeline (2003),3,2.0,2.5,1.0801234497346435,3.35144
3048,Under the Rainbow (1981),3,2.0,2.0,0.816496580927726,3.35144
6566,Spy Kids 3-D: Game Over (2003),3,2.0,1.5,1.0801234497346435,3.35144
1355,Nightwatch (1997),3,2.0,2.0,0.816496580927726,3.35144
2460,"Texas Chainsaw Massacre 2, The (1986)",3,2.0,2.0,0.816496580927726,3.35144
2537,Beyond the Poseidon Adventure (1979),3,2.0,2.0,0.816496580927726,3.35144
3743,Boys and Girls (2000),3,2.0,2.0,0.816496580927726,3.35144
34523,The Chumscrubber (2005),3,2.0,2.0,0.0,3.35144
46062,High School Musical (2006),3,2.0,1.5,1.0801234497346435,3.35144
91628,New Year's Eve (2011),3,2.0,2.0,0.408248290463863,3.35144
109895,Bad Words (2013),3,2.0,2.5,1.0801234497346435,3.35144
376,"River Wild, The (1994)",40,3.25,3.0,0.806225774829855,3.3513910447761193
2802,Tequila Sunrise (1988),13,3.0384615384615383,3.0,0.41424344670265417,3.3510800000000005
3461,Lord of the Flies (1963),13,3.0384615384615383,3.0,0.8871201995900612,3.3510800000000005
4677,Turner & Hooch (1989),13,3.0384615384615383,3.0,0.7956984948298923,3.3510800000000005
1101,Top Gun (1986),83,3.3012048192771086,3.5,1.1029526610452938,3.3503927272727276
8783,"Village, The (2004)",26,3.1923076923076925,3.0,0.910166120476864,3.3498716981132075
2409,Rocky II (1979),26,3.1923076923076925,3.0,1.0748606624986248,3.3498716981132075
6586,American Wedding (American Pie 3) (2003),16,3.09375,3.0,0.8332682266233364,3.3498418604651166
60950,Vicky Cristina Barcelona (2008),16,3.09375,3.0,1.0784646204210875,3.3498418604651166
42738,Underworld: Evolution (2006),16,3.09375,3.0,0.7749747979773278,3.3498418604651166
1821,"Object of My Affection, The (1998)",6,2.6666666666666665,3.0,0.4714045207910316,3.3497939393939395
88812,30 Minutes or Less (2011),6,2.6666666666666665,2.5,0.6871842709362768,3.3497939393939395
569,Little Big League (1994),6,2.6666666666666665,3.0,0.9428090415820634,3.3497939393939395
46974,World Trade Center (2006),6,2.6666666666666665,3.0,0.6871842709362768,3.3497939393939395
149352,Daddy's Home (2015),6,2.6666666666666665,2.5,1.3123346456686351,3.3497939393939395
3927,Fantastic Voyage (1966),6,2.6666666666666665,2.0,0.7453559924999298,3.3497939393939395
64030,Transporter 3 (2008),6,2.6666666666666665,2.0,0.6871842709362767,3.3497939393939395
108928,"Monuments Men, The (2014)",6,2.6666666666666665,3.0,1.0274023338281628,3.3497939393939395
4844,Bandits (2001),6,2.6666666666666665,2.0,0.9860132971832694,3.3497939393939395
80166,"Switch, The (2010)",6,2.6666666666666665,3.0,0.9860132971832694,3.3497939393939395
81784,Morning Glory (2010),6,2.6666666666666665,2.5,0.7453559924999298,3.3497939393939395
140711,American Ultra (2015),6,2.6666666666666665,3.0,1.247219128924647,3.3497939393939395
886,Bulletproof (1996),6,2.6666666666666665,3.0,1.404358295529393,3.3497939393939395
3770,Dreamscape (1984),6,2.6666666666666665,2.0,0.7453559924999298,3.3497939393939395
4452,Made (2001),6,2.6666666666666665,2.5,0.7993052538854533,3.3497939393939395
33679,Mr. & Mrs. Smith (2005),59,3.2796610169491527,3.5,0.9883695975502675,3.349339534883721
87485,Bad Teacher (2011),9,2.888888888888889,3.5,1.264422964082338,3.348422222222222
60072,Wanted (2008),22,3.159090909090909,3.0,0.8840295608534875,3.3478204081632654
170,Hackers (1995),35,3.2285714285714286,3.0,0.9050876606546946,3.347470967741936
2247,Married to the Mob (1988),12,3.0,3.0,0.816496580927726,3.347261538461538
490,Malice (1993),12,3.0,3.0,0.7071067811865476,3.347261538461538
445,Fatal Instinct (1993),12,3.0,3.0,0.816496580927726,3.347261538461538
4749,3 Ninjas Kick Back (1994),2,1.25,0.5,0.75,3.3463172413793103
3141,"Two Jakes, The (1990)",2,1.25,1.0,0.25,3.3463172413793103
44399,"Shaggy Dog, The (2006)",2,1.25,1.0,0.25,3.3463172413793103
77798,"Nightmare on Elm Street, A (2010)",2,1.25,0.5,0.75,3.3463172413793103
93980,"Three Stooges, The (2012)",2,1.25,1.0,0.25,3.3463172413793103
2332,Belly (1998),2,1.25,1.0,0.25,3.3463172413793103
5096,Baby's Day Out (1994),2,1.25,1.0,0.25,3.3463172413793103
6554,Garage Days (2002),2,1.25,0.5,0.75,3.3463172413793103
8677,Flash Gordon Conquers the Universe (1940),2,1.25,0.5,0.75,3.3463172413793103
26764,Captain America (1990),2,1.25,0.5,0.75,3.3463172413793103
97470,Catch .44 (2011),2,1.25,1.0,0.25,3.3463172413793103
1325,Amityville: A New Generation (1993),2,1.25,0.5,0.75,3.3463172413793103
3768,Braddock: Missing in Action III (1988),2,1.25,1.0,0.25,3.3463172413793103
139717,10 Cent Pistol (2015),2,1.25,0.5,0.75,3.3463172413793103
46,How to Make an American Quilt (1995),15,3.066666666666667,3.0,1.1382247385975914,3.3462666666666667
3978,"Legend of Bagger Vance, The (2000)",15,3.066666666666667,3.0,0.9809292646374774,3.3462666666666667
56171,"Golden Compass, The (2007)",18,3.111111111111111,3.0,0.936238863686262,3.345404444444444
2377,Lifeforce (1985),5,2.5,2.5,1.0,3.3451
8870,"Forgotten, The (2004)",5,2.5,2.5,0.5477225575051661,3.3451
1128,"Fog, The (1980)",5,2.5,2.0,1.0954451150103321,3.3451
3946,Get Carter (2000),5,2.5,2.5,1.0,3.3451
5796,Casino Royale (1967),5,2.5,2.0,0.6324555320336759,3.3451
6811,PCU (1994),5,2.5,3.0,0.8366600265340756,3.3451
1919,Madeline (1998),5,2.5,3.0,0.8944271909999159,3.3451
725,"Great White Hype, The (1996)",5,2.5,3.0,0.7745966692414834,3.3451
2252,Hero (1992),5,2.5,3.0,1.0,3.3451
5665,Knockaround Guys (2002),5,2.5,2.5,0.5477225575051661,3.3451
2382,Police Academy 5: Assignment: Miami Beach (1988),5,2.5,2.0,1.4142135623730951,3.3451
4814,Don't Say a Word (2001),5,2.5,2.5,1.0,3.3451
60514,Journey to the Center of the Earth (2008),5,2.5,3.0,1.0488088481701516,3.3451
74532,Cop Out (2010),5,2.5,2.5,1.51657508881031,3.3451
6014,National Security (2003),5,2.5,2.0,0.8944271909999159,3.3451
6810,Sleeping with the Enemy (1991),5,2.5,2.5,0.9486832980505138,3.3451
34334,Stealth (2005),5,2.5,2.5,0.3162277660168379,3.3451
3698,"Running Man, The (1987)",34,3.2205882352941178,3.0,0.9639927421513168,3.3449704918032785
2752,Outrageous Fortune (1987),8,2.8125,3.0,0.6091746465505602,3.3440914285714287
4866,"Last Castle, The (2001)",8,2.8125,3.0,0.8637671850678283,3.3440914285714287
1346,Cat People (1982),8,2.8125,3.0,1.1162856937182344,3.3440914285714287
3385,Volunteers (1985),8,2.8125,2.0,1.1162856937182344,3.3440914285714287
143859,"Hail, Caesar! (2016)",8,2.8125,3.0,0.9662265521087692,3.3440914285714287
667,Bloodsport 2 (a.k.a. Bloodsport II: The Next Kumite) (1996),8,2.8125,3.0,0.998044963916957,3.3440914285714287
5055,Dragon: The Bruce Lee Story (1993),8,2.8125,3.0,0.9662265521087692,3.3440914285714287
7255,Win a Date with Tad Hamilton! (2004),8,2.8125,3.0,0.9662265521087692,3.3440914285714287
3087,Scrooged (1988),24,3.1666666666666665,3.0,1.0374916331657276,3.34398431372549
694,"Substitute, The (1996)",11,2.9545454545454546,3.0,0.752406607147584,3.343242105263158
4487,Cocktail (1988),11,2.9545454545454546,3.0,0.9875254992000196,3.343242105263158
71530,Surrogates (2009),14,3.0357142857142856,3.0,1.202145191407631,3.3425170731707317
3,Grumpier Old Men (1995),52,3.2596153846153846,3.0,1.0446308909011122,3.342318987341772
22,Copycat (1995),36,3.2222222222222223,3.0,0.8117577331223589,3.3419555555555553
52245,Blades of Glory (2007),17,3.088235294117647,3.0,0.9112901991076274,3.3418909090909086
7346,"Girl Next Door, The (2004)",20,3.125,3.5,1.0825317547305482,3.341344680851064
2294,Antz (1998),45,3.2444444444444445,3.0,0.7573508083534211,3.3408777777777776
5945,About Schmidt (2002),26,3.173076923076923,3.5,1.1762252833363867,3.3404377358490565
1837,"Odd Couple II, The (1998)",4,2.25,2.0,0.82915619758885,3.340103225806452
3990,Rugrats in Paris: The Movie (2000),4,2.25,2.0,1.25,3.340103225806452
5264,Clockstoppers (2002),4,2.25,2.0,0.4330127018922193,3.340103225806452
2399,Santa Claus: The Movie (1985),4,2.25,2.0,0.4330127018922193,3.340103225806452
634,Theodore Rex (1995),4,2.25,2.0,0.82915619758885,3.340103225806452
6744,Once Bitten (1985),4,2.25,1.5,0.82915619758885,3.340103225806452
7369,Scooby-Doo 2: Monsters Unleashed (2004),4,2.25,2.0,0.5590169943749475,3.340103225806452
479,Judgment Night (1993),4,2.25,2.0,0.4330127018922193,3.340103225806452
1550,Trial and Error (1997),4,2.25,2.0,0.82915619758885,3.340103225806452
2091,Return from Witch Mountain (1978),4,2.25,2.0,0.82915619758885,3.340103225806452
5299,My Big Fat Greek Wedding (2002),60,3.2666666666666666,3.5,1.0664062182030927,3.339577011494253
63,Don't Be a Menace to South Central While Drinking Your Juice in the Hood (1996),7,2.7142857142857144,3.0,1.0642617446965243,3.339505882352941
4159,3000 Miles to Graceland (2001),7,2.7142857142857144,2.5,0.9948848769417228,3.339505882352941
438,"Cowboy Way, The (1994)",7,2.7142857142857144,3.0,0.6998542122237652,3.339505882352941
65802,Paul Blart: Mall Cop (2009),7,2.7142857142857144,2.5,1.0973065354098013,3.339505882352941
82202,"Tourist, The (2010)",7,2.7142857142857144,3.0,1.0642617446965243,3.339505882352941
32017,"Pacifier, The (2005)",7,2.7142857142857144,3.0,0.36421567954234174,3.339505882352941
4068,Sugar & Spice (2001),7,2.7142857142857144,3.0,1.0301575072754257,3.339505882352941
6290,House of 1000 Corpses (2003),7,2.7142857142857144,2.5,1.0301575072754257,3.339505882352941
1432,Metro (1997),7,2.7142857142857144,3.0,1.129384878631564,3.339505882352941
5572,Barbershop (2002),7,2.7142857142857144,3.0,0.524890659167824,3.339505882352941
277,Miracle on 34th Street (1994),38,3.223684210526316,3.0,1.139583074851296,3.339126153846154
2097,Something Wicked This Way Comes (1983),10,2.9,3.0,0.8602325267042628,3.339005405405405
464,Hard Target (1993),10,2.9,3.0,0.7,3.339005405405405
5296,"Sweetest Thing, The (2002)",10,2.9,3.0,1.0677078252031313,3.339005405405405
58156,Semi-Pro (2008),10,2.9,3.0,0.6244997998398398,3.339005405405405
6367,Down with Love (2003),10,2.9,3.0,1.0908712114635715,3.339005405405405
1833,Mercury Rising (1998),13,3.0,3.0,0.7844645405527361,3.3385800000000003
15,Cutthroat Island (1995),13,3.0,3.0,1.1602387022306426,3.3385800000000003
5944,Star Trek: Nemesis (2002),19,3.1052631578947367,3.0,0.8363288727405632,3.337895652173913
2302,My Cousin Vinny (1992),59,3.26271186440678,3.0,1.0224427886003846,3.3377116279069767
27706,Lemony Snicket's A Series of Unfortunate Events (2004),25,3.16,3.5,0.783836717690617,3.337369230769231
53953,1408 (2007),25,3.16,3.5,1.1110355529864921,3.337369230769231
2335,"Waterboy, The (1998)",28,3.1785714285714284,3.5,0.7816453081514031,3.3371490909090906
5254,Blade II (2002),34,3.2058823529411766,3.0,0.8921029934178295,3.3367737704918032
2541,Cruel Intentions (1999),40,3.225,3.5,0.9417404100918684,3.3364656716417906
39,Clueless (1995),104,3.293269230769231,3.0,1.0321993344196316,3.336207633587786
552,"Three Musketeers, The (1993)",61,3.262295081967213,3.0,0.8425495917546794,3.335718181818182
4723,"Deep End, The (2001)",3,1.8333333333333333,2.0,0.6236095644623235,3.3347733333333336
103655,R.I.P.D. (2013),3,1.8333333333333333,1.5,0.8498365855987975,3.3347733333333336
2514,Pet Sematary II (1992),3,1.8333333333333333,2.5,0.9428090415820634,3.3347733333333336
6315,Wildcats (1986),3,1.8333333333333333,2.0,0.6236095644623235,3.3347733333333336
1453,"Beautician and the Beast, The (1997)",3,1.8333333333333333,2.0,1.0274023338281628,3.3347733333333336
4130,Maid to Order (1987),3,1.8333333333333333,2.0,0.23570226039551584,3.3347733333333336
4131,Making Mr. Right (1987),3,1.8333333333333333,2.0,0.6236095644623235,3.3347733333333336
4563,Young Einstein (1988),3,1.8333333333333333,2.0,0.23570226039551584,3.3347733333333336
424,Blue Chips (1994),3,1.8333333333333333,1.5,0.8498365855987975,3.3347733333333336
2526,Meteor (1979),3,1.8333333333333333,2.0,1.0274023338281628,3.3347733333333336
4081,Back to the Beach (1987),3,1.8333333333333333,2.0,0.23570226039551584,3.3347733333333336
5471,Perfect (1985),3,1.8333333333333333,2.0,0.23570226039551584,3.3347733333333336
27772,Ju-on: The Grudge (2002),6,2.5833333333333335,2.5,0.4487637339278753,3.3346424242424244
472,I'll Do Anything (1994),6,2.5833333333333335,3.0,0.6066758241067098,3.3346424242424244
2306,Holy Man (1998),6,2.5833333333333335,3.0,0.6066758241067098,3.3346424242424244
56801,AVPR: Aliens vs. Predator - Requiem (2007),6,2.5833333333333335,2.0,1.0172129679778086,3.3346424242424244
2042,D2: The Mighty Ducks (1994),6,2.5833333333333335,2.5,0.6718548123582124,3.3346424242424244
45221,Stick It (2006),6,2.5833333333333335,2.5,0.7861650943380504,3.3346424242424244
135137,Pixels (2015),6,2.5833333333333335,2.5,0.9316949906249123,3.3346424242424244
1977,Friday the 13th Part IV: The Final Chapter (1984),6,2.5833333333333335,2.0,0.8374896350934076,3.3346424242424244
93,Vampire in Brooklyn (1995),9,2.8333333333333335,3.0,0.97182531580755,3.3345333333333333
45730,Lady in the Water (2006),9,2.8333333333333335,3.0,0.8819171036881969,3.3345333333333333
67197,Knowing (2009),9,2.8333333333333335,3.0,0.408248290463863,3.3345333333333333
305,Ready to Wear (Pret-A-Porter) (1994),9,2.8333333333333335,3.0,1.1547005383792515,3.3345333333333333
6238,Green Card (1990),9,2.8333333333333335,3.0,1.1547005383792515,3.3345333333333333
43679,Final Destination 3 (2006),9,2.8333333333333335,3.0,0.9128709291752769,3.3345333333333333
45081,Silent Hill (2006),12,2.9583333333333335,3.0,1.0499669306961794,3.3344410256410253
111743,A Million Ways to Die in the West (2014),12,2.9583333333333335,3.5,1.0696248044161196,3.3344410256410253
70293,Julie & Julia (2009),12,2.9583333333333335,3.0,1.1629404780794055,3.3344410256410253
2672,"Thirteenth Floor, The (1999)",12,2.9583333333333335,3.0,1.0696248044161196,3.3344410256410253
3452,Romeo Must Die (2000),18,3.0833333333333335,3.0,0.7500000000000001,3.334293333333333
145,Bad Boys (1995),51,3.2450980392156863,3.0,0.8538984936437912,3.3338871794871796
4023,"Family Man, The (2000)",23,3.130434782608696,3.0,1.0343806307278538,3.330864
361,It Could Happen to You (1994),17,3.0588235294117645,3.0,0.5911691541835817,3.3305272727272723
79695,"Expendables, The (2010)",17,3.0588235294117645,3.0,0.8203720988812562,3.3305272727272723
136020,Spectre (2015),17,3.0588235294117645,3.0,1.327119314432762,3.3305272727272723
5108,John Q (2002),11,2.909090909090909,3.0,0.763311619261212,3.3300842105263158
5478,Eight Legged Freaks (2002),8,2.75,2.5,1.14564392373896,3.3298057142857145
6006,Just Married (2003),8,2.75,3.0,1.2499999999999998,3.3298057142857145
43871,Firewall (2006),8,2.75,3.0,0.5590169943749473,3.3298057142857145
177,Lord of Illusions (1995),8,2.75,3.0,1.0897247358851683,3.3298057142857145
59421,What Happens in Vegas... (2008),8,2.75,3.0,1.0897247358851685,3.3298057142857145
433,Clean Slate (1994),8,2.75,3.0,0.7905694150420948,3.3298057142857145
2458,Armed and Dangerous (1986),8,2.75,2.0,0.82915619758885,3.3298057142857145
1983,Halloween II (1981),5,2.4,2.0,0.48989794855663554,3.329475
3840,Pumpkinhead (1988),5,2.4,2.0,1.019803902718557,3.329475
1554,"Pillow Book, The (1996)",5,2.4,2.0,1.019803902718557,3.329475
2961,"Story of Us, The (1999)",5,2.4,3.0,0.8,3.329475
73319,Leap Year (2010),5,2.4,3.0,1.0677078252031311,3.329475
1043,To Gillian on Her 37th Birthday (1996),5,2.4,2.0,0.48989794855663554,3.329475
3130,Bonfire of the Vanities (1990),5,2.4,2.0,1.019803902718557,3.329475
102,Mr. Wrong (1996),5,2.4,1.0,1.7435595774162693,3.329475
2170,Wrongfully Accused (1998),5,2.4,3.0,0.9695359714832659,3.329475
3553,Gossip (2000),5,2.4,2.0,0.48989794855663554,3.329475
5874,Friday After Next (2002),5,2.4,2.0,1.0198039027185568,3.329475
870,Gone Fishin' (1997),2,1.0,1.0,0.0,3.3290758620689656
74075,Stan Helsing (2009),2,1.0,1.0,0.0,3.3290758620689656
71205,Jennifer's Body (2009),2,1.0,0.5,0.5,3.3290758620689656
109569,3 Days to Kill (2014),2,1.0,0.5,0.5,3.3290758620689656
91671,Alvin and the Chipmunks: Chipwrecked (2011),2,1.0,1.0,0.0,3.3290758620689656
2614,Chopping Mall (a.k.a. Killbots) (1986),2,1.0,1.0,0.0,3.3290758620689656
136305,Sharknado 3: Oh Hell No! (2015),2,1.0,1.0,0.0,3.3290758620689656
4138,My Demon Lover (1987),2,1.0,1.0,0.0,3.3290758620689656
102880,After Earth (2013),2,1.0,0.5,0.5,3.3290758620689656
78174,Sex and the City 2 (2010),2,1.0,0.5,0.5,3.3290758620689656
50954,It's a Boy Girl Thing (2006),2,1.0,1.0,0.0,3.3290758620689656
4823,Serendipity (2001),25,3.14,3.0,1.0632027088001612,3.3277538461538465
2134,Weird Science (1985),22,3.1136363636363638,3.0,0.8384484884407599,3.327412244897959
748,"Arrival, The (1996)",22,3.1136363636363638,3.0,0.9161656532157443,3.327412244897959
6550,Johnny English (2003),13,2.9615384615384617,3.5,1.277942132756627,3.32608
8640,King Arthur (2004),13,2.9615384615384617,3.0,0.9895907946360466,3.32608
8957,Saw (2004),33,3.1818181818181817,3.5,1.2602199292077758,3.32572
88785,"Change-Up, The (2011)",10,2.85,3.0,1.0012492197250393,3.3254918918918914
423,Blown Away (1994),10,2.85,3.0,0.55,3.3254918918918914
2513,Pet Sematary (1989),10,2.85,3.0,1.0965856099730655,3.3254918918918914
2772,Detroit Rock City (1999),10,2.85,3.0,1.3238202294873727,3.3254918918918914
3024,Piranha (1978),7,2.642857142857143,3.0,1.0251928638862373,3.3247999999999998
6250,Dreamcatcher (2003),7,2.642857142857143,3.0,0.989743318610787,3.3247999999999998
33495,Kicking & Screaming (2005),7,2.642857142857143,3.0,1.0594569267279519,3.3247999999999998
6213,Tears of the Sun (2003),7,2.642857142857143,3.0,1.1248582677159729,3.3247999999999998
60937,"Mummy: Tomb of the Dragon Emperor, The (2008)",7,2.642857142857143,2.5,0.44031528592635544,3.3247999999999998
106491,47 Ronin (2013),7,2.642857142857143,3.0,1.4069796859708723,3.3247999999999998
577,Andre (1994),4,2.125,1.5,0.8926785535678563,3.323974193548387
5246,Smokey and the Bandit II (1980),4,2.125,1.5,1.1388041973930374,3.323974193548387
38,It Takes Two (1995),4,2.125,2.0,0.739509972887452,3.323974193548387
63540,Beverly Hills Chihuahua (2008),4,2.125,2.0,0.8926785535678563,3.323974193548387
3930,"Creature from the Black Lagoon, The (1954)",4,2.125,2.0,0.739509972887452,3.323974193548387
4721,American Outlaws (2001),4,2.125,1.0,1.4306903927824497,3.323974193548387
109673,300: Rise of an Empire (2014),4,2.125,1.5,1.192424001771182,3.323974193548387
3953,Dr. T and the Women (2000),4,2.125,2.0,0.5448623679425842,3.323974193548387
4229,Say It Isn't So (2001),4,2.125,1.5,0.8926785535678563,3.323974193548387
6040,Darkness Falls (2003),4,2.125,2.0,0.5448623679425841,3.323974193548387
7259,You Got Served (2004),4,2.125,2.0,1.0825317547305484,3.323974193548387
58315,"Love Guru, The (2008)",4,2.125,2.0,1.0825317547305484,3.323974193548387
383,Wyatt Earp (1994),21,3.0952380952380953,3.0,1.0190921218587,3.3238166666666666
2013,"Poseidon Adventure, The (1972)",21,3.0952380952380953,3.0,1.0307076581863504,3.3238166666666666
516,Renaissance Man (1994),18,3.0555555555555554,3.0,0.926296222251837,3.323182222222222
4728,Rat Race (2001),18,3.0555555555555554,3.0,0.9984555975339682,3.323182222222222
2533,Escape from the Planet of the Apes (1971),15,3.0,3.0,1.0488088481701516,3.322457142857143
2059,"Parent Trap, The (1998)",15,3.0,3.0,0.7302967433402214,3.322457142857143
366,"Wes Craven's New Nightmare (Nightmare on Elm Street Part 7: Freddy's Finale, A) (1994)",12,2.9166666666666665,3.0,1.2047360245667467,3.3216205128205125
135536,Suicide Squad (2016),12,2.9166666666666665,3.0,0.9537935951882998,3.3216205128205125
1970,"Nightmare on Elm Street 3: Dream Warriors, A (1987)",12,2.9166666666666665,3.0,0.9316949906249122,3.3216205128205125
2478,¡Three Amigos! (1986),26,3.1346153846153846,3.0,0.9256774266583646,3.321569811320755
53519,Death Proof (2007),26,3.1346153846153846,3.5,1.2523646273203797,3.321569811320755
3638,Moonraker (1979),26,3.1346153846153846,3.0,1.0053481248159792,3.321569811320755
2496,Blast from the Past (1999),23,3.108695652173913,3.0,0.8591770802334566,3.3208640000000003
135861,Ted 2 (2015),9,2.7777777777777777,3.0,1.3356461422412562,3.3206444444444445
5093,Collateral Damage (2002),9,2.7777777777777777,3.0,0.5826715823167509,3.3206444444444445
2531,Battle for the Planet of the Apes (1973),9,2.7777777777777777,2.0,1.227262335243029,3.3206444444444445
50601,Bridge to Terabithia (2007),9,2.7777777777777777,3.0,1.057016532802247,3.3206444444444445
3991,102 Dalmatians (2000),9,2.7777777777777777,2.5,0.7856742013183861,3.3206444444444445
4980,Bill & Ted's Bogus Journey (1991),20,3.075,3.0,0.7949056547792324,3.3200680851063833
5881,Solaris (2002),20,3.075,3.0,1.1431863365173678,3.3200680851063833
1588,George of the Jungle (1997),20,3.075,3.0,0.840758586040012,3.3200680851063833
612,"Pallbearer, The (1996)",6,2.5,2.0,0.7071067811865476,3.3194909090909093
122898,Justice League (2017),6,2.5,2.0,1.1547005383792515,3.3194909090909093
250,Heavyweights (Heavy Weights) (1995),6,2.5,2.5,1.0,3.3194909090909093
94478,Dark Shadows (2012),6,2.5,2.0,0.816496580927726,3.3194909090909093
89087,Colombiana (2011),6,2.5,2.0,1.224744871391589,3.3194909090909093
60397,Mamma Mia! (2008),14,2.9642857142857144,3.0,0.9347323091644573,3.3181268292682926
3839,Phantasm IV: Oblivion (1998),3,1.6666666666666667,2.0,0.4714045207910317,3.3181066666666665
6348,Breakin' 2: Electric Boogaloo (1984),3,1.6666666666666667,2.0,0.8498365855987975,3.3181066666666665
4673,Tango & Cash (1989),3,1.6666666666666667,2.0,0.4714045207910317,3.3181066666666665
3767,Missing in Action 2: The Beginning (1985),3,1.6666666666666667,2.0,0.4714045207910317,3.3181066666666665
4127,"Like Father, Like Son (1987)",3,1.6666666666666667,1.5,0.23570226039551584,3.3181066666666665
2555,Baby Geniuses (1999),3,1.6666666666666667,2.0,0.4714045207910317,3.3181066666666665
2816,Iron Eagle II (1988),3,1.6666666666666667,1.0,0.9428090415820634,3.3181066666666665
4852,Bones (2001),3,1.6666666666666667,1.0,0.9428090415820634,3.3181066666666665
1323,Amityville 3-D (1983),3,1.6666666666666667,2.0,0.4714045207910317,3.3181066666666665
4862,Not Without My Daughter (1991),3,1.6666666666666667,1.5,0.6236095644623235,3.3181066666666665
5841,Return to the Blue Lagoon (1991),3,1.6666666666666667,2.0,0.4714045207910317,3.3181066666666665
3710,Action Jackson (1988),3,1.6666666666666667,2.0,0.4714045207910317,3.3181066666666665
175485,Death Note (2017),3,1.6666666666666667,1.5,1.0274023338281628,3.3181066666666665
3431,Death Wish 2 (1982),3,1.6666666666666667,2.0,0.4714045207910317,3.3181066666666665
157,Canadian Bacon (1995),11,2.8636363636363638,3.0,1.0464422212019397,3.3169263157894737
489,Made in America (1993),11,2.8636363636363638,3.0,0.308287726505694,3.3169263157894737
42723,Hostel (2005),11,2.8636363636363638,3.0,1.244823994329923,3.3169263157894737
37727,Flightplan (2005),11,2.8636363636363638,2.5,0.8552221691921263,3.3169263157894737
31,Dangerous Minds (1995),38,3.1842105263157894,3.0,0.9761703679469163,3.316049230769231
3649,American Gigolo (1980),8,2.6875,2.5,0.9662265521087692,3.3155200000000002
36525,Just Like Heaven (2005),8,2.6875,2.5,0.9662265521087692,3.3155200000000002
5524,Blue Crush (2002),8,2.6875,3.0,0.8637671850678283,3.3155200000000002
360,I Love Trouble (1994),8,2.6875,3.0,0.6584783595532961,3.3155200000000002
2445,At First Sight (1999),8,2.6875,2.5,0.6584783595532961,3.3155200000000002
5582,Captain Ron (1992),8,2.6875,2.5,0.5555121510822243,3.3155200000000002
60040,"Incredible Hulk, The (2008)",35,3.1714285714285713,3.5,0.8012744949931521,3.315212903225807
532,Serial Mom (1994),16,3.0,3.0,0.5863019699779287,3.314958139534884
1702,Flubber (1997),16,3.0,3.0,0.8838834764831844,3.314958139534884
1711,Midnight in the Garden of Good and Evil (1997),24,3.1041666666666665,3.0,1.258133262240354,3.3145725490196076
7117,Leprechaun (1993),5,2.3,2.0,1.1224972160321824,3.31385
113378,"Giver, The (2014)",5,2.3,2.0,1.32664991614216,3.31385
6702,Dickie Roberts: Former Child Star (2003),5,2.3,2.5,1.0295630140987,3.31385
3501,Murphy's Romance (1985),5,2.3,2.0,0.9797958971132712,3.31385
3764,F/X2 (a.k.a. F/X 2 - The Deadly Art of Illusion) (1991),5,2.3,2.0,0.4,3.31385
1762,Deep Rising (1998),5,2.3,2.0,0.9797958971132713,3.31385
27839,"Ring Two, The (2005)",5,2.3,2.0,0.6782329983125268,3.31385
45662,"Omen, The (2006)",5,2.3,2.5,0.24494897427831777,3.31385
51575,Wild Hogs (2007),5,2.3,2.5,0.5099019513592784,3.31385
3286,Snow Day (2000),5,2.3,2.0,0.9797958971132712,3.31385
5804,"Santa Clause 2, The (2002)",5,2.3,2.5,0.9273618495495703,3.31385
8372,Garfield: The Movie (2004),5,2.3,2.0,1.6,3.31385
90890,Jack and Jill (2011),5,2.3,2.0,1.2884098726725124,3.31385
4020,"Gift, The (2000)",13,2.923076923076923,3.0,0.7029102647114256,3.31358
2803,"Pelican Brief, The (1993)",13,2.923076923076923,3.0,0.6458790624517948,3.31358
830,"First Wives Club, The (1996)",21,3.0714285714285716,3.0,1.049781318335648,3.3133999999999997
4734,Jay and Silent Bob Strike Back (2001),34,3.161764705882353,3.5,1.0621882811614323,3.312183606557377
3524,Arthur (1981),10,2.8,2.0,0.9797958971132712,3.3119783783783783
7150,Stuck on You (2003),10,2.8,3.0,0.9797958971132712,3.3119783783783783
7154,Mona Lisa Smile (2003),10,2.8,3.0,1.0295630140987,3.3119783783783783
1328,"Amityville Curse, The (1990)",2,0.75,0.5,0.25,3.311834482758621
8290,Mitchell (1975),2,0.75,0.5,0.25,3.311834482758621
55292,"Comebacks, The (2007)",2,0.75,0.5,0.25,3.311834482758621
59306,Prom Night (2008),2,0.75,0.5,0.25,3.311834482758621
4125,Leonard Part 6 (1987),2,0.75,0.5,0.25,3.311834482758621
4412,"Thing with Two Heads, The (1972)",2,0.75,0.5,0.25,3.311834482758621
5679,"Ring, The (2002)",47,3.202127659574468,3.5,0.8731184905822634,3.311394594594594
79293,Salt (2010),15,2.966666666666667,3.0,0.784573486395988,3.310552380952381
97836,Here Comes the Boom (2012),7,2.5714285714285716,2.5,1.1473127431577865,3.3100941176470586
704,"Quest, The (1996)",7,2.5714285714285716,3.0,1.0151907431108496,3.3100941176470586
42725,Grandma's Boy (2006),7,2.5714285714285716,3.0,1.0151907431108496,3.3100941176470586
436,Color of Night (1994),7,2.5714285714285716,2.0,0.8630747123996123,3.3100941176470586
1855,Krippendorf's Tribe (1998),7,2.5714285714285716,2.0,0.7284313590846835,3.3100941176470586
2906,Random Hearts (1999),7,2.5714285714285716,2.0,1.3997084244475304,3.3100941176470586
4109,Flowers in the Attic (1987),7,2.5714285714285716,2.5,0.9793792286287206,3.3100941176470586
24,Powder (1995),28,3.125,3.0,0.9966461615982732,3.3098763636363637
2340,Meet Joe Black (1998),20,3.05,3.5,1.16081867662439,3.309429787234043
88405,Friends with Benefits (2011),20,3.05,3.0,0.9987492177719088,3.309429787234043
2393,Star Trek: Insurrection (1998),33,3.1515151515151514,3.0,1.083518738107947,3.3090533333333334
1378,Young Guns (1988),25,3.1,3.0,1.0392304845413263,3.308523076923077
2120,Needful Things (1993),4,2.0,2.0,0.0,3.307845161290323
1999,"Exorcist III, The (1990)",4,2.0,1.0,1.7677669529663689,3.307845161290323
3190,Supernova (2000),4,2.0,1.0,1.224744871391589,3.307845161290323
7257,"Big Bounce, The (2004)",4,2.0,2.0,0.9354143466934853,3.307845161290323
34336,Must Love Dogs (2005),4,2.0,2.0,0.9354143466934853,3.307845161290323
112911,Hercules (2014),4,2.0,1.5,1.2747548783981963,3.307845161290323
3572,Carnosaur (1993),4,2.0,2.0,0.7071067811865476,3.307845161290323
3802,Freejack (1992),4,2.0,2.0,0.0,3.307845161290323
53435,Hostel: Part II (2007),4,2.0,1.5,1.118033988749895,3.307845161290323
3909,Woman on Top (2000),4,2.0,2.0,0.7071067811865476,3.307845161290323
158813,Alice Through the Looking Glass (2016),4,2.0,1.5,0.7905694150420949,3.307845161290323
3225,Down to You (2000),4,2.0,1.0,1.0,3.307845161290323
6687,My Boss's Daughter (2003),4,2.0,1.0,1.224744871391589,3.307845161290323
692,Solo (1996),4,2.0,1.0,1.2247448713915892,3.307845161290323
2882,Jakob the Liar (1999),4,2.0,2.0,0.6123724356957945,3.307845161290323
3584,Breathless (1983),4,2.0,2.0,0.7071067811865476,3.307845161290323
239,"Goofy Movie, A (1995)",17,3.0,3.0,1.0289915108550531,3.3078
3717,Gone in 60 Seconds (2000),61,3.221311475409836,3.5,0.8124269962861551,3.307309090909091
2694,Big Daddy (1999),48,3.1979166666666665,3.5,0.9227426472508765,3.3072426666666663
5247,Smokey and the Bandit (1977),9,2.7222222222222223,2.5,1.1083298524033336,3.3067555555555552
47122,John Tucker Must Die (2006),9,2.7222222222222223,3.0,1.2496913199113324,3.3067555555555552
160438,Jason Bourne (2016),9,2.7222222222222223,2.5,1.003081671403766,3.3067555555555552
47518,Accepted (2006),14,2.9285714285714284,3.0,0.8835226340609271,3.305931707317073
51086,"Number 23, The (2007)",14,2.9285714285714284,3.0,0.9035079029052513,3.305931707317073
84374,No Strings Attached (2011),14,2.9285714285714284,3.0,0.8835226340609273,3.305931707317073
1769,"Replacement Killers, The (1998)",14,2.9285714285714284,3.0,0.7284313590846836,3.305931707317073
8861,Resident Evil: Apocalypse (2004),14,2.9285714285714284,3.0,0.9609731462195508,3.305931707317073
6281,Phone Booth (2002),32,3.140625,3.5,0.8219106456148381,3.3058169491525424
32031,Robots (2005),19,3.026315789473684,3.0,0.9930506454796426,3.3052869565217393
103249,World War Z (2013),19,3.026315789473684,3.0,0.850289180073869,3.3052869565217393
2881,Double Jeopardy (1999),19,3.026315789473684,3.0,1.1177242411365949,3.3052869565217393
2371,Fletch (1985),24,3.0833333333333335,3.0,1.0474837574980447,3.30476862745098
1092,Basic Instinct (1992),47,3.1914893617021276,3.0,0.8026100473982984,3.3046378378378374
191,"Scarlet Letter, The (1995)",6,2.4166666666666665,2.0,1.3043729868748775,3.304339393939394
2787,Cat's Eye (1985),6,2.4166666666666665,2.0,0.44876373392787533,3.304339393939394
2092,"Return of Jafar, The (1994)",6,2.4166666666666665,2.0,0.9316949906249123,3.304339393939394
3987,Bounce (2000),6,2.4166666666666665,2.0,1.0960788698304922,3.304339393939394
611,Hellraiser: Bloodline (1996),6,2.4166666666666665,2.0,1.3043729868748775,3.304339393939394
1018,That Darn Cat! (1965),6,2.4166666666666665,2.0,0.8374896350934075,3.304339393939394
155,Beyond Rangoon (1995),6,2.4166666666666665,2.0,1.2388390622765422,3.304339393939394
66203,He's Just Not That Into You (2009),11,2.8181818181818183,3.0,0.9833321660356333,3.3037684210526317
4386,Cats & Dogs (2001),11,2.8181818181818183,3.0,0.8600403603829319,3.3037684210526317
742,Thinner (1996),11,2.8181818181818183,3.0,1.050383637117395,3.3037684210526317
1665,Bean (1997),16,2.96875,3.0,0.9596345332990054,3.3033302325581397
4471,Arthur 2: On the Rocks (1988),3,1.5,1.0,1.0801234497346435,3.30144
7016,Over the Top (1987),3,1.5,1.0,1.0801234497346435,3.30144
27434,Darkness (2002),3,1.5,1.5,0.816496580927726,3.30144
1322,Amityville 1992: It's About Time (1992),3,1.5,2.0,0.7071067811865476,3.30144
5556,FearDotCom (a.k.a. Fear.com) (a.k.a. Fear Dot Com) (2002),3,1.5,1.5,0.408248290463863,3.30144
56176,Alvin and the Chipmunks (2007),3,1.5,2.0,0.7071067811865476,3.30144
2465,Deadly Friend (1986),3,1.5,1.5,0.408248290463863,3.30144
26686,Ghost Dad (1990),3,1.5,1.0,0.7071067811865476,3.30144
3884,"Crew, The (2000)",3,1.5,1.5,0.408248290463863,3.30144
4483,Caddyshack II (1988),3,1.5,1.5,0.408248290463863,3.30144
3908,Urban Legends: Final Cut (2000),3,1.5,1.0,0.7071067811865476,3.30144
7155,Calendar Girls (2003),8,2.625,3.0,1.5155444566227674,3.301234285714286
92,Mary Reilly (1996),8,2.625,2.0,0.960143218483576,3.301234285714286
2014,Freaky Friday (1977),8,2.625,2.0,0.6959705453537528,3.301234285714286
70336,G.I. Joe: The Rise of Cobra (2009),8,2.625,2.5,0.5994789404140899,3.301234285714286
4132,Mannequin (1987),8,2.625,2.5,1.023169096484056,3.301234285714286
4719,Osmosis Jones (2001),8,2.625,3.0,0.7806247497997998,3.301234285714286
78105,Prince of Persia: The Sands of Time (2010),13,2.8846153846153846,3.0,0.9230769230769232,3.3010800000000002
4679,Uncle Buck (1989),13,2.8846153846153846,3.0,1.0946345746736699,3.3010800000000002
4214,Revenge of the Nerds (1984),13,2.8846153846153846,3.0,0.812258156997803,3.3010800000000002
58025,Jumper (2008),18,3.0,3.0,0.8333333333333334,3.30096
3173,Any Given Sunday (1999),18,3.0,3.0,0.8819171036881968,3.30096
5151,40 Days and 40 Nights (2002),18,3.0,3.0,0.927960727138337,3.30096
108190,Divergent (2014),18,3.0,3.0,1.1055415967851332,3.30096
852,Tin Cup (1996),43,3.1744186046511627,3.0,0.9934888075950618,3.300617142857143
46530,Superman Returns (2006),25,3.08,3.0,0.9765244492586962,3.2989076923076928
8969,Bridget Jones: The Edge of Reason (2004),20,3.025,3.0,0.8870597499605086,3.2987914893617023
1616,"Peacemaker, The (1997)",20,3.025,3.0,1.1121488209767612,3.2987914893617023
3686,Flatliners (1990),15,2.933333333333333,3.0,0.771722460186015,3.2986476190476193
2688,"General's Daughter, The (1999)",15,2.933333333333333,3.0,0.9637888196533972,3.2986476190476193
2361,Pink Flamingos (1972),10,2.75,3.0,1.1672617529928753,3.2984648648648647
3484,"Skulls, The (2000)",10,2.75,3.0,0.9810708435174292,3.2984648648648647
4396,"Cannonball Run, The (1981)",10,2.75,2.5,1.25,3.2984648648648647
47044,Miami Vice (2006),10,2.75,2.5,0.8440971508067067,3.2984648648648647
1973,"Freddy's Dead: The Final Nightmare (Nightmare on Elm Street Part 6: Freddy's Dead, A) (1991)",5,2.2,2.0,0.4,3.298225
101025,Jack the Giant Slayer (2013),5,2.2,2.5,1.2884098726725126,3.298225
75,Big Bully (1996),5,2.2,3.0,0.9797958971132712,3.298225
3401,Baby... Secret of the Lost Legend (1985),5,2.2,2.0,0.9797958971132711,3.298225
64,Two if by Sea (1996),5,2.2,2.0,0.7483314773547882,3.298225
2163,Attack of the Killer Tomatoes! (1978),5,2.2,2.5,0.6782329983125269,3.298225
2001,Lethal Weapon 2 (1989),47,3.1808510638297873,3.0,0.8594006565370516,3.297881081081081
3263,White Men Can't Jump (1992),22,3.0454545454545454,3.0,0.9403709484353272,3.2967999999999997
5400,"Sum of All Fears, The (2002)",17,2.9705882352941178,3.0,0.8308498171662078,3.2964363636363636
3755,"Perfect Storm, The (2000)",44,3.1704545454545454,3.0,0.959066673541272,3.2963830985915488
332,Village of the Damned (1995),12,2.8333333333333335,3.0,1.0274023338281628,3.295979487179487
87,Dunston Checks In (1996),7,2.5,3.0,0.8864052604279182,3.2953882352941175
1975,Friday the 13th Part 2 (1981),7,2.5,2.0,1.0350983390135313,3.2953882352941175
2354,"Rugrats Movie, The (1998)",7,2.5,2.5,0.8864052604279182,3.2953882352941175
4744,Jeepers Creepers (2001),7,2.5,3.0,1.1338934190276817,3.2953882352941175
8808,"Princess Diaries 2: Royal Engagement, The (2004)",7,2.5,2.5,0.8017837257372732,3.2953882352941175
132046,Tomorrowland (2015),7,2.5,2.5,1.3627702877384937,3.2953882352941175
149354,Sisters (2015),7,2.5,2.0,1.164964745021435,3.2953882352941175
325,National Lampoon's Senior Trip (1995),7,2.5,2.0,1.1019463300386794,3.2953882352941175
5803,I Spy (2002),7,2.5,2.0,0.8017837257372732,3.2953882352941175
5672,Pokemon 4 Ever (a.k.a. Pokémon 4: The Movie) (2002),2,0.5,0.5,0.0,3.2945931034482756
4580,Cyborg (1989),2,0.5,0.5,0.0,3.2945931034482756
288,Natural Born Killers (1994),92,3.233695652173913,3.0,1.1191298224720463,3.2944806722689073
159,Clockers (1995),14,2.892857142857143,3.0,0.8899954138840794,3.2937365853658536
2901,Phantasm (1979),14,2.892857142857143,2.5,1.2842253283118001,3.2937365853658536
358,Higher Learning (1995),9,2.6666666666666665,3.0,0.4714045207910317,3.2928666666666664
829,Joe's Apartment (1996),9,2.6666666666666665,3.0,0.9428090415820634,3.2928666666666664
72407,"Twilight Saga: New Moon, The (2009)",9,2.6666666666666665,2.5,0.7453559924999299,3.2928666666666664
1390,My Fellow Americans (1996),9,2.6666666666666665,3.0,0.9428090415820632,3.2928666666666664
53121,Shrek the Third (2007),21,3.0238095238095237,3.0,1.0174219342486428,3.2925666666666666
31685,Hitch (2005),45,3.1666666666666665,3.0,0.7817359599705717,3.2922666666666665
112370,Transformers: Age of Extinction (2014),4,1.875,1.5,0.4145780987944249,3.291716129032258
103596,Sharknado (2013),4,1.875,1.5,0.960143218483576,3.291716129032258
132796,San Andreas (2015),4,1.875,1.5,0.649519052838329,3.291716129032258
1996,Poltergeist III (1988),4,1.875,1.0,0.8926785535678563,3.291716129032258
88356,"Smurfs, The (2011)",4,1.875,2.0,0.8926785535678563,3.291716129032258
42009,Cheaper by the Dozen 2 (2005),4,1.875,2.0,0.5448623679425842,3.291716129032258
98203,"Twilight Saga: Breaking Dawn - Part 2, The (2012)",4,1.875,1.5,0.739509972887452,3.291716129032258
104076,"Smurfs 2, The (2013)",4,1.875,1.5,1.0825317547305484,3.291716129032258
6695,Jeepers Creepers 2 (2003),4,1.875,1.5,0.739509972887452,3.291716129032258
78467,Jonah Hex (2010),4,1.875,2.0,0.21650635094610965,3.291716129032258
1382,Marked for Death (1990),4,1.875,2.0,0.5448623679425841,3.291716129032258
114180,"Maze Runner, The (2014)",16,2.9375,3.0,0.9662265521087692,3.2917023255813955
7,Sabrina (1995),54,3.185185185185185,3.0,0.9684671751846579,3.2906567901234562
44840,"Benchwarmers, The (2006)",11,2.772727272727273,3.0,0.7793830999764657,3.2906105263157897
4149,Saving Silverman (Evil Woman) (2001),11,2.772727272727273,2.5,0.5785419118799026,3.2906105263157897
6338,Daddy Day Care (2003),6,2.3333333333333335,2.5,0.9428090415820634,3.289187878787879
414,"Air Up There, The (1994)",6,2.3333333333333335,2.0,0.4714045207910316,3.289187878787879
217,"Babysitter, The (1995)",6,2.3333333333333335,2.0,1.3743685418725535,3.289187878787879
444,Even Cowgirls Get the Blues (1993),6,2.3333333333333335,2.0,0.7453559924999299,3.289187878787879
3392,She-Devil (1989),6,2.3333333333333335,2.0,1.1055415967851332,3.289187878787879
71520,"Invention of Lying, The (2009)",6,2.3333333333333335,1.5,1.4337208778404378,3.289187878787879
108945,RoboCop (2014),6,2.3333333333333335,2.5,0.6236095644623235,3.289187878787879
5048,Snow Dogs (2002),6,2.3333333333333335,2.0,1.5723301886761007,3.289187878787879
31427,Hide and Seek (2005),6,2.3333333333333335,2.5,0.6871842709362768,3.289187878787879
3968,Bedazzled (2000),27,3.074074074074074,3.0,0.7162622076227301,3.287837037037037
4133,Masters of the Universe (1987),8,2.5625,3.0,0.8816709987291178,3.2869485714285718
1858,Mr. Nice Guy (Yat goh ho yan) (1997),8,2.5625,2.5,0.5266343608235224,3.2869485714285718
55995,Beowulf (2007),8,2.5625,2.5,0.6343057228182637,3.2869485714285718
710,Celtic Pride (1996),8,2.5625,2.5,0.4635124054434789,3.2869485714285718
5309,Three Men and a Little Lady (1990),8,2.5625,2.0,0.8816709987291178,3.2869485714285718
5900,Analyze That (2002),8,2.5625,2.5,0.8454843286542927,3.2869485714285718
2473,Soul Man (1986),8,2.5625,2.5,0.4635124054434789,3.2869485714285718
2378,Police Academy (1984),22,3.022727272727273,3.0,1.0496457489777717,3.2865959183673468
3624,Shanghai Noon (2000),43,3.1511627906976742,3.5,0.9914452905717305,3.2863314285714287
56775,National Treasure: Book of Secrets (2007),24,3.0416666666666665,3.0,0.9004242827072628,3.2851607843137254
7173,Along Came Polly (2004),24,3.0416666666666665,3.0,0.9565200236040831,3.2851607843137254
267,Major Payne (1995),17,2.9411764705882355,3.0,1.2588785034725116,3.285072727272727
174,Jury Duty (1995),10,2.7,2.0,1.4,3.284951351351351
3707,9 1/2 Weeks (Nine 1/2 Weeks) (1986),10,2.7,3.0,0.7810249675906654,3.284951351351351
2142,"American Tail: Fievel Goes West, An (1991)",10,2.7,3.0,0.7483314773547883,3.284951351351351
1541,Addicted to Love (1997),10,2.7,3.0,0.9797958971132712,3.284951351351351
2119,Maximum Overdrive (1986),3,1.3333333333333333,1.0,0.4714045207910317,3.2847733333333333
49276,Let's Go to Prison (2006),3,1.3333333333333333,0.5,1.1785113019775793,3.2847733333333333
44731,Stay Alive (2006),3,1.3333333333333333,1.5,0.6236095644623235,3.2847733333333333
4845,Corky Romano (2001),3,1.3333333333333333,0.5,1.1785113019775793,3.2847733333333333
3324,Drowning Mona (2000),3,1.3333333333333333,1.0,0.4714045207910317,3.2847733333333333
3393,Date with an Angel (1987),3,1.3333333333333333,1.0,0.4714045207910317,3.2847733333333333
30825,Meet the Fockers (2004),33,3.106060606060606,3.5,0.9594630423628827,3.2840533333333335
1407,Scream (1996),70,3.2,3.0,1.1874342087037917,3.2839505154639177
2567,EDtv (1999),19,2.973684210526316,3.0,0.7340171411042816,3.2835478260869566
3270,"Cutting Edge, The (1992)",12,2.7916666666666665,2.5,1.1448859720028404,3.283158974358974
2532,Conquest of the Planet of the Apes (1972),12,2.7916666666666665,2.5,1.0696248044161196,3.283158974358974
881,First Kid (1996),5,2.1,2.0,0.8,3.2826
4241,Pokémon 3: The Movie (2001),5,2.1,3.0,1.1135528725660044,3.2826
1667,Mad City (1997),5,2.1,2.0,0.19999999999999998,3.2826
2498,My Favorite Martian (1999),5,2.1,2.0,0.66332495807108,3.2826
3864,Godzilla 2000 (Gojira ni-sen mireniamu) (1999),5,2.1,2.0,1.019803902718557,3.2826
39400,"Fog, The (2005)",5,2.1,2.0,1.019803902718557,3.2826
122902,Fantastic Four (2015),5,2.1,2.0,0.66332495807108,3.2826
2888,Drive Me Crazy (1999),5,2.1,1.5,0.9695359714832659,3.2826
6951,"Cat in the Hat, The (2003)",5,2.1,2.5,0.8602325267042626,3.2826
8985,Blade: Trinity (2004),14,2.857142857142857,3.0,1.007623998547563,3.281541463414634
5219,Resident Evil (2002),30,3.0833333333333335,3.0,0.8858454843945541,3.281459649122807
1792,U.S. Marshals (1998),23,3.0217391304347827,3.0,1.0475464176658051,3.2808640000000002
2328,Vampires (1998),7,2.4285714285714284,2.0,1.1473127431577863,3.2806823529411764
1971,"Nightmare on Elm Street 4: The Dream Master, A (1988)",7,2.4285714285714284,2.5,0.9422075684480656,3.2806823529411764
6763,Duplex (2003),7,2.4285714285714284,2.0,1.178030178747903,3.2806823529411764
1863,Major League: Back to the Minors (1998),7,2.4285714285714284,2.0,0.4948716593053935,3.2806823529411764
2470,Crocodile Dundee (1986),57,3.175438596491228,3.0,0.900736677403048,3.280276190476191
2416,Back to School (1986),16,2.90625,3.0,0.8518133231524381,3.2800744186046513
4344,Swordfish (2001),34,3.1029411764705883,3.0,0.8893108019259327,3.279396721311475
2034,"Black Hole, The (1979)",9,2.611111111111111,3.0,1.0999438818457408,3.2789777777777775
2860,Blue Streak (1999),9,2.611111111111111,3.0,0.5665577237325317,3.2789777777777775
2505,8MM (1999),18,2.9444444444444446,3.0,0.8314794192830981,3.2787377777777778
317,"Santa Clause, The (1994)",81,3.2037037037037037,3.0,1.0563674590334564,3.2781777777777776
1320,Alien³ (a.k.a. Alien 3) (1992),47,3.148936170212766,3.0,0.9335068497225661,3.2776108108108106
4291,Nine to Five (a.k.a. 9 to 5) (1980),11,2.727272727272727,3.0,0.9381712472977406,3.2774526315789476
2334,"Siege, The (1998)",13,2.8076923076923075,3.0,0.8887861544839494,3.2760800000000003
39446,Saw II (2005),13,2.8076923076923075,3.0,1.248667929288302,3.2760800000000003
3689,Porky's II: The Next Day (1983),4,1.75,1.0,0.82915619758885,3.2755870967741934
2786,Haunted Honeymoon (1986),4,1.75,2.0,0.4330127018922193,3.2755870967741934
8967,Seed of Chucky (Child's Play 5) (2004),4,1.75,1.5,0.9013878188659973,3.2755870967741934
2149,House II: The Second Story (1987),4,1.75,1.0,1.299038105676658,3.2755870967741934
1602,Leave It to Beaver (1997),4,1.75,2.0,0.4330127018922193,3.2755870967741934
1731,Mr. Magoo (1997),4,1.75,1.0,0.82915619758885,3.2755870967741934
3258,Death Becomes Her (1992),15,2.8666666666666667,3.0,0.8459051693633013,3.2748380952380955
59900,You Don't Mess with the Zohan (2008),15,2.8666666666666667,3.0,1.1323525167642017,3.2748380952380955
2036,Blank Check (1994),6,2.25,2.0,0.9464847243000456,3.274036363636364
3889,Highlander: Endgame (Highlander IV) (2000),6,2.25,2.0,0.6922186552431729,3.274036363636364
3511,Ready to Rumble (2000),6,2.25,1.5,1.181453906563152,3.274036363636364
33085,"Amityville Horror, The (2005)",6,2.25,2.5,0.8539125638299665,3.274036363636364
459,"Getaway, The (1994)",6,2.25,2.0,0.5590169943749475,3.274036363636364
7163,Paycheck (2003),17,2.911764705882353,2.5,0.8442764761416074,3.2737090909090907
5620,Sweet Home Alabama (2002),28,3.0535714285714284,3.0,1.0718749070327798,3.2735127272727267
34048,War of the Worlds (2005),50,3.15,3.5,0.8845903006477067,3.2732883116883116
2162,"NeverEnding Story II: The Next Chapter, The (1990)",8,2.5,2.5,0.8660254037844386,3.2726628571428575
79224,"Karate Kid, The (2010)",8,2.5,2.0,1.224744871391589,3.2726628571428575
55261,"Heartbreak Kid, The (2007)",8,2.5,2.5,0.82915619758885,3.2726628571428575
30894,White Noise (2005),8,2.5,2.0,0.7071067811865476,3.2726628571428575
416,Bad Girls (1994),8,2.5,2.0,0.8660254037844386,3.2726628571428575
2805,Mickey Blue Eyes (1999),23,3.0,3.0,0.8469895538599198,3.2708640000000004
3101,Fatal Attraction (1987),36,3.0972222222222223,3.0,1.1715341582517418,3.2705269841269837
111360,Lucy (2014),14,2.8214285714285716,3.0,0.746590891441674,3.2693463414634145
51412,Next (2007),14,2.8214285714285716,3.0,1.12768952884621,3.2693463414634145
4700,"Princess Diaries, The (2001)",27,3.037037037037037,3.0,0.9420812845908819,3.2693185185185185
4343,Evolution (2001),27,3.037037037037037,3.0,0.7926272058900999,3.2693185185185185
1974,Friday the 13th (1980),16,2.875,3.0,1.231107225224513,3.268446511627907
2942,Flashdance (1983),16,2.875,3.0,0.9270248108869578,3.268446511627907
1324,Amityville: Dollhouse (1996),3,1.1666666666666667,1.0,0.6236095644623235,3.2681066666666667
50189,American Pie Presents The Naked Mile (American Pie 5: The Naked Mile) (2006),3,1.1666666666666667,1.0,0.6236095644623235,3.2681066666666667
83177,Yogi Bear (2010),3,1.1666666666666667,1.0,0.6236095644623235,3.2681066666666667
5502,Signs (2002),63,3.1666666666666665,3.5,0.9759000729485331,3.267146666666666
3690,Porky's Revenge (1985),5,2.0,2.0,0.8944271909999159,3.266975
33158,xXx: State of the Union (2005),5,2.0,2.0,0.44721359549995787,3.266975
2188,54 (1998),5,2.0,2.0,0.6324555320336759,3.266975
1015,Homeward Bound: The Incredible Journey (1993),20,2.95,3.0,0.9069178573608527,3.266876595744681
61160,Star Wars: The Clone Wars (2008),7,2.357142857142857,2.5,0.9147320339189784,3.2659764705882353
74530,Percy Jackson & the Olympians: The Lightning Thief (2010),7,2.357142857142857,2.5,0.8748177652797064,3.2659764705882353
4,Waiting to Exhale (1995),7,2.357142857142857,3.0,0.7889543583705185,3.2659764705882353
3394,Blind Date (1987),7,2.357142857142857,3.0,0.7889543583705186,3.2659764705882353
49274,Happy Feet (2006),11,2.6818181818181817,2.5,1.3016200966614866,3.264294736842105
640,Diabolique (1996),11,2.6818181818181817,3.0,1.1336330830309023,3.264294736842105
3285,"Beach, The (2000)",32,3.0625,3.0,1.0135796712641785,3.26344406779661
839,"Crow: City of Angels, The (1996)",15,2.8333333333333335,3.0,1.1642832797715321,3.2629333333333337
1488,"Devil's Own, The (1997)",15,2.8333333333333335,3.0,1.1352924243950935,3.2629333333333337
836,Chain Reaction (1996),17,2.8823529411764706,3.0,0.8140207354763557,3.2623454545454544
6548,Bad Boys II (2003),17,2.8823529411764706,3.0,1.1823383083671635,3.2623454545454544
7004,Kindergarten Cop (1990),17,2.8823529411764706,3.0,0.849384063423156,3.2623454545454544
45672,Click (2006),23,2.9782608695652173,3.0,1.0680972605685433,3.260864
3438,Teenage Mutant Ninja Turtles (1990),25,3.0,3.0,1.067707825203131,3.260446153846154
4018,What Women Want (2000),54,3.138888888888889,3.0,0.8244901155364348,3.2597925925925924
60074,Hancock (2008),29,3.0344827586206895,3.0,0.8297385803804114,3.2596999999999996
4305,Angel Eyes (2001),4,1.625,1.5,0.739509972887452,3.259458064516129
4686,Weekend at Bernie's II (1993),4,1.625,1.5,0.414578098794425,3.259458064516129
4502,Ernest Saves Christmas (1988),4,1.625,1.0,1.0825317547305484,3.259458064516129
2315,Bride of Chucky (Child's Play 4) (1998),6,2.1666666666666665,2.0,1.1055415967851334,3.2588848484848487
3063,Poison Ivy (1992),6,2.1666666666666665,2.0,0.8975274678557505,3.2588848484848487
4812,SpaceCamp (1986),6,2.1666666666666665,2.0,0.6871842709362768,3.2588848484848487
45726,"You, Me and Dupree (2006)",6,2.1666666666666665,2.5,0.7993052538854533,3.2588848484848487
3835,"Crush, The (1993)",6,2.1666666666666665,2.0,0.8498365855987975,3.2588848484848487
32011,Cursed (2005),6,2.1666666666666665,2.0,0.4714045207910317,3.2588848484848487
4774,Big Trouble (2002),6,2.1666666666666665,2.5,0.6871842709362768,3.2588848484848487
4447,Legally Blonde (2001),64,3.15625,3.5,0.9390612000822951,3.2587164835164835
1020,Cool Runnings (1993),37,3.081081081081081,3.0,0.7842496285701032,3.2584875
32019,Be Cool (2005),8,2.4375,2.0,0.982264602843857,3.2583771428571433
544,Striking Distance (1993),8,2.4375,3.0,0.7680128579652817,3.2583771428571433
2723,Mystery Men (1999),39,3.08974358974359,3.5,1.05533926293624,3.2582303030303033
1007,"Apple Dumpling Gang, The (1975)",10,2.6,2.0,0.6244997998398397,3.257924324324324
258,"Kid in King Arthur's Court, A (1995)",10,2.6,3.0,1.019803902718557,3.257924324324324
91094,"Muppets, The (2011)",10,2.6,2.0,1.3190905958272918,3.257924324324324
798,Daylight (1996),12,2.7083333333333335,2.0,1.0889278621143317,3.2575179487179486
1772,Blues Brothers 2000 (1998),12,2.7083333333333335,2.5,1.0299339245256898,3.2575179487179486
1991,Child's Play (1988),12,2.7083333333333335,3.0,0.7761640004248817,3.2575179487179486
100,City Hall (1996),14,2.7857142857142856,3.0,0.6738557951469002,3.257151219512195
542,Son in Law (1993),14,2.7857142857142856,3.0,1.2205719636167902,3.257151219512195
45447,"Da Vinci Code, The (2006)",49,3.122448979591837,3.5,0.8423158809587323,3.2571473684210526
4054,Save the Last Dance (2001),16,2.84375,3.0,1.071196031312663,3.256818604651163
1894,Six Days Seven Nights (1998),16,2.84375,3.0,0.764827390657526,3.256818604651163
533,"Shadow, The (1994)",18,2.888888888888889,3.0,0.6781419786518724,3.2565155555555556
1027,Robin Hood: Prince of Thieves (1991),28,3.017857142857143,3.0,0.8502325612226723,3.255330909090909
6287,Anger Management (2003),34,3.0588235294117645,3.0,0.990875325171942,3.254806557377049
315,"Specialist, The (1994)",38,3.0789473684210527,3.0,0.9701215047982505,3.2545107692307695
2424,You've Got Mail (1998),50,3.12,3.5,1.0934349546269315,3.2538077922077924
2683,Austin Powers: The Spy Who Shagged Me (1999),121,3.1983471074380163,3.5,1.2102853615474038,3.25367027027027
2818,Iron Eagle IV (1995),3,1.0,1.0,0.0,3.25144
156607,The Huntsman Winter's War (2016),3,1.0,1.0,0.408248290463863,3.25144
1526,Fathers' Day (1997),3,1.0,0.5,0.7071067811865476,3.25144
125916,Fifty Shades of Grey (2015),3,1.0,0.5,0.7071067811865476,3.25144
6624,Agent Cody Banks (2003),5,1.9,2.0,0.8,3.25135
5573,Stealing Harvard (2002),7,2.2857142857142856,2.5,0.45175395145262565,3.251270588235294
2169,Dead Man on Campus (1998),7,2.2857142857142856,2.0,0.8390957231764807,3.251270588235294
40339,Chicken Little (2005),7,2.2857142857142856,2.0,1.1605769149479943,3.251270588235294
110730,Transcendence (2014),7,2.2857142857142856,2.5,1.0973065354098013,3.251270588235294
2815,Iron Eagle (1986),7,2.2857142857142856,2.0,0.6998542122237651,3.251270588235294
5363,"New Guy, The (2002)",9,2.5,2.5,0.8164965809277259,3.2512
5784,Ghost Ship (2002),9,2.5,2.5,1.2472191289246473,3.2512
66,Lawnmower Man 2: Beyond Cyberspace (1996),9,2.5,3.0,1.0540925533894598,3.2512
120799,Terminator Genisys (2015),9,2.5,2.5,0.881917103688197,3.2512
93326,This Means War (2012),11,2.6363636363636362,2.5,0.8552221691921263,3.251136842105263
110553,The Amazing Spider-Man 2 (2014),11,2.6363636363636362,2.5,0.8282212344676635,3.251136842105263
3156,Bicentennial Man (1999),15,2.8,3.0,1.0923979738782625,3.2510285714285714
5419,Scooby-Doo (2002),17,2.8529411764705883,2.5,1.2691440594347891,3.2509818181818178
2375,"Money Pit, The (1986)",21,2.9285714285714284,3.0,1.083267920578793,3.2508999999999997
1347,"Nightmare on Elm Street, A (1984)",27,3.0,3.0,1.1785113019775793,3.2508
724,"Craft, The (1996)",31,3.032258064516129,3.0,0.9240119733808065,3.2507448275862068
4890,Shallow Hal (2001),31,3.032258064516129,3.0,0.8513318206707515,3.2507448275862068
3988,How the Grinch Stole Christmas (a.k.a. The Grinch) (2000),33,3.0454545454545454,3.0,0.8381404052084444,3.2507200000000003
637,Sgt. Bilko (1996),33,3.0454545454545454,3.0,1.025165443881047,3.2507200000000003
3617,Road Trip (2000),41,3.0853658536585367,3.0,0.993285009477914,3.250635294117647
2100,Splash (1984),51,3.1176470588235294,3.0,0.9629826790438178,3.2505538461538457
48,Pocahontas (1995),68,3.1470588235294117,3.0,1.0469101017975109,3.2478231578947367
1359,Jingle All the Way (1996),18,2.861111111111111,3.0,1.222537838036966,3.2454044444444445
4887,"One, The (2001)",14,2.75,2.5,1.1611263005006327,3.2449560975609755
71745,Where the Wild Things Are (2009),12,2.6666666666666665,2.5,1.1960583412006103,3.244697435897436
1459,Absolute Power (1997),12,2.6666666666666665,3.0,0.8740073734751264,3.244697435897436
2713,Lake Placid (1999),12,2.6666666666666665,3.0,0.8740073734751262,3.244697435897436
6264,"Core, The (2003)",8,2.375,3.0,1.165922381636102,3.2440914285714286
2539,Analyze This (1999),47,3.095744680851064,3.0,0.8228020228795535,3.2438270270270264
4158,Monkeybone (2001),6,2.0833333333333335,2.0,1.2720281268728124,3.2437333333333336
4748,3 Ninjas (1992),6,2.0833333333333335,1.5,1.2720281268728122,3.2437333333333336
5585,Ernest Scared Stupid (1991),6,2.0833333333333335,1.0,1.0960788698304922,3.2437333333333336
7319,Club Dread (2004),6,2.0833333333333335,2.0,0.731247032282677,3.2437333333333336
100498,"Good Day to Die Hard, A (2013)",6,2.0833333333333335,2.0,0.7861650943380503,3.2437333333333336
3041,Meatballs Part II (1984),6,2.0833333333333335,1.0,1.2388390622765422,3.2437333333333336
3766,Missing in Action (1984),6,2.0833333333333335,2.0,0.6066758241067098,3.2437333333333336
4215,Revenge of the Nerds II: Nerds in Paradise (1987),6,2.0833333333333335,2.0,0.7861650943380504,3.2437333333333336
4270,"Mummy Returns, The (2001)",45,3.088888888888889,3.5,1.1367052236319222,3.2436555555555557
1998,Exorcist II: The Heretic (1977),4,1.5,1.5,0.3535533905932738,3.2433290322580643
1330,April Fool's Day (1986),4,1.5,1.0,0.5,3.2433290322580643
2383,Police Academy 6: City Under Siege (1989),4,1.5,1.0,0.7905694150420949,3.2433290322580643
5879,Eight Crazy Nights (Adam Sandler's Eight Crazy Nights) (2002),4,1.5,1.0,0.7905694150420949,3.2433290322580643
1380,Grease (1978),68,3.139705882352941,3.0,1.117526115747262,3.24256
1805,Wild Things (1998),31,3.0161290322580645,3.0,1.0198345135185314,3.242124137931034
6934,"Matrix Revolutions, The (2003)",79,3.151898734177215,3.5,1.1372697440615798,3.24097358490566
3697,Predator 2 (1990),21,2.9047619047619047,3.0,1.05355461380179,3.240483333333333
3752,"Me, Myself & Irene (2000)",46,3.0869565217391304,3.0,0.8865195001784211,3.240317808219178
4084,Beverly Hills Cop II (1987),19,2.8684210526315788,3.0,0.7921008917522322,3.240069565217391
8810,AVP: Alien vs. Predator (2004),17,2.823529411764706,2.5,1.1624160497276181,3.239618181818182
2126,Snake Eyes (1998),15,2.7666666666666666,3.0,0.9463379711052259,3.2391238095238095
1030,Pete's Dragon (1977),15,2.7666666666666666,3.0,0.7039570693980959,3.2391238095238095
1726,"Postman, The (1997)",13,2.6923076923076925,2.5,1.1525633895208998,3.2385800000000002
3439,Teenage Mutant Ninja Turtles II: The Secret of the Ooze (1991),13,2.6923076923076925,3.0,0.8213137116947161,3.2385800000000002
45501,"Break-Up, The (2006)",11,2.590909090909091,2.5,0.924863179517082,3.237978947368421
2796,Funny Farm (1988),11,2.590909090909091,2.5,0.9958591954639383,3.237978947368421
3784,"Kid, The (2000)",11,2.590909090909091,2.5,1.2398346997259868,3.237978947368421
1689,"Man Who Knew Too Little, The (1997)",7,2.2142857142857144,2.0,0.9202927661946518,3.236564705882353
1976,Friday the 13th Part 3: 3D (1982),7,2.2142857142857144,2.0,1.1293848786315641,3.236564705882353
505,North (1994),7,2.2142857142857144,2.0,1.129384878631564,3.236564705882353
2121,Cujo (1983),7,2.2142857142857144,2.0,0.3642156795423418,3.236564705882353
5504,Spy Kids 2: The Island of Lost Dreams (2002),7,2.2142857142857144,2.5,1.2205719636167902,3.236564705882353
91104,"Twilight Saga: Breaking Dawn - Part 1, The (2011)",7,2.2142857142857144,2.0,0.9583148474999099,3.236564705882353
1876,Deep Impact (1998),43,3.0697674418604652,3.0,0.893005087024478,3.236331428571429
1993,Child's Play 3 (1991),5,1.8,2.0,0.9273618495495703,3.235725
4030,Dracula 2000 (2000),5,1.8,2.0,0.5099019513592785,3.235725
5378,Star Wars: Episode II - Attack of the Clones (2002),92,3.157608695652174,3.5,1.1275438577850234,3.235657142857143
4069,"Wedding Planner, The (2001)",22,2.909090909090909,2.5,0.9727697526833045,3.2355755102040815
5449,Mr. Deeds (2002),22,2.909090909090909,3.0,0.8067381522408567,3.2355755102040815
5283,National Lampoon's Van Wilder (2002),22,2.909090909090909,3.0,0.9248631795170821,3.2355755102040815
520,Robin Hood: Men in Tights (1993),69,3.130434782608696,3.0,1.05861604319324,3.234825
6483,From Justin to Kelly (2003),3,0.8333333333333334,0.5,0.4714045207910317,3.2347733333333335
6827,It's Pat (1994),3,0.8333333333333334,0.5,0.4714045207910317,3.2347733333333335
43919,Date Movie (2006),3,0.8333333333333334,1.0,0.23570226039551584,3.2347733333333335
61348,Disaster Movie (2008),3,0.8333333333333334,1.0,0.23570226039551584,3.2347733333333335
1920,Small Soldiers (1998),18,2.8333333333333335,3.0,0.8975274678557507,3.2342933333333335
2367,King Kong (1976),14,2.7142857142857144,3.0,0.9006800152084635,3.2327609756097564
1590,Event Horizon (1997),25,2.94,3.0,1.0031948963187562,3.2316000000000003
3608,Pee-wee's Big Adventure (1985),25,2.94,3.0,1.2026637102698328,3.2316000000000003
367,"Mask, The (1994)",157,3.1847133757961785,3.0,0.9988634053562786,3.231213043478261
6958,"Haunted Mansion, The (2003)",10,2.5,2.0,0.7071067811865476,3.2308972972972967
5621,"Tuxedo, The (2002)",10,2.5,2.5,1.224744871391589,3.2308972972972967
393,Street Fighter (1994),10,2.5,2.0,1.0246950765959597,3.2308972972972967
61250,"House Bunny, The (2008)",10,2.5,2.5,1.0,3.2308972972972967
3247,Sister Act (1992),36,3.0277777777777777,3.0,0.9856219444005652,3.230844444444444
1367,101 Dalmatians (1996),47,3.074468085106383,3.0,0.8871345421016759,3.2303135135135133
707,Mulholland Falls (1996),21,2.880952380952381,3.0,0.9747375947837486,3.2300666666666666
3054,Pokémon: The First Movie (1998),8,2.3125,2.0,1.0588171466310885,3.2298057142857144
1461,Vegas Vacation (National Lampoon's Las Vegas Vacation) (1997),8,2.3125,2.0,0.9662265521087691,3.2298057142857144
1806,Paulie (1998),8,2.3125,2.0,0.7473912964438373,3.2298057142857144
3705,Bird on a Wire (1990),8,2.3125,2.0,0.42847841252506524,3.2298057142857144
1722,Tomorrow Never Dies (1997),45,3.066666666666667,3.0,0.9865765724632495,3.2297666666666665
4369,"Fast and the Furious, The (2001)",45,3.066666666666667,3.0,0.9752492558885196,3.2297666666666665
4718,American Pie 2 (2001),45,3.066666666666667,3.5,1.2229290885229427,3.2297666666666665
3157,Stuart Little (1999),19,2.8421052631578947,3.0,0.974039764385355,3.2292
338,Virtuosity (1995),19,2.8421052631578947,3.0,0.9874559494365113,3.2292
833,High School High (1996),6,2.0,1.5,1.1902380714238083,3.2285818181818184
429,Cabin Boy (1994),6,2.0,2.0,0.6454972243679029,3.2285818181818184
2574,"Out-of-Towners, The (1999)",6,2.0,2.0,0.816496580927726,3.2285818181818184
4233,Tomcats (2001),6,2.0,2.0,1.1547005383792515,3.2285818181818184
275,Mixed Nuts (1994),6,2.0,2.0,0.5773502691896258,3.2285818181818184
3591,Mr. Mom (1983),15,2.7333333333333334,3.0,0.9104333522498441,3.2272190476190477
5248,Smokey and the Bandit III (1983),4,1.375,1.5,0.5448623679425842,3.2272
786,Eraser (1996),64,3.109375,3.0,1.028761201336345,3.2257494505494506
3004,"Bachelor, The (1999)",11,2.5454545454545454,2.5,1.2145808378079443,3.224821052631579
3388,Harry and the Hendersons (1987),11,2.5454545454545454,2.0,1.0543103186130185,3.224821052631579
2006,"Mask of Zorro, The (1998)",60,3.1,3.0,1.023881503560511,3.2246344827586206
5,Father of the Bride Part II (1995),49,3.0714285714285716,3.0,0.8978432207126098,3.2242526315789473
1513,Romy and Michele's High School Reunion (1997),29,2.9655172413793105,3.0,0.9553031156686254,3.2239857142857145
168,First Knight (1995),54,3.0833333333333335,3.0,1.286504019656601,3.222755555555555
111659,Maleficent (2014),16,2.75,3.0,1.25,3.2219348837209303
5530,Simone (S1m0ne) (2002),7,2.142857142857143,2.5,1.1561724325884748,3.221858823529412
39715,American Pie Presents: Band Camp (American Pie 4: Band Camp) (2005),7,2.142857142857143,2.5,0.989743318610787,3.221858823529412
1445,McHale's Navy (1997),7,2.142857142857143,2.0,0.832993127835043,3.221858823529412
1972,"Nightmare on Elm Street 5: The Dream Child, A (1989)",7,2.142857142857143,2.0,1.2737538928662149,3.221858823529412
1646,RocketMan (a.k.a. Rocket Man) (1997),7,2.142857142857143,2.0,0.9529760045804525,3.221858823529412
2381,Police Academy 4: Citizens on Patrol (1987),7,2.142857142857143,2.0,1.4321384039831018,3.221858823529412
3827,Space Cowboys (2000),23,2.891304347826087,3.0,0.7934038082997678,3.220864
71,Fair Game (1995),5,1.7,2.0,0.4,3.2201
4232,Spy Kids (2001),28,2.9464285714285716,3.0,1.1286787923614632,3.218967272727273
273,Mary Shelley's Frankenstein (Frankenstein) (1994),28,2.9464285714285716,3.0,1.0293833600951672,3.218967272727273
5308,Three Men and a Baby (1987),19,2.8157894736842106,3.0,0.9488292830168392,3.218330434782609
78772,"Twilight Saga: Eclipse, The (2010)",10,2.45,2.5,1.1280514172678475,3.2173837837837835
79,"Juror, The (1996)",17,2.764705882352941,2.0,1.1646464631307842,3.2168909090909086
1371,Star Trek: The Motion Picture (1979),45,3.0444444444444443,3.0,0.9476416471209066,3.2158777777777776
3863,"Cell, The (2000)",45,3.0444444444444443,3.0,1.0636531505577174,3.2158777777777776
6537,Terminator 3: Rise of the Machines (2003),45,3.0444444444444443,3.0,0.8744663275533776,3.2158777777777776
32296,Miss Congeniality 2: Armed and Fabulous (2005),8,2.25,2.0,0.7500000000000001,3.21552
4587,Earth Girls Are Easy (1988),8,2.25,2.0,0.7071067811865475,3.21552
2123,All Dogs Go to Heaven (1989),15,2.7,3.0,0.8906926143924924,3.215314285714286
3113,End of Days (1999),15,2.7,3.0,1.1944315244779276,3.215314285714286
227,Drop Zone (1994),22,2.8636363636363638,3.0,1.013340764073089,3.2151673469387756
5171,"Time Machine, The (2002)",22,2.8636363636363638,3.0,0.8552221691921263,3.2151673469387756
5872,Die Another Day (2002),27,2.925925925925926,3.0,0.9879243458036401,3.2137629629629627
111364,Godzilla (2014),13,2.6153846153846154,3.0,0.9436803189527152,3.2135800000000003
7318,"Passion of the Christ, The (2004)",13,2.6153846153846154,2.5,1.3467031846162767,3.2135800000000003
78893,"Last Airbender, The (2010)",6,1.9166666666666667,1.5,0.8858454843945541,3.2134303030303033
6212,Bringing Down the House (2003),6,1.9166666666666667,1.5,0.6066758241067098,3.2134303030303033
4676,Troop Beverly Hills (1989),6,1.9166666666666667,1.5,1.0573814617041266,3.2134303030303033
653,Dragonheart (1996),65,3.0923076923076924,3.0,0.8453142687886862,3.2124260869565218
2530,Beneath the Planet of the Apes (1970),18,2.7777777777777777,3.0,1.1693091766582882,3.212071111111111
7046,"Witches of Eastwick, The (1987)",11,2.5,2.5,1.2792042981336624,3.211663157894737
1342,Candyman (1992),11,2.5,2.5,1.0,3.211663157894737
5266,Panic Room (2002),37,3.0,3.0,1.0200688900954387,3.2116125
4124,Jaws: The Revenge (1987),4,1.25,1.0,0.4330127018922193,3.2110709677419353
2617,"Mummy, The (1999)",87,3.1206896551724137,3.0,1.1370599243233313,3.210905263157895
2840,Stigmata (1999),23,2.869565217391304,3.0,1.0238184208101406,3.210864
2735,"Golden Child, The (1986)",16,2.71875,3.0,1.0150238605569823,3.210306976744186
2408,Cocoon: The Return (1988),9,2.3333333333333335,3.0,0.8164965809277259,3.2095333333333333
2558,Forces of Nature (1999),9,2.3333333333333335,2.0,0.9428090415820634,3.2095333333333333
6615,Freddy vs. Jason (2003),9,2.3333333333333335,2.5,0.816496580927726,3.2095333333333333
809,Fled (1996),9,2.3333333333333335,2.0,0.7817359599705717,3.2095333333333333
2806,Teaching Mrs. Tingle (1999),9,2.3333333333333335,2.0,1.3333333333333333,3.2095333333333333
688,Operation Dumbo Drop (1995),9,2.3333333333333335,2.0,0.97182531580755,3.2095333333333333
46965,Snakes on a Plane (2006),14,2.642857142857143,3.0,1.2016145600900516,3.208370731707317
2826,"13th Warrior, The (1999)",26,2.9038461538461537,3.0,0.9807692307692307,3.208362264150943
8361,"Day After Tomorrow, The (2004)",50,3.05,3.0,0.8674675786448736,3.2083532467532465
135,Down Periscope (1996),31,2.9516129032258065,3.0,1.0108670719995094,3.2076413793103447
761,"Phantom, The (1996)",19,2.789473684210526,3.0,1.0427164608504709,3.2074608695652174
255,"Jerky Boys, The (1995)",7,2.0714285714285716,2.0,1.4249955245185717,3.2071529411764708
5106,Crossroads (2002),7,2.0714285714285716,2.0,1.1473127431577865,3.2071529411764708
427,Boxing Helena (1993),12,2.5416666666666665,3.0,1.0696248044161196,3.206235897435897
842,Tales from the Crypt Presents: Bordello of Blood (1996),12,2.5416666666666665,2.0,1.0095034532988099,3.206235897435897
92938,Ghost Rider: Spirit of Vengeance (2012),5,1.6,2.0,0.5830951894845301,3.204475
303,"Quick and the Dead, The (1995)",32,2.953125,3.0,0.8870542454523287,3.204122033898305
5220,Showtime (2002),10,2.4,2.5,0.9949874371066197,3.20387027027027
169,Free Willy 2: The Adventure Home (1995),10,2.4,3.0,0.9433981132056604,3.20387027027027
2279,Urban Legend (1998),10,2.4,2.0,0.5830951894845301,3.20387027027027
3986,"6th Day, The (2000)",20,2.8,2.5,0.9669539802906858,3.2030468085106385
3208,Loaded Weapon 1 (National Lampoon's Loaded Weapon 1) (1993),8,2.1875,2.0,0.9980449639169571,3.201234285714286
1005,D3: The Mighty Ducks (1996),8,2.1875,2.0,0.899218410621135,3.201234285714286
4899,Black Knight (2001),8,2.1875,2.0,0.8992184106211348,3.201234285714286
370,Naked Gun 33 1/3: The Final Insult (1994),58,3.060344827586207,3.0,1.0131786197787114,3.2005082352941177
1405,Beavis and Butt-Head Do America (1996),31,2.935483870967742,3.0,1.2230444264599276,3.199020689655172
2616,Dick Tracy (1990),26,2.8846153846153846,3.0,1.0405960968052832,3.1989283018867924
2405,"Jewel of the Nile, The (1985)",21,2.8095238095238093,3.0,0.7939681905015745,3.1988166666666666
410,Addams Family Values (1993),84,3.1011904761904763,3.0,0.7471364456916323,3.198587387387388
2122,Children of the Corn (1984),11,2.4545454545454546,3.0,1.1171096115858643,3.1985052631578945
82854,Gulliver's Travels (2010),6,1.8333333333333333,1.5,0.7993052538854533,3.198278787878788
117895,Maze Runner: Scorch Trials (2015),6,1.8333333333333333,1.0,1.0671873729054748,3.198278787878788
2748,Allan Quatermain and the Lost City of Gold (1987),6,1.8333333333333333,2.0,0.8498365855987975,3.198278787878788
82852,Little Fockers (2010),6,1.8333333333333333,1.0,1.1785113019775793,3.198278787878788
2548,"Rage: Carrie 2, The (1999)",6,1.8333333333333333,2.0,0.3726779962499649,3.198278787878788
33164,House of Wax (2005),6,1.8333333333333333,2.0,0.9860132971832694,3.198278787878788
1385,Under Siege (1992),24,2.8541666666666665,3.0,1.0356073768030472,3.196925490196078
69644,Ice Age: Dawn of the Dinosaurs (2009),14,2.607142857142857,3.0,1.3651082038297424,3.1961756097560974
3999,Vertical Limit (2000),14,2.607142857142857,2.5,0.7832754356950468,3.1961756097560974
2373,Red Sonja (1985),9,2.2777777777777777,2.0,0.9162456945817022,3.1956444444444445
2456,"Fly II, The (1989)",9,2.2777777777777777,2.0,0.9162456945817024,3.1956444444444445
5428,Cheech & Chong's The Corsican Brothers (1984),4,1.125,1.0,0.5448623679425842,3.194941935483871
6872,"House of the Dead, The (2003)",4,1.125,1.0,0.5448623679425841,3.194941935483871
50798,Epic Movie (2007),4,1.125,1.0,0.4145780987944249,3.194941935483871
1326,Amityville II: The Possession (1982),4,1.125,0.5,0.649519052838329,3.194941935483871
3973,Book of Shadows: Blair Witch 2 (2000),4,1.125,0.5,0.8196798155377502,3.194941935483871
442,Demolition Man (1993),81,3.0925925925925926,3.0,0.9879243458036401,3.1948444444444446
58293,"10,000 BC (2008)",17,2.7058823529411766,3.0,0.9084379536165,3.194163636363636
126,"NeverEnding Story III, The (1994)",7,2.0,2.0,0.7559289460184544,3.192447058823529
2500,Jawbreaker (1999),7,2.0,1.5,1.0350983390135313,3.192447058823529
8814,Without a Paddle (2004),7,2.0,2.5,1.0,3.192447058823529
5025,Orange County (2002),15,2.6333333333333333,2.5,0.7180219742846006,3.1915047619047616
1327,"Amityville Horror, The (1979)",15,2.6333333333333333,3.0,1.2310790208412923,3.1915047619047616
2794,European Vacation (aka National Lampoon's European Vacation) (1985),15,2.6333333333333333,3.0,0.4988876515698589,3.1915047619047616
2641,Superman II (1980),49,3.020408163265306,3.0,0.8803940657193057,3.191357894736842
2581,Never Been Kissed (1999),36,2.9583333333333335,3.0,1.0631125685144227,3.1911619047619046
52722,Spider-Man 3 (2007),44,3.0,3.0,0.9474847084398106,3.1907492957746477
1391,Mars Attacks! (1996),86,3.0930232558139537,3.0,1.1726327660910427,3.1906477876106196
1717,Scream 2 (1997),31,2.9193548387096775,3.0,0.9845317717439905,3.1904
87430,Green Lantern (2011),10,2.35,2.0,0.9500000000000001,3.1903567567567563
1969,"Nightmare on Elm Street 2: Freddy's Revenge, A (1985)",10,2.35,2.0,0.8958236433584459,3.1903567567567563
5463,Reign of Fire (2002),18,2.7222222222222223,2.5,1.003081671403766,3.1898488888888887
68319,X-Men Origins: Wolverine (2009),26,2.8653846153846154,2.5,0.9462242000109649,3.1894943396226414
6794,Beethoven's 2nd (1993),5,1.5,1.5,0.9486832980505138,3.18885
53993,Evan Almighty (2007),13,2.5384615384615383,2.5,1.08240363688233,3.18858
4025,Miss Congeniality (2000),64,3.0546875,3.0,0.9847159627749263,3.1872879120879123
122,Boomerang (1992),16,2.65625,3.0,0.7008644216251814,3.1870511627906977
575,"Little Rascals, The (1994)",16,2.65625,3.0,1.1688502630790651,3.1870511627906977
3693,"Toxic Avenger, The (1985)",8,2.125,2.0,0.8926785535678562,3.1869485714285717
2605,Entrapment (1999),43,2.988372093023256,3.0,0.9244003215977578,3.186331428571429
59725,Sex and the City (2008),11,2.409090909090909,2.5,0.9727697526833045,3.185347368421053
6294,Bulletproof Monk (2003),11,2.409090909090909,2.5,1.0184252955640036,3.185347368421053
6535,"Legally Blonde 2: Red, White & Blonde (2003)",11,2.409090909090909,2.5,0.9727697526833045,3.185347368421053
3824,Autumn in New York (2000),11,2.409090909090909,2.0,1.275969895238018,3.185347368421053
2770,Bowfinger (1999),38,2.960526315789474,3.0,1.0284222647194279,3.1852800000000006
1586,G.I. Jane (1997),22,2.7954545454545454,3.0,0.8615405191374939,3.1845551020408163
4974,Not Another Teen Movie (2001),14,2.5714285714285716,3.0,1.0832679205787927,3.1839804878048783
7367,"Ladykillers, The (2004)",14,2.5714285714285716,2.5,1.2226601977588347,3.1839804878048783
3005,"Bone Collector, The (1999)",25,2.84,3.0,1.1288932633336068,3.183523076923077
2598,Pushing Tin (1999),25,2.84,3.0,1.0170545708072898,3.183523076923077
4248,Josie and the Pussycats (2001),6,1.75,1.0,1.4361406616345072,3.183127272727273
2717,Ghostbusters II (1989),47,3.0,3.0,0.869090990021281,3.183016216216216
74789,Alice in Wonderland (2010),28,2.875,3.0,1.0318585866566905,3.182603636363636
3754,"Adventures of Rocky and Bullwinkle, The (2000)",9,2.2222222222222223,2.0,1.1573703697777589,3.1817555555555552
2372,Fletch Lives (1989),9,2.2222222222222223,2.0,1.204415743815489,3.1817555555555552
3877,Supergirl (1984),9,2.2222222222222223,2.0,1.1331154474650633,3.1817555555555552
1552,Con Air (1997),59,3.0338983050847457,3.0,1.0162426924692385,3.1807348837209304
2379,Police Academy 2: Their First Assignment (1985),12,2.4583333333333335,2.0,1.2325166214790868,3.1805948717948715
4876,Thirteen Ghosts (a.k.a. Thir13en Ghosts) (2001),12,2.4583333333333335,2.5,0.6909634979907083,3.1805948717948715
47810,"Wicker Man, The (2006)",4,1.0,1.0,0.3535533905932738,3.1788129032258063
3409,Final Destination (2000),35,2.9285714285714284,3.0,1.0699990463470859,3.178116129032258
372,Reality Bites (1994),21,2.761904761904762,3.0,1.0759165264471433,3.177983333333333
37386,Aeon Flux (2005),21,2.761904761904762,2.5,0.8946806775264732,3.177983333333333
1681,Mortal Kombat: Annihilation (1997),7,1.9285714285714286,2.0,0.9035079029052513,3.177741176470588
2380,Police Academy 3: Back in Training (1986),10,2.3,2.0,1.2884098726725126,3.1768432432432427
2793,"American Werewolf in Paris, An (1997)",10,2.3,2.0,0.8717797887081347,3.1768432432432427
8947,"Grudge, The (2004)",10,2.3,2.0,0.45825756949558394,3.1768432432432427
3269,Forever Young (1992),27,2.8518518518518516,3.0,0.7795394511055255,3.1767259259259255
996,Last Man Standing (1996),13,2.5,2.5,0.7337993857053428,3.1760800000000002
1100,Days of Thunder (1990),19,2.710526315789474,3.0,1.1392032011533348,3.1748521739130435
4104,Ernest Goes to Camp (1987),5,1.4,1.5,0.3741657386773941,3.173225
1377,Batman Returns (1992),60,3.025,3.0,0.8728545125048043,3.172910344827586
93270,Project X (2012),8,2.0625,1.5,1.3564084008881692,3.1726628571428575
4368,Dr. Dolittle 2 (2001),11,2.3636363636363638,2.5,0.6428243465332251,3.1721894736842104
87520,Transformers: Dark of the Moon (2011),11,2.3636363636363638,2.5,1.0464422212019397,3.1721894736842104
5128,Queen of the Damned (2002),11,2.3636363636363638,2.5,0.5677270907634907,3.1721894736842104
4310,Pearl Harbor (2001),43,2.9651162790697674,3.0,1.1533336355327852,3.1720457142857144
6564,Lara Croft Tomb Raider: The Cradle of Life (2003),17,2.6470588235294117,3.0,0.9665692191267636,3.1714363636363636
2628,Star Wars: Episode I - The Phantom Menace (1999),140,3.107142857142857,3.0,1.1176916810451578,3.1709173652694607
1995,Poltergeist II: The Other Side (1986),6,1.6666666666666667,2.0,0.4714045207910317,3.167975757575758
437,Cops and Robbersons (1994),9,2.1666666666666665,2.0,0.6666666666666666,3.1678666666666664
405,Highlander III: The Sorcerer (a.k.a. Highlander: The Final Dimension) (1994),12,2.4166666666666665,2.5,0.7312470322826768,3.1677743589743588
4153,Down to Earth (2001),12,2.4166666666666665,2.5,0.9537935951882996,3.1677743589743588
2606,Idle Hands (1999),15,2.566666666666667,2.5,0.8919392106839767,3.167695238095238
540,Sliver (1993),18,2.6666666666666665,3.0,0.8819171036881968,3.167626666666666
4148,Hannibal (2001),39,2.9358974358974357,3.0,1.1276222270408216,3.1673212121212124
3861,"Replacements, The (2000)",19,2.6842105263157894,3.0,0.8305123072662896,3.1639826086956524
3316,Reindeer Games (2000),13,2.4615384615384617,2.0,0.9499299257868052,3.1635800000000005
1603,Mimic (1997),13,2.4615384615384617,2.5,0.8426500884694863,3.1635800000000005
6996,Highlander II: The Quickening (1991),7,1.8571428571428572,1.5,0.989743318610787,3.163035294117647
473,In the Army Now (1994),7,1.8571428571428572,1.5,0.7423074889580903,3.163035294117647
6880,"Texas Chainsaw Massacre, The (2003)",7,1.8571428571428572,2.0,1.124858267715973,3.163035294117647
5501,"Master of Disguise, The (2002)",7,1.8571428571428572,1.5,1.1561724325884748,3.163035294117647
2485,She's All That (1999),29,2.8448275862068964,3.0,1.0264052459404978,3.161485714285714
1779,Sphere (1998),23,2.760869565217391,3.0,0.8952721861727827,3.160864
2052,Hocus Pocus (1993),23,2.760869565217391,3.0,1.0515988367345934,3.160864
1388,Jaws 2 (1978),17,2.6176470588235294,2.5,0.9781346557832876,3.160072727272727
2153,"Avengers, The (1998)",11,2.3181818181818183,2.0,0.8054565975758796,3.1590315789473684
1485,Liar Liar (1997),74,3.0337837837837838,3.0,0.9702712113222871,3.1588435643564354
1597,Conspiracy Theory (1997),43,2.941860465116279,3.0,1.0070062834702775,3.15776
5507,xXx (2002),24,2.7708333333333335,3.0,0.9462554124313136,3.1577098039215685
1037,"Lawnmower Man, The (1992)",24,2.7708333333333335,3.0,0.9239765358973618,3.1577098039215685
43904,When a Stranger Calls (2006),5,1.3,1.0,0.6,3.1576
8865,Sky Captain and the World of Tomorrow (2004),18,2.638888888888889,2.5,0.997295726167569,3.156515555555555
1917,Armageddon (1998),92,3.0543478260869565,3.0,1.0995466500056976,3.155825210084034
30793,Charlie and the Chocolate Factory (2005),61,3.0,3.0,0.8962581595302717,3.1539
3257,"Bodyguard, The (1992)",32,2.859375,3.0,0.8590908621182046,3.1532745762711865
2402,Rambo: First Blood Part II (1985),19,2.6578947368421053,3.0,1.0393904030595527,3.1531130434782613
3744,Shaft (2000),19,2.6578947368421053,3.0,1.0266531159542718,3.1531130434782613
3955,"Ladies Man, The (2000)",6,1.5833333333333333,1.0,0.6066758241067098,3.1528242424242428
5452,Look Who's Talking Now (1993),6,1.5833333333333333,1.0,0.9316949906249123,3.1528242424242428
3238,Eye of the Beholder (1999),6,1.5833333333333333,1.0,0.7312470322826768,3.1528242424242428
45732,My Super Ex-Girlfriend (2006),6,1.5833333333333333,1.0,1.0960788698304922,3.1528242424242428
3799,Pokémon the Movie 2000 (2000),6,1.5833333333333333,1.0,1.0573814617041266,3.1528242424242428
1614,In & Out (1997),26,2.7884615384615383,3.0,1.1365693735220928,3.1517584905660376
413,Airheads (1994),26,2.7884615384615383,3.0,0.9216736127939813,3.1517584905660376
419,"Beverly Hillbillies, The (1993)",20,2.675,3.0,1.1755317945508748,3.1498553191489362
8977,Alexander (2004),10,2.2,2.5,0.9273618495495705,3.149816216216216
4255,Freddy Got Fingered (2001),10,2.2,2.0,1.0770329614269007,3.149816216216216
234,Exit to Eden (1994),17,2.588235294117647,3.0,0.9112901991076277,3.1487090909090907
5094,Rollerball (2002),7,1.7857142857142858,2.0,0.6468132241526726,3.148329411764706
7701,Look Who's Talking Too (1990),7,1.7857142857142858,2.0,1.0301575072754257,3.148329411764706
2136,"Nutty Professor, The (1963)",14,2.4642857142857144,2.5,1.109444611929219,3.1473951219512193
4558,Twins (1988),14,2.4642857142857144,2.5,0.6113300988794174,3.1473951219512193
45666,Nacho Libre (2006),14,2.4642857142857144,2.5,0.9536449944870491,3.1473951219512193
2950,"Blue Lagoon, The (1980)",14,2.4642857142857144,2.0,0.9347323091644573,3.1473951219512193
3354,Mission to Mars (2000),21,2.6904761904761907,3.0,0.9816918156232524,3.1467333333333336
3774,House Party 2 (1991),4,0.75,0.5,0.25,3.1465548387096773
2827,"Astronaut's Wife, The (1999)",11,2.272727272727273,2.0,0.8356716504931926,3.1458736842105264
2002,Lethal Weapon 3 (1992),46,2.9347826086956523,3.0,0.9702571132357128,3.144427397260274
7161,Cheaper by the Dozen (2003),8,1.9375,2.0,0.8454843286542927,3.1440914285714285
2392,Jack Frost (1998),8,1.9375,2.0,0.6817945071647321,3.1440914285714285
4477,Big Top Pee-Wee (1988),8,1.9375,1.5,0.9822646028438569,3.1440914285714285
2468,Jumpin' Jack Flash (1986),15,2.5,2.0,0.7302967433402214,3.143885714285714
20,Money Train (1995),15,2.5,2.0,0.9486832980505138,3.143885714285714
4367,Lara Croft: Tomb Raider (2001),40,2.9,3.0,1.1022703842524302,3.142435820895522
1918,Lethal Weapon 4 (1998),33,2.8484848484848486,3.0,0.9651883823413931,3.142386666666667
49649,Eragon (2006),12,2.3333333333333335,2.5,0.9428090415820634,3.1421333333333332
849,Escape from L.A. (1996),44,2.9204545454545454,3.0,1.0277025448353998,3.1414535211267602
415,Another Stakeout (1993),16,2.53125,3.0,0.7388494010960556,3.140539534883721
95,Broken Arrow (1996),84,3.0238095238095237,3.0,1.008608075236911,3.1400288288288287
1690,Alien: Resurrection (1997),45,2.922222222222222,3.0,0.9885767297571211,3.1394888888888888
737,Barb Wire (1996),20,2.65,2.0,1.36106575888162,3.139217021276596
2410,Rocky III (1982),24,2.7291666666666665,3.0,0.9462554124313137,3.1381019607843132
37380,Doom (2005),10,2.15,2.0,1.1412712210513327,3.1363027027027024
4228,Heartbreakers (2001),10,2.15,2.0,0.8077747210701757,3.1363027027027024
2995,House on Haunted Hill (1999),14,2.4285714285714284,2.5,0.8835226340609271,3.1351999999999998
231,Dumb & Dumber (Dumb and Dumber) (1994),133,3.0601503759398496,3.0,1.117256296255436,3.1346450000000003
4639,America's Sweethearts (2001),18,2.5833333333333335,2.5,1.0034662148993578,3.134293333333333
434,Cliffhanger (1993),101,3.0346534653465347,3.0,0.8962447114957115,3.13315
6383,"2 Fast 2 Furious (Fast and the Furious 2, The) (2003)",19,2.6052631578947367,3.0,0.8042477257861119,3.131373913043478
5943,Maid in Manhattan (2002),19,2.6052631578947367,3.0,1.165049664272561,3.131373913043478
185,"Net, The (1995)",112,3.0401785714285716,3.0,1.0332386515076697,3.129807194244605
1707,Home Alone 3 (1997),8,1.875,1.0,1.0825317547305484,3.1298057142857143
719,Multiplicity (1996),35,2.842857142857143,3.0,0.9619283354018529,3.129729032258065
36401,"Brothers Grimm, The (2005)",20,2.625,3.0,0.9730750228014282,3.1285787234042557
7454,Van Helsing (2004),24,2.7083333333333335,3.0,0.7626252174051302,3.1282980392156863
4638,Jurassic Park III (2001),36,2.8472222222222223,3.0,0.9987453549081553,3.1276698412698414
4040,Don't Tell Mom the Babysitter's Dead (1991),13,2.3461538461538463,3.0,0.9880948137434715,3.1260800000000004
3981,Red Planet (2000),13,2.3461538461538463,2.0,0.9069097017347382,3.1260800000000004
8907,Shark Tale (2004),13,2.3461538461538463,2.5,0.9278721601396015,3.1260800000000004
2384,Babe: Pig in the City (1998),29,2.7758620689655173,3.0,1.2770264956649107,3.1257714285714284
2722,Deep Blue Sea (1999),29,2.7758620689655173,3.0,0.961197232052852,3.1257714285714284
2421,"Karate Kid, Part II, The (1986)",29,2.7758620689655173,3.0,0.9521862945851087,3.1257714285714284
485,Last Action Hero (1993),53,2.9339622641509435,3.0,0.956791690076083,3.12554
5459,Men in Black II (a.k.a. MIIB) (a.k.a. MIB 2) (2002),61,2.959016393442623,3.0,0.8062007741597903,3.1254909090909093
3785,Scary Movie (2000),50,2.92,3.0,1.159137610467368,3.1239376623376622
327,Tank Girl (1995),34,2.823529411764706,3.0,1.1040190811249095,3.1236590163934426
2296,"Night at the Roxbury, A (1998)",10,2.1,2.0,1.019803902718557,3.122789189189189
1389,Jaws 3-D (1983),6,1.4166666666666667,1.0,0.4487637339278753,3.122521212121212
256,Junior (1994),35,2.8285714285714287,3.0,1.0277774713488546,3.1216645161290324
880,"Island of Dr. Moreau, The (1996)",27,2.740740740740741,3.0,0.9753477097973106,3.12117037037037
42011,Fun with Dick and Jane (2005),11,2.1818181818181817,2.5,0.683331653562405,3.1195578947368423
1431,Beverly Hills Ninja (1997),16,2.46875,2.0,1.1655035124357198,3.1172837209302324
810,Kazaam (1996),12,2.25,1.5,1.3768926368215255,3.1164923076923072
8373,"Stepford Wives, The (2004)",12,2.25,2.5,0.75,3.1164923076923072
44972,Scary Movie 4 (2006),12,2.25,2.0,1.25,3.1164923076923072
51077,Ghost Rider (2007),12,2.25,2.0,0.7772815877574012,3.1164923076923072
6166,Dennis the Menace (1993),8,1.8125,1.5,0.8637671850678283,3.11552
72378,2012 (2009),21,2.619047619047619,3.0,1.100916954447323,3.115483333333333
76175,Clash of the Titans (2010),13,2.3076923076923075,2.5,0.9514859136040755,3.1135800000000002
1862,Species II (1998),9,1.9444444444444444,2.0,0.926296222251837,3.112311111111111
31221,Elektra (2005),10,2.05,2.0,0.9604686356149273,3.109275675675675
2369,Desperately Seeking Susan (1985),24,2.6666666666666665,3.0,0.7861650943380503,3.108690196078431
3243,Encino Man (1992),15,2.4,2.0,0.8406346808612327,3.1081714285714286
3825,Coyote Ugly (2000),29,2.7413793103448274,3.0,1.1418428061929964,3.1079142857142856
53464,Fantastic Four: Rise of the Silver Surfer (2007),20,2.575,2.5,0.6571719714047458,3.107302127659575
59615,Indiana Jones and the Kingdom of the Crystal Skull (2008),39,2.8333333333333335,3.0,1.0398060305636727,3.106715151515152
344,Ace Ventura: Pet Detective (1994),161,3.040372670807453,3.0,1.067555335932503,3.106612765957447
3688,Porky's (1982),11,2.1363636363636362,2.0,1.188790620965638,3.1064
1474,Jungle2Jungle (a.k.a. Jungle 2 Jungle) (1997),11,2.1363636363636362,2.0,0.8282212344676635,3.1064
4340,"Animal, The (2001)",11,2.1363636363636362,2.0,0.526174404672283,3.1064
33836,Bewitched (2005),13,2.269230769230769,2.5,0.6081303192631499,3.1010800000000005
2088,Popeye (1980),18,2.5,2.5,0.9279607271383369,3.1009599999999997
4732,Bubble Boy (2001),9,1.8888888888888888,2.0,0.5665577237325317,3.098422222222222
2389,Psycho (1998),9,1.8888888888888888,2.0,0.8089010988089465,3.098422222222222
502,"Next Karate Kid, The (1994)",15,2.3666666666666667,2.0,1.0077477638553982,3.0962666666666667
2724,Runaway Bride (1999),42,2.8333333333333335,3.0,1.0389249632986395,3.094828985507246
46335,"Fast and the Furious: Tokyo Drift, The (Fast and the Furious 3, The) (2006)",11,2.090909090909091,2.0,0.668042657122685,3.093242105263158
586,Home Alone (1990),116,2.9956896551724137,3.0,0.9880660526380526,3.0912111888111884
2411,Rocky IV (1985),29,2.706896551724138,3.0,1.118166921868342,3.090057142857143
1438,Dante's Peak (1997),24,2.625,3.0,0.9709316831442536,3.089082352941176
204,Under Siege 2: Dark Territory (1995),30,2.716666666666667,3.0,1.1081766806586193,3.088477192982456
2986,RoboCop 2 (1990),25,2.64,3.0,1.162067123706716,3.087369230769231
4388,Scary Movie 2 (2001),26,2.6538461538461537,2.5,1.1331476817427875,3.0857207547169807
2082,"Mighty Ducks, The (1992)",26,2.6538461538461537,3.0,0.9174508032212739,3.0857207547169807
5401,Undercover Brother (2002),9,1.8333333333333333,2.0,0.7817359599705717,3.0845333333333333
2027,Jane Austen's Mafia! (1998),9,1.8333333333333333,2.0,0.7453559924999298,3.0845333333333333
1091,Weekend at Bernie's (1989),21,2.5476190476190474,3.0,1.045452304766674,3.084233333333333
34150,Fantastic Four (2005),36,2.763888888888889,3.0,0.837374460832381,3.0800507936507935
8387,Police Academy: Mission to Moscow (1994),5,0.8,0.5,0.4,3.079475
160,Congo (1995),57,2.8771929824561404,3.0,1.0186019906663006,3.0778952380952385
1591,Spawn (1997),26,2.6346153846153846,2.5,1.0968284024307076,3.07628679245283
4254,Crocodile Dundee in Los Angeles (2001),13,2.1923076923076925,2.0,1.1854642313401877,3.07608
4015,"Dude, Where's My Car? (2000)",33,2.727272727272727,2.0,1.2128785512842122,3.07572
3273,Scream 3 (2000),29,2.6724137931034484,3.0,1.1542713933321413,3.0722
136864,Batman v Superman: Dawn of Justice (2016),16,2.34375,2.0,0.9797759629119301,3.0707720930232556
186,Nine Months (1995),48,2.8229166666666665,3.0,1.0630615346201222,3.0672426666666666
34520,"Dukes of Hazzard, The (2005)",12,2.0833333333333335,2.0,0.5713045500334204,3.065210256410256
585,"Brady Bunch Movie, The (1995)",36,2.736111111111111,3.0,0.916561441772023,3.0641777777777777
466,Hot Shots! Part Deux (1993),60,2.8666666666666667,3.0,1.06013625958595,3.063714942528736
379,Timecop (1994),21,2.5,2.5,0.9258200997725514,3.0633999999999997
1373,Star Trek V: The Final Frontier (1989),30,2.6666666666666665,3.0,1.0749676997731399,3.062161403508772
4621,Look Who's Talking (1989),18,2.388888888888889,2.0,1.1493422703098444,3.0565155555555554
12,Dracula: Dead and Loving It (1995),19,2.4210526315789473,3.0,1.2168029496523045,3.0552869565217393
6482,Dumb and Dumberer: When Harry Met Lloyd (2003),11,1.9545454545454546,2.0,1.2694763676153582,3.0537684210526317
2719,"Haunting, The (1999)",13,2.1153846153846154,2.0,0.8122581569978029,3.0510800000000002
3882,Bring It On (2000),34,2.6911764705882355,2.5,1.0290965904071119,3.049888524590164
3821,Nutty Professor II: The Klumps (2000),16,2.28125,2.0,0.9677414104501263,3.047516279069767
3146,Deuce Bigalow: Male Gigolo (1999),17,2.323529411764706,2.5,1.1874487787168442,3.0464363636363636
2699,Arachnophobia (1990),53,2.811320754716981,3.0,0.9428300187659614,3.04429
69526,Transformers: Revenge of the Fallen (2009),20,2.425,2.5,0.9781998773256925,3.043472340425532
1409,Michael (1996),23,2.5,2.5,1.0733936430981312,3.040864
5481,Austin Powers in Goldmember (2002),65,2.8461538461538463,3.0,1.0448521313235482,3.038513043478261
784,"Cable Guy, The (1996)",54,2.8055555555555554,3.0,1.164349550840816,3.03757037037037
2428,"Faculty, The (1998)",23,2.4782608695652173,2.5,0.9264032935940224,3.0308640000000002
3979,Little Nicky (2000),24,2.5,2.5,0.9013878188659973,3.0302588235294117
6541,"League of Extraordinary Gentlemen, The (a.k.a. LXG) (2003)",32,2.625,3.0,0.9921567416492213,3.0261559322033897
208,Waterworld (1995),115,2.9130434782608696,3.0,0.9515682012277953,3.0249521126760563
181,Mighty Morphin Power Rangers: The Movie (1995),17,2.264705882352941,2.5,1.1261288070045086,3.0237090909090907
2253,Toys (1992),20,2.375,2.5,0.9065732182234373,3.022195744680851
519,RoboCop 3 (1993),21,2.4047619047619047,2.0,1.0869249724298409,3.021733333333333
2471,Crocodile Dundee II (1988),24,2.4791666666666665,2.5,1.2539866980510155,3.0204549019607843
1911,Dr. Dolittle (1998),32,2.609375,3.0,0.8453399371702487,3.0176813559322033
158,Casper (1995),62,2.806451612903226,3.0,1.1048092767447553,3.0173393258426966
2404,Rambo III (1988),12,1.9166666666666667,2.0,0.6400954789890507,3.013928205128205
4643,Planet of the Apes (2001),49,2.7448979591836733,3.0,1.0696291984798907,3.013726315789474
3440,Teenage Mutant Ninja Turtles III (1993),14,2.0714285714285716,2.5,1.0497813183356477,3.013248780487805
153,Batman Forever (1995),137,2.9160583941605838,3.0,0.9012751369601465,3.0124585365853656
4247,Joe Dirt (2001),21,2.380952380952381,2.5,0.8851252521638624,3.0113166666666666
63992,Twilight (2008),22,2.409090909090909,2.0,1.2120265114521258,3.011085714285714
2710,"Blair Witch Project, The (1999)",64,2.796875,3.0,1.3627830841241757,3.0059692307692307
2799,Problem Child 2 (1991),8,1.3125,1.0,0.7880950133074056,3.0012342857142857
6793,Beethoven (1992),11,1.7727272727272727,1.5,1.094690416253845,3.001136842105263
3268,Stop! Or My Mom Will Shoot (1992),11,1.7727272727272727,1.5,0.8356716504931926,3.001136842105263
1515,Volcano (1997),15,2.1,2.0,0.6110100926607785,3.0010285714285714
2450,Howard the Duck (1986),16,2.15625,2.0,1.2082884330738253,3.001004651162791
2808,Universal Soldier (1992),17,2.2058823529411766,2.5,1.1383530870802132,3.0009818181818178
743,Spy Hard (1996),29,2.5172413793103448,3.0,0.9048028802346155,2.9918428571428572
3646,Big Momma's House (2000),17,2.176470588235294,2.0,1.028150487820502,2.9896181818181815
43928,Ultraviolet (2006),13,1.9230769230769231,2.0,0.9576845844606717,2.9885800000000002
3997,Dungeons & Dragons (2000),12,1.8333333333333333,2.0,0.8975274678557507,2.9882871794871795
312,Stuart Saves His Family (1995),9,1.4444444444444444,1.0,0.7243558228002943,2.987311111111111
6534,Hulk (2003),33,2.5606060606060606,3.0,1.028072451738629,2.9840533333333337
65,Bio-Dome (1996),31,2.532258064516129,3.0,1.0390402198971875,2.983503448275862
196,Species (1995),45,2.6666666666666665,3.0,0.9067647005823628,2.9797666666666665
6888,Scary Movie 3 (2003),20,2.275,2.0,1.2794041581923985,2.9796425531914896
673,Space Jam (1996),53,2.707547169811321,3.0,1.117755341070661,2.97554
2953,Home Alone 2: Lost in New York (1992),31,2.5161290322580645,3.0,1.3409425606984857,2.9748827586206894
5323,Jason X (2002),8,1.1875,1.0,0.8267972847076845,2.9726628571428573
3264,Buffy the Vampire Slayer (1992),26,2.423076923076923,2.5,0.9270746763995346,2.97251320754717
2054,"Honey, I Shrunk the Kids (1989)",68,2.7573529411764706,3.0,0.884892179618609,2.968875789473684
1544,"Lost World: Jurassic Park, The (1997)",67,2.753731343283582,3.0,0.9863740863746016,2.968544680851064
420,Beverly Hills Cop III (1994),59,2.7203389830508473,3.0,0.930969908126065,2.965618604651163
5313,The Scorpion King (2002),22,2.2954545454545454,2.5,1.1247130028780565,2.9600653061224484
8666,Catwoman (2004),9,1.3333333333333333,1.5,0.5773502691896257,2.9595333333333333
6157,Daredevil (2003),32,2.5,2.5,0.8477912478906585,2.958359322033898
172,Johnny Mnemonic (1995),53,2.6792452830188678,3.0,1.0599676909575952,2.95679
1831,Lost in Space (1998),29,2.4482758620689653,2.5,1.002968246361999,2.956128571428571
3248,Sister Act 2: Back in the Habit (1993),14,1.8928571428571428,2.0,0.8696996901347086,2.9522731707317074
2642,Superman III (1983),22,2.25,2.0,0.8627387680046503,2.9396571428571425
6503,Charlie's Angels: Full Throttle (2003),27,2.3703703703703702,2.5,1.1104936555974039,2.935985185185185
3977,Charlie's Angels (2000),72,2.7222222222222223,3.0,1.0202426484559421,2.934779797979798
432,City Slickers II: The Legend of Curly's Gold (1994),55,2.6454545454545455,3.0,1.0165571453450446,2.927356097560976
3564,"Flintstones in Viva Rock Vegas, The (2000)",12,1.625,2.0,0.6808389432653412,2.924184615384615
2338,I Still Know What You Did Last Summer (1998),18,2.0555555555555554,2.0,1.0657403385139377,2.9231822222222217
788,"Nutty Professor, The (1996)",82,2.731707317073171,3.0,1.166595844993551,2.9224146788990826
173,Judge Dredd (1995),62,2.6693548387096775,3.0,1.0197388517176313,2.9218337078651686
1760,Spice World (1997),10,1.35,1.0,0.8958236433584459,2.920086486486486
193,Showgirls (1995),35,2.4714285714285715,2.0,0.9995917534020514,2.920051612903226
3623,Mission: Impossible II (2000),77,2.7142857142857144,3.0,1.0426881200867038,2.9186846153846155
1021,Angels in the Outfield (1994),27,2.3333333333333335,2.0,1.009216784699164,2.917466666666667
1381,Grease 2 (1982),19,2.0789473684210527,2.5,0.9902572485382515,2.9139826086956524
2798,Problem Child (1990),12,1.5833333333333333,1.0,0.7592027982620249,2.9113641025641024
19,Ace Ventura: When Nature Calls (1995),88,2.727272727272727,3.0,1.0577342071109177,2.909071304347826
2422,"Karate Kid, Part III, The (1989)",14,1.75,2.0,0.6477984695434662,2.9034926829268293
2412,Rocky V (1990),17,1.9411764705882353,2.0,0.7252251768198796,2.8987090909090907
44,Mortal Kombat (1995),46,2.5434782608695654,2.5,1.072512729003827,2.8978520547945203
2720,Inspector Gadget (1999),21,2.0952380952380953,2.0,1.1403742871264806,2.8863166666666666
2053,"Honey, I Blew Up the Kid (1992)",20,2.05,2.0,0.8645808232895293,2.883897872340426
374,Richie Rich (1994),25,2.2,2.5,1.1916375287812984,2.8758307692307694
455,Free Willy (1993),37,2.391891891891892,3.0,1.0726018828640231,2.86005
762,Striptease (1996),41,2.4146341463414633,2.5,1.0701176082185515,2.8462235294117644
546,Super Mario Bros. (1993),21,2.0,2.0,0.9258200997725514,2.8446499999999997
2643,Superman IV: The Quest for Peace (1987),16,1.6875,2.0,0.6091746465505602,2.826586046511628
355,"Flintstones, The (1994)",42,2.357142857142857,2.0,0.9592017656420803,2.8049739130434785
3826,Hollow Man (2000),39,2.2948717948717947,2.0,1.004591693546653,2.7885333333333335
1644,I Know What You Did Last Summer (1997),32,2.109375,2.0,0.9741532781728962,2.746494915254237
435,Coneheads (1993),63,2.4206349206349205,2.5,1.0623661417317523,2.744924444444444
3593,Battlefield Earth (2000),19,1.6578947368421053,1.0,1.124518979959026,2.7400695652173916
1556,Speed 2: Cruise Control (1997),19,1.605263157894737,1.5,0.7535695296461239,2.718330434782609
1562,Batman & Robin (1997),42,2.2142857142857144,2.0,0.7249208260780158,2.7180173913043477
1499,Anaconda (1997),27,1.9259259259259258,2.0,1.077580483405641,2.7137629629629627
1882,Godzilla (1998),33,1.9545454545454546,2.0,0.8290523648669366,2.65072
2701,Wild Wild West (1999),53,2.207547169811321,2.0,0.9733910879184995,2.6442900000000003
